UTC time,Satellites,Speed (km/h),Heading (Degrees),Latitude,Longitude,BrakeTrigger,Dgps,Wav file,Dual Antenna Status,Height (m),Vertical velocity (km/h),Solution type,Avi sync time (s),Avi file index,Elapsed time (s),Distance (m),Lateral acceleration (g),Longitudinal acceleration (g),Relative height (m),Gradient (%),Radius of turn (m),sampleperiod (s),ADC2 (v),ADC1 (v),Revs (RPM),Combo_G ((null))
191555.680,16,5.29,323.7,24°52.908294 N,46°39.563622 E,0,1,0,0,689.78,0.00,2,11186.000,1,0.000,0.00,0.00,0.00,0.00,0,0.00,0.040,0,0,0,0.0558320805430412
191555.720,16,5.40,324.5,24°52.908324 N,46°39.563604 E,0,1,0,0,689.77,0.00,2,11219.000,1,0.040,0.06,-0.05,0.08,0.00,0,0.00,0.040,0,0,0,0.0672358572483063
191555.760,16,5.41,325.7,24°52.908348 N,46°39.563586 E,0,1,0,0,689.78,0.00,2,11286.000,1,0.080,0.12,-0.08,0.01,0.00,0,0.00,0.040,0,0,0,0.0419004112482071
191555.800,16,5.52,327.1,24°52.908378 N,46°39.563568 E,0,1,0,0,689.77,0.00,2,11319.000,1,0.120,0.18,-0.09,0.08,0.00,0,0.00,0.040,0,0,0,0.0663586407899857
191555.840,16,5.49,327.3,24°52.908408 N,46°39.563550 E,0,1,0,0,689.76,-0.04,2,11353.000,1,0.160,0.24,-0.02,-0.02,0.00,-0.655260283946123,0.00,0.040,0,0,0,0.0363355092704296
191555.880,16,5.50,326.4,24°52.908432 N,46°39.563526 E,0,1,0,0,689.76,0.00,2,11386.000,1,0.200,0.30,0.06,0.00,0.00,0,0.00,0.040,0,0,0,0.0162397008389235
191555.920,16,5.66,324.8,24°52.908462 N,46°39.563502 E,0,1,0,0,689.75,0.00,2,11419.000,1,0.240,0.36,0.11,0.11,0.00,0,0.00,0.040,0,0,0,0.0629172101616859
191555.960,16,5.85,324.7,24°52.908492 N,46°39.563484 E,0,1,0,0,689.74,-0.04,2,11486.000,1,0.280,0.43,0.01,0.13,0.00,-0.615805679096818,0.00,0.040,0,0,0,0.0990564525127411
191556.000,16,6.04,324.8,24°52.908522 N,46°39.563460 E,0,1,0,0,689.74,-0.04,2,11519.000,1,0.320,0.49,-0.01,0.14,0.00,-0.595927826518788,9.16,0.040,0,0,0,0.118307203054428
191556.040,16,6.13,325.0,24°52.908552 N,46°39.563436 E,0,1,0,0,689.73,-0.04,2,11553.000,1,0.360,0.56,-0.02,0.06,0.00,-0.587563244654807,10.06,0.040,0,0,0,0.0896357670426369
191556.080,16,6.22,325.5,24°52.908582 N,46°39.563418 E,0,1,0,0,689.72,-0.04,2,11586.000,1,0.400,0.63,-0.04,0.06,0.00,-0.579057423194467,10.73,0.040,0,0,0,0.0768375396728516
191556.120,16,6.31,326.2,24°52.908618 N,46°39.563394 E,0,1,0,0,689.71,-0.04,2,11619.000,1,0.440,0.70,-0.06,0.07,0.00,-0.570432578038346,10.93,0.040,0,0,0,0.0731457769870758
191556.160,16,6.38,326.2,24°52.908648 N,46°39.563370 E,0,1,0,0,689.72,-0.04,2,11686.000,1,0.480,0.77,0.01,0.05,0.00,-0.564617314930991,12.99,0.040,0,0,0,0.059755951166153
191556.200,16,6.41,326.2,24°52.908684 N,46°39.563346 E,0,1,0,0,689.71,-0.04,2,11719.000,1,0.520,0.84,0.00,0.02,0.00,-0.561797752808989,15.43,0.040,0,0,0,0.041903130710125
191556.240,16,6.54,327.2,24°52.908714 N,46°39.563322 E,0,1,0,0,689.71,-0.04,2,11753.000,1,0.560,0.91,-0.08,0.09,0.00,-0.550374560464761,14.70,0.040,0,0,0,0.0718302801251411
191556.280,16,6.69,327.6,24°52.908750 N,46°39.563298 E,0,1,0,0,689.71,-0.07,2,11786.000,1,0.600,0.99,-0.03,0.10,0.00,-1.07639407983256,16.50,0.040,0,0,0,0.0898046568036079
191556.320,16,6.91,327.2,24°52.908786 N,46°39.563268 E,0,1,0,0,689.71,-0.04,2,11819.000,1,0.640,1.06,0.04,0.15,0.00,-0.521361332367849,24.55,0.040,0,0,0,0.12022589892149
191556.360,16,7.00,326.5,24°52.908822 N,46°39.563244 E,0,1,0,0,689.72,-0.04,2,11886.000,1,0.680,1.14,0.05,0.07,0.00,-0.51413881748072,78.30,0.040,0,0,0,0.0941669270396233
191556.400,16,6.93,326.7,24°52.908858 N,46°39.563220 E,0,1,0,0,689.71,-0.07,2,11919.000,1,0.720,1.22,-0.01,-0.05,0.00,-1.03836169599077,171.99,0.040,0,0,0,0.022973170503974
191556.440,16,6.96,326.3,24°52.908894 N,46°39.563190 E,0,1,0,0,689.70,-0.07,2,11953.000,1,0.760,1.29,0.03,0.01,-0.01,-1.0352264557872,66.35,0.040,0,0,0,0.0196132902055979
191556.480,16,7.18,326.4,24°52.908930 N,46°39.563160 E,0,1,0,0,689.70,-0.07,2,11986.000,1,0.800,1.37,-0.01,0.16,-0.01,-1.00306492059069,1000.00,0.040,0,0,0,0.0886010378599167
191556.520,16,7.33,327.2,24°52.908966 N,46°39.563136 E,0,1,0,0,689.70,-0.07,2,12019.000,1,0.840,1.45,-0.07,0.11,-0.01,-0.981862811945997,29.09,0.040,0,0,0,0.0999261513352394
191556.560,16,7.54,327.6,24°52.909008 N,46°39.563112 E,0,1,0,0,689.71,-0.07,2,12086.000,1,0.880,1.54,-0.04,0.14,-0.01,-0.955540809555408,24.30,0.040,0,0,0,0.122362703084946
191556.600,16,7.67,327.7,24°52.909050 N,46°39.563082 E,0,1,0,0,689.71,-0.07,2,12119.000,1,0.920,1.62,-0.01,0.10,-0.01,-0.938477580813347,24.76,0.040,0,0,0,0.110094897449017
191556.640,16,7.69,327.8,24°52.909086 N,46°39.563052 E,0,1,0,0,689.70,-0.07,2,12153.000,1,0.960,1.71,-0.01,0.01,-0.01,-0.935915767580918,26.43,0.040,0,0,0,0.0637960508465767
191556.680,16,7.61,327.8,24°52.909122 N,46°39.563028 E,0,1,0,0,689.71,-0.07,2,12186.000,1,1.000,1.79,0.00,-0.06,-0.01,-0.946496647824372,32.14,0.040,0,0,0,0.0108340103179216
191556.720,16,7.76,327.6,24°52.909164 N,46°39.562998 E,0,1,0,0,689.71,-0.07,2,12219.000,1,1.040,1.88,0.02,0.11,-0.01,-0.927595980417418,55.86,0.040,0,0,0,0.0552494004368782
191556.760,16,8.05,328.3,24°52.909206 N,46°39.562968 E,0,1,0,0,689.71,-0.07,2,12286.000,1,1.080,1.96,-0.07,0.20,-0.01,-0.894854586129754,36.00,0.040,0,0,0,0.129536792635918
191556.800,16,8.24,328.9,24°52.909254 N,46°39.562944 E,0,1,0,0,689.70,-0.07,2,12319.000,1,1.120,2.05,-0.06,0.14,-0.01,-0.874104649751123,28.83,0.040,0,0,0,0.134497702121735
191556.840,16,8.42,329.0,24°52.909296 N,46°39.562914 E,0,1,0,0,689.70,-0.07,2,12353.000,1,1.160,2.15,-0.01,0.13,-0.01,-0.854700854700855,46.07,0.040,0,0,0,0.134120002388954
191556.880,16,8.36,328.8,24°52.909338 N,46°39.562884 E,0,1,0,0,689.69,-0.07,2,12386.000,1,1.200,2.24,0.02,-0.05,-0.01,-0.861347051082665,67.59,0.040,0,0,0,0.0455145910382271
191556.920,16,8.39,328.7,24°52.909380 N,46°39.562860 E,0,1,0,0,689.68,-0.11,2,12419.000,1,1.240,2.33,0.01,0.02,-0.01,-1.28693994280267,52.28,0.040,0,0,0,0.0345048308372498
191556.960,16,8.58,328.7,24°52.909428 N,46°39.562830 E,0,1,0,0,689.67,-0.11,2,12486.000,1,1.280,2.43,-0.01,0.13,-0.02,-1.2584479142391,36.92,0.040,0,0,0,0.0845595523715019
191557.000,16,8.69,328.5,24°52.909470 N,46°39.562800 E,0,1,0,0,689.66,-0.11,2,12519.000,1,1.320,2.52,0.02,0.08,-0.02,-1.24223602484472,44.73,0.040,0,0,0,0.0815939009189606
191557.040,16,8.74,328.7,24°52.909518 N,46°39.562770 E,0,1,0,0,689.66,-0.11,2,12553.000,1,1.360,2.62,-0.02,0.04,-0.02,-1.23513266239707,34.43,0.040,0,0,0,0.0589792504906654
191557.080,16,8.74,328.3,24°52.909560 N,46°39.562740 E,0,1,0,0,689.65,-0.11,2,12586.000,1,1.400,2.72,0.04,0.00,-0.02,-1.23513266239707,42.36,0.040,0,0,0,0.0294754803180695
191557.120,16,8.87,328.1,24°52.909608 N,46°39.562710 E,0,1,0,0,689.65,-0.11,2,12619.000,1,1.440,2.82,0.03,0.09,-0.02,-1.21758737316798,94.53,0.040,0,0,0,0.0598268993198872
191557.160,16,9.25,327.7,24°52.909656 N,46°39.562674 E,0,1,0,0,689.65,-0.11,2,12686.000,1,1.480,2.92,0.04,0.27,-0.02,-1.16731517509728,1000.00,0.040,0,0,0,0.165404304862022
191557.200,16,9.28,327.5,24°52.909704 N,46°39.562644 E,0,1,0,0,689.64,-0.11,2,12719.000,1,1.520,3.02,0.02,0.02,-0.02,-1.16416945133125,459.01,0.040,0,0,0,0.0928134471178055
191557.240,16,9.26,327.4,24°52.909752 N,46°39.562608 E,0,1,0,0,689.63,-0.11,2,12753.000,1,1.560,3.12,0.01,-0.01,-0.02,-1.16643266011448,229.65,0.040,0,0,0,0.0423188917338848
191557.280,16,9.31,327.4,24°52.909800 N,46°39.562578 E,0,1,0,0,689.64,-0.07,2,12786.000,1,1.600,3.23,0.01,0.03,-0.02,-0.773694390715667,225.55,0.040,0,0,0,0.0387744903564453
191557.320,16,9.29,327.3,24°52.909842 N,46°39.562548 E,0,1,0,0,689.64,-0.07,2,12819.000,1,1.640,3.33,0.01,-0.01,-0.03,-0.774860094705123,304.92,0.040,0,0,0,0.0186131205409765
191557.360,16,9.34,327.0,24°52.909890 N,46°39.562512 E,0,1,0,0,689.63,-0.07,2,12886.000,1,1.680,3.43,0.03,0.04,-0.03,-0.770712909441233,71.31,0.040,0,0,0,0.0290747992694378
191557.400,16,9.60,327.2,24°52.909944 N,46°39.562476 E,0,1,0,0,689.62,-0.11,2,12919.000,1,1.720,3.54,-0.02,0.18,-0.03,-1.1252344238383,53.07,0.040,0,0,0,0.103085897862911
191557.440,16,9.57,327.7,24°52.909992 N,46°39.562446 E,0,1,0,0,689.61,-0.11,2,12953.000,1,1.760,3.64,-0.06,-0.02,-0.03,-1.12829084830756,70.64,0.040,0,0,0,0.0426201000809669
191557.480,16,9.68,328.3,24°52.910040 N,46°39.562416 E,0,1,0,0,689.61,-0.11,2,12986.000,1,1.800,3.75,-0.08,0.08,-0.03,-1.11570247933884,197.94,0.040,0,0,0,0.0622894614934921
191557.520,16,9.66,328.7,24°52.910088 N,46°39.562380 E,0,1,0,0,689.60,-0.11,2,13019.000,1,1.840,3.86,-0.04,-0.01,-0.03,-1.11812817061808,1000.00,0.040,0,0,0,0.0321432203054428
191557.560,16,9.73,328.6,24°52.910142 N,46°39.562350 E,0,1,0,0,689.59,-0.11,2,13086.000,1,1.880,3.97,0.00,0.05,-0.03,-1.11031150406086,860.06,0.040,0,0,0,0.0396267287433147
191557.600,16,9.84,328.3,24°52.910190 N,46°39.562314 E,0,1,0,0,689.58,-0.11,2,13119.000,1,1.920,4.07,0.04,0.08,-0.03,-1.0976725276959,489.35,0.040,0,0,0,0.0575995817780495
191557.640,16,10.01,328.4,24°52.910244 N,46°39.562278 E,0,1,0,0,689.58,-0.11,2,13153.000,1,1.960,4.19,0.00,0.12,-0.03,-1.078705553336,252.26,0.040,0,0,0,0.0899647027254105
191557.680,16,9.90,327.9,24°52.910292 N,46°39.562242 E,0,1,0,0,689.57,-0.11,2,13186.000,1,2.000,4.30,0.06,-0.08,-0.04,-1.09135004042037,195.65,0.040,0,0,0,0.00813363492488861
191557.720,16,9.86,327.0,24°52.910340 N,46°39.562206 E,0,1,0,0,689.57,-0.11,2,13219.000,1,2.040,4.41,0.10,-0.03,-0.04,-1.09566805316019,88.80,0.040,0,0,0,0.0286028496921062
191557.760,16,9.85,326.4,24°52.910388 N,46°39.562170 E,0,1,0,0,689.56,-0.14,2,13286.000,1,2.080,4.51,0.08,-0.01,-0.04,-1.46252285191956,68.88,0.040,0,0,0,0.0382295213639736
191557.800,16,9.90,326.6,24°52.910442 N,46°39.562140 E,0,1,0,0,689.55,-0.14,2,13319.000,1,2.120,4.62,-0.03,0.04,-0.04,-1.45513338722716,106.78,0.040,0,0,0,0.0264541693031788
191557.840,16,10.05,326.2,24°52.910490 N,46°39.562098 E,0,1,0,0,689.54,-0.14,2,13353.000,1,2.160,4.74,0.05,0.11,-0.04,-1.43312101910828,80.97,0.040,0,0,0,0.0664260908961296
191557.880,16,10.24,325.2,24°52.910538 N,46°39.562056 E,0,1,0,0,689.53,-0.14,2,13386.000,1,2.200,4.85,0.14,0.14,-0.04,-1.40597539543058,44.44,0.040,0,0,0,0.110719002783298
191557.920,16,10.35,323.8,24°52.910592 N,46°39.562014 E,0,1,0,0,689.53,-0.14,2,13419.000,1,2.240,4.96,0.18,0.07,-0.04,-1.39184225787744,28.32,0.040,0,0,0,0.114601098001003
191557.960,16,10.28,323.0,24°52.910640 N,46°39.561978 E,0,1,0,0,689.53,-0.11,2,13486.000,1,2.280,5.08,0.09,-0.05,-0.05,-1.05037930363742,24.56,0.040,0,0,0,0.0815350264310837
191558.000,16,10.31,323.0,24°52.910688 N,46°39.561936 E,0,1,0,0,689.52,-0.14,2,13519.000,1,2.320,5.19,0.01,0.02,-0.05,-1.39710876103619,23.35,0.040,0,0,0,0.0676770880818367
191558.040,16,10.24,322.0,24°52.910736 N,46°39.561894 E,0,1,0,0,689.51,-0.14,2,13553.000,1,2.360,5.31,0.12,-0.05,-0.05,-1.40652471185778,17.26,0.040,0,0,0,0.077688492834568
191558.080,16,10.35,321.6,24°52.910784 N,46°39.561852 E,0,1,0,0,689.49,-0.14,2,13586.000,1,2.400,5.42,0.05,0.08,-0.05,-1.39130434782609,14.72,0.040,0,0,0,0.0784771963953972
191558.120,16,10.44,321.6,24°52.910832 N,46°39.561810 E,0,1,0,0,689.48,-0.14,2,13619.000,1,2.440,5.54,0.00,0.06,-0.05,-1.37931034482759,14.06,0.040,0,0,0,0.0751386135816574
191558.160,16,10.71,320.8,24°52.910886 N,46°39.561762 E,0,1,0,0,689.47,-0.14,2,13686.000,1,2.480,5.65,0.10,0.19,-0.05,-1.34453781512605,13.12,0.040,0,0,0,0.136378303170204
191558.200,16,10.89,320.1,24°52.910934 N,46°39.561714 E,0,1,0,0,689.47,-0.14,2,13719.000,1,2.520,5.77,0.10,0.13,-0.05,-1.32182852946576,12.59,0.040,0,0,0,0.144637703895569
191558.240,16,11.01,318.9,24°52.910982 N,46°39.561666 E,0,1,0,0,689.46,-0.14,2,13753.000,1,2.560,5.89,0.15,0.08,-0.06,-1.30802071032791,11.17,0.040,0,0,0,0.136462405323982
191558.280,16,11.02,317.9,24°52.911030 N,46°39.561618 E,0,1,0,0,689.45,-0.18,2,13786.000,1,2.600,6.02,0.14,0.01,-0.06,-1.63339382940109,10.59,0.040,0,0,0,0.113581202924252
191558.320,16,10.90,316.8,24°52.911078 N,46°39.561564 E,0,1,0,0,689.45,-0.14,2,13819.000,1,2.640,6.14,0.15,-0.09,-0.06,-1.32146462329081,10.17,0.040,0,0,0,0.110742300748825
191558.360,16,10.90,315.5,24°52.911120 N,46°39.561516 E,0,1,0,0,689.44,-0.14,2,13886.000,1,2.680,6.26,0.18,0.00,-0.06,-1.32146462329081,9.57,0.040,0,0,0,0.12317880243063
191558.400,16,11.06,314.3,24°52.911168 N,46°39.561462 E,0,1,0,0,689.44,-0.14,2,13919.000,1,2.720,6.38,0.16,0.11,-0.06,-1.30210688127317,8.57,0.040,0,0,0,0.141040906310081
191558.440,16,11.12,313.5,24°52.911210 N,46°39.561408 E,0,1,0,0,689.43,-0.14,2,13953.000,1,2.760,6.51,0.11,0.04,-0.06,-1.29531348385356,8.33,0.040,0,0,0,0.135703399777412
191558.480,16,10.86,312.8,24°52.911252 N,46°39.561354 E,0,1,0,0,689.43,-0.14,2,13986.000,1,2.800,6.63,0.10,-0.18,-0.07,-1.32584476567535,8.37,0.040,0,0,0,0.138289704918861
191558.520,16,10.66,312.7,24°52.911300 N,46°39.561306 E,0,1,0,0,689.44,-0.11,2,14019.000,1,2.840,6.75,0.01,-0.14,-0.07,-1.01284816655725,9.19,0.040,0,0,0,0.143236696720123
191558.560,16,10.54,312.0,24°52.911336 N,46°39.561252 E,0,1,0,0,689.43,-0.11,2,14086.000,1,2.880,6.86,0.08,-0.08,-0.07,-1.02427921092564,9.16,0.040,0,0,0,0.134212493896484
191558.600,16,10.71,311.1,24°52.911378 N,46°39.561198 E,0,1,0,0,689.42,-0.11,2,14119.000,1,2.920,6.98,0.12,0.11,-0.07,-1.00878012329535,8.64,0.040,0,0,0,0.101248502731323
191558.640,16,11.08,310.2,24°52.911420 N,46°39.561138 E,0,1,0,0,689.42,-0.14,2,14153.000,1,2.960,7.10,0.13,0.26,-0.07,-1.29999097228491,8.93,0.040,0,0,0,0.173705697059631
191558.680,16,11.25,309.1,24°52.911462 N,46°39.561078 E,0,1,0,0,689.42,-0.11,2,14186.000,1,3.000,7.23,0.14,0.12,-0.07,-0.96,8.61,0.040,0,0,0,0.172991394996643
191558.720,16,11.23,308.3,24°52.911504 N,46°39.561024 E,0,1,0,0,689.42,-0.11,2,14219.000,1,3.040,7.35,0.11,-0.02,-0.07,-0.961881011756323,8.09,0.040,0,0,0,0.127674296498299
191558.760,16,11.36,307.7,24°52.911546 N,46°39.560964 E,0,1,0,0,689.42,-0.11,2,14286.000,1,3.080,7.48,0.09,0.09,-0.08,-0.950871632329635,8.26,0.040,0,0,0,0.131513595581055
191558.800,16,11.30,306.8,24°52.911582 N,46°39.560898 E,0,1,0,0,689.42,-0.07,2,14319.000,1,3.120,7.60,0.13,-0.04,-0.08,-0.636942675159236,8.10,0.040,0,0,0,0.114869803190231
191558.840,16,11.24,305.2,24°52.911618 N,46°39.560838 E,0,1,0,0,689.42,-0.07,2,14353.000,1,3.160,7.73,0.21,-0.05,-0.08,-0.640626390248243,7.82,0.040,0,0,0,0.13389989733696
191558.880,16,11.26,303.5,24°52.911654 N,46°39.560772 E,0,1,0,0,689.43,-0.07,2,14386.000,1,3.200,7.85,0.24,0.01,-0.08,-0.639602025406414,7.46,0.040,0,0,0,0.154280602931976
191558.920,16,11.25,301.7,24°52.911684 N,46°39.560706 E,0,1,0,0,689.42,-0.04,2,14419.000,1,3.240,7.98,0.25,-0.01,-0.08,-0.320113818246488,7.12,0.040,0,0,0,0.173368707299232
191558.960,16,11.25,299.5,24°52.911714 N,46°39.560640 E,0,1,0,0,689.41,-0.07,2,14486.000,1,3.280,8.10,0.31,0.00,-0.08,-0.640227636492975,6.70,0.040,0,0,0,0.200904101133347
191559.000,16,11.21,298.1,24°52.911744 N,46°39.560574 E,0,1,0,0,689.42,-0.07,2,14519.000,1,3.320,8.23,0.19,-0.02,-0.08,-0.642054574638844,6.60,0.040,0,0,0,0.199660897254944
191559.040,16,11.30,297.2,24°52.911774 N,46°39.560508 E,0,1,0,0,689.41,-0.07,2,14553.000,1,3.360,8.35,0.13,0.06,-0.08,-0.636942675159236,6.62,0.040,0,0,0,0.186227694153786
191559.080,16,11.38,296.3,24°52.911804 N,46°39.560442 E,0,1,0,0,689.42,-0.04,2,14586.000,1,3.400,8.48,0.12,0.05,-0.08,-0.316455696202532,6.60,0.040,0,0,0,0.176713496446609
191559.120,16,11.40,295.1,24°52.911834 N,46°39.560376 E,0,1,0,0,689.43,0.00,2,14619.000,1,3.440,8.61,0.17,0.02,-0.08,0,6.18,0.040,0,0,0,0.174639999866486
191559.160,16,11.53,292.8,24°52.911852 N,46°39.560298 E,0,1,0,0,689.42,-0.04,2,14686.000,1,3.480,8.73,0.32,0.10,-0.08,-0.312120686665511,5.73,0.040,0,0,0,0.211852297186852
191559.200,16,11.55,290.4,24°52.911876 N,46°39.560226 E,0,1,0,0,689.41,-0.04,2,14719.000,1,3.520,8.86,0.35,0.01,-0.08,-0.311634349030471,5.31,0.040,0,0,0,0.234862700104713
191559.240,16,11.43,288.8,24°52.911894 N,46°39.560154 E,0,1,0,0,689.41,-0.04,2,14753.000,1,3.560,8.99,0.22,-0.08,-0.08,-0.314850446038132,5.11,0.040,0,0,0,0.231655806303024
191559.280,16,11.48,287.4,24°52.911912 N,46°39.560082 E,0,1,0,0,689.42,0.00,2,14786.000,1,3.600,9.12,0.20,0.03,-0.09,0,5.04,0.040,0,0,0,0.224483400583267
191559.320,16,11.45,286.6,24°52.911930 N,46°39.560010 E,0,1,0,0,689.43,0.00,2,14819.000,1,3.640,9.24,0.11,-0.02,-0.09,0,5.03,0.040,0,0,0,0.201748892664909
191559.360,16,11.56,285.2,24°52.911948 N,46°39.559938 E,0,1,0,0,689.42,0.04,2,14886.000,1,3.680,9.37,0.19,0.08,-0.09,0.311526479750779,4.91,0.040,0,0,0,0.20249630510807
191559.400,16,11.62,284.0,24°52.911960 N,46°39.559860 E,0,1,0,0,689.42,0.04,2,14919.000,1,3.720,9.50,0.17,0.05,-0.09,0.30970406056435,4.88,0.040,0,0,0,0.198956295847893
191559.440,16,11.80,281.8,24°52.911972 N,46°39.559782 E,0,1,0,0,689.42,0.04,2,14953.000,1,3.760,9.63,0.32,0.12,-0.09,0.305162329405781,4.81,0.040,0,0,0,0.235297307372093
191559.480,16,11.98,280.0,24°52.911978 N,46°39.559698 E,0,1,0,0,689.42,0.04,2,14986.000,1,3.800,9.76,0.27,0.13,-0.08,0.300400534045394,4.86,0.040,0,0,0,0.254151493310928
191559.520,16,12.07,278.7,24°52.911990 N,46°39.559620 E,0,1,0,0,689.42,0.07,2,15019.000,1,3.840,9.90,0.20,0.06,-0.08,0.596470880622981,5.00,0.040,0,0,0,0.239134207367897
191559.560,16,12.08,278.3,24°52.911996 N,46°39.559542 E,0,1,0,0,689.42,0.07,2,15086.000,1,3.880,10.03,0.06,0.01,-0.08,0.595927826518788,5.44,0.040,0,0,0,0.195981398224831
191559.600,16,12.01,278.1,24°52.912008 N,46°39.559464 E,0,1,0,0,689.43,0.11,2,15119.000,1,3.920,10.17,0.03,-0.05,-0.08,0.899026055106967,5.73,0.040,0,0,0,0.158148899674416
191559.640,16,11.98,276.9,24°52.912014 N,46°39.559386 E,0,1,0,0,689.43,0.11,2,15153.000,1,3.960,10.30,0.18,-0.02,-0.08,0.901201602136182,5.64,0.040,0,0,0,0.16231569647789
191559.680,16,12.16,275.0,24°52.912014 N,46°39.559308 E,0,1,0,0,689.43,0.11,2,15186.000,1,4.000,10.43,0.28,0.12,-0.08,0.888377066710537,5.46,0.040,0,0,0,0.193359807133675
191559.720,16,12.28,273.3,24°52.912014 N,46°39.559224 E,0,1,0,0,689.42,0.11,2,15219.000,1,4.040,10.57,0.26,0.09,-0.08,0.879478827361563,5.38,0.040,0,0,0,0.213335603475571
191559.760,16,12.26,271.6,24°52.912014 N,46°39.559146 E,0,1,0,0,689.42,0.11,2,15286.000,1,4.080,10.70,0.26,-0.01,-0.08,0.880769858098189,5.52,0.040,0,0,0,0.214240804314613
191559.800,16,12.31,269.7,24°52.912008 N,46°39.559062 E,0,1,0,0,689.43,0.14,2,15319.000,1,4.120,10.84,0.29,0.03,-0.08,1.17025599349858,5.68,0.040,0,0,0,0.230187505483627
191559.840,16,12.06,268.0,24°52.912002 N,46°39.558984 E,0,1,0,0,689.44,0.14,2,15353.000,1,4.160,10.98,0.25,-0.18,-0.08,1.19442601194426,5.54,0.040,0,0,0,0.244001403450966
191559.880,16,11.99,266.2,24°52.911990 N,46°39.558906 E,0,1,0,0,689.45,0.18,2,15386.000,1,4.200,11.11,0.26,-0.05,-0.08,1.50100066711141,5.42,0.040,0,0,0,0.245308801531792
191559.920,16,11.80,264.3,24°52.911984 N,46°39.558834 E,0,1,0,0,689.45,0.18,2,15419.000,1,4.240,11.24,0.28,-0.13,-0.07,1.52490681125042,5.07,0.040,0,0,0,0.263906508684158
191559.960,16,11.78,262.9,24°52.911966 N,46°39.558756 E,0,1,0,0,689.43,0.14,2,15486.000,1,4.280,11.37,0.22,-0.01,-0.07,1.22209963506747,5.03,0.040,0,0,0,0.246277898550034
191600.000,16,11.77,261.4,24°52.911954 N,46°39.558684 E,0,1,0,0,689.42,0.14,2,15519.000,1,4.320,11.50,0.21,-0.01,-0.07,1.22396940076498,4.97,0.040,0,0,0,0.236566096544266
191600.040,16,11.72,259.9,24°52.911942 N,46°39.558606 E,0,1,0,0,689.42,0.14,2,15553.000,1,4.360,11.63,0.21,-0.03,-0.07,1.22887864823349,5.12,0.040,0,0,0,0.232088297605515
191600.080,16,11.73,259.0,24°52.911924 N,46°39.558534 E,0,0,0,0,689.43,0.14,1,15586.000,1,4.400,11.76,0.13,0.00,-0.07,1.22814498933902,5.34,0.040,0,0,0,0.21116079390049
191600.120,16,11.70,257.7,24°52.911906 N,46°39.558462 E,0,0,0,0,689.43,0.18,1,15619.000,1,4.440,11.89,0.19,-0.02,-0.07,1.5389876880985,5.32,0.040,0,0,0,0.208057105541229
191600.160,16,11.71,256.2,24°52.911888 N,46°39.558384 E,0,0,0,0,689.43,0.18,1,15686.000,1,4.480,12.02,0.21,0.01,-0.06,1.5375416417528,5.07,0.040,0,0,0,0.20793029665947
191600.200,16,11.50,254.4,24°52.911864 N,46°39.558318 E,0,0,0,0,689.44,0.18,1,15719.000,1,4.520,12.15,0.26,-0.15,-0.06,1.56494522691706,4.63,0.040,0,0,0,0.231729000806808
191600.240,16,11.51,252.4,24°52.911834 N,46°39.558252 E,0,0,0,0,689.45,0.22,1,15753.000,1,4.560,12.28,0.28,0.00,-0.06,1.87679207576679,4.49,0.040,0,0,0,0.233862400054932
191600.280,16,11.61,251.3,24°52.911810 N,46°39.558180 E,0,0,0,0,689.45,0.22,1,15786.000,1,4.600,12.41,0.16,0.07,-0.06,1.86046511627907,4.66,0.040,0,0,0,0.218120604753494
191600.320,16,11.48,250.4,24°52.911786 N,46°39.558108 E,0,0,0,0,689.45,0.22,1,15819.000,1,4.640,12.54,0.12,-0.09,-0.06,1.88202491940403,4.79,0.040,0,0,0,0.201572403311729
191600.360,16,11.55,249.1,24°52.911756 N,46°39.558042 E,0,0,0,0,689.44,0.18,1,15886.000,1,4.680,12.67,0.19,0.05,-0.05,1.55911650064963,4.90,0.040,0,0,0,0.196166902780533
191600.400,16,11.54,247.3,24°52.911726 N,46°39.557976 E,0,1,0,0,689.44,0.18,2,15919.000,1,4.720,12.79,0.25,0.00,-0.05,1.5600624024961,4.93,0.040,0,0,0,0.206903293728828
191600.440,16,11.58,245.3,24°52.911690 N,46°39.557910 E,0,1,0,0,689.44,0.18,2,15953.000,1,4.760,12.92,0.30,0.03,-0.05,1.55467265503541,4.87,0.040,0,0,0,0.225294396281242
191600.480,16,11.56,243.1,24°52.911654 N,46°39.557844 E,0,1,0,0,689.45,0.22,2,15986.000,1,4.800,13.05,0.30,-0.01,-0.05,1.86851211072664,4.78,0.040,0,0,0,0.240634202957153
191600.520,16,11.48,241.8,24°52.911618 N,46°39.557778 E,0,1,0,0,689.46,0.22,2,16019.000,1,4.840,13.18,0.19,-0.05,-0.04,1.88087774294671,4.86,0.040,0,0,0,0.232163205742836
191600.560,16,11.43,240.6,24°52.911582 N,46°39.557712 E,0,1,0,0,689.47,0.22,2,16086.000,1,4.880,13.31,0.16,-0.04,-0.04,1.88910267622879,4.92,0.040,0,0,0,0.219452396035194
191600.600,16,11.47,239.1,24°52.911540 N,46°39.557652 E,0,1,0,0,689.46,0.22,2,16119.000,1,4.920,13.43,0.22,0.02,-0.04,1.88383045525903,4.90,0.040,0,0,0,0.218231096863747
191600.640,16,11.52,237.8,24°52.911504 N,46°39.557592 E,0,1,0,0,689.46,0.22,2,16153.000,1,4.960,13.56,0.18,0.04,-0.04,1.87565126780132,4.97,0.040,0,0,0,0.210380002856255
191600.680,16,11.52,236.6,24°52.911462 N,46°39.557526 E,0,1,0,0,689.45,0.22,2,16186.000,1,5.000,13.69,0.17,0.00,-0.04,1.875,4.91,0.040,0,0,0,0.202627792954445
191600.720,16,11.38,235.2,24°52.911420 N,46°39.557472 E,0,1,0,0,689.44,0.18,2,16219.000,1,5.040,13.82,0.21,-0.10,-0.03,1.5817223198594,4.83,0.040,0,0,0,0.208214104175568
191600.760,16,11.23,233.9,24°52.911378 N,46°39.557412 E,0,1,0,0,689.44,0.18,2,16286.000,1,5.080,13.94,0.17,-0.11,-0.03,1.60313501959387,4.81,0.040,0,0,0,0.210792005062103
191600.800,16,11.34,232.6,24°52.911330 N,46°39.557358 E,0,1,0,0,689.45,0.22,2,16319.000,1,5.120,14.07,0.18,0.08,-0.03,1.9047619047619,4.98,0.040,0,0,0,0.193849697709084
191600.840,16,11.32,231.1,24°52.911288 N,46°39.557304 E,0,0,0,0,689.45,0.22,1,16353.000,1,5.160,14.19,0.21,-0.02,-0.03,1.9084643930023,5.07,0.040,0,0,0,0.198094502091408
191600.880,16,11.35,229.0,24°52.911234 N,46°39.557250 E,0,0,0,0,689.45,0.22,1,16386.000,1,5.200,14.32,0.29,0.02,-0.02,1.90358685115008,4.87,0.040,0,0,0,0.216529101133347
191600.920,16,11.30,227.0,24°52.911186 N,46°39.557202 E,0,0,0,0,689.45,0.22,1,16419.000,1,5.240,14.45,0.28,-0.03,-0.02,1.91150442477876,4.61,0.040,0,0,0,0.230104997754097
191600.960,16,11.25,225.3,24°52.911132 N,46°39.557154 E,0,0,0,0,689.43,0.18,1,16486.000,1,5.280,14.57,0.24,-0.04,-0.02,1.6,4.51,0.040,0,0,0,0.232302695512772
191601.000,16,11.15,223.7,24°52.911084 N,46°39.557106 E,0,0,0,0,689.42,0.18,1,16519.000,1,5.320,14.70,0.22,-0.07,-0.02,1.61492912255518,4.50,0.040,0,0,0,0.234241902828217
191601.040,16,10.99,222.9,24°52.911036 N,46°39.557064 E,0,0,0,0,689.42,0.18,1,16553.000,1,5.360,14.82,0.11,-0.11,-0.02,1.63829980886502,4.68,0.040,0,0,0,0.220862492918968
191601.080,16,10.95,222.8,24°52.910988 N,46°39.557016 E,0,0,0,0,689.42,0.18,1,16586.000,1,5.400,14.94,0.01,-0.03,-0.01,1.64368550817277,5.13,0.040,0,0,0,0.175471693277359
191601.120,16,11.02,222.3,24°52.910934 N,46°39.556968 E,0,0,0,0,689.43,0.22,1,16619.000,1,5.440,15.06,0.07,0.05,-0.01,1.96007259528131,5.39,0.040,0,0,0,0.147657096385956
191601.160,16,11.19,220.8,24°52.910880 N,46°39.556926 E,0,0,0,0,689.43,0.22,1,16686.000,1,5.480,15.19,0.20,0.12,-0.01,1.93046742336223,5.39,0.040,0,0,0,0.16813950240612
191601.200,16,11.17,219.2,24°52.910826 N,46°39.556884 E,0,0,0,0,689.42,0.22,1,16719.000,1,5.520,15.31,0.23,-0.01,-0.01,1.93357801450184,5.36,0.040,0,0,0,0.173401907086372
191601.240,16,11.17,217.6,24°52.910766 N,46°39.556842 E,0,0,0,0,689.42,0.22,1,16753.000,1,5.560,15.43,0.22,0.00,0.00,1.93357801450184,5.27,0.040,0,0,0,0.18148410320282
191601.280,16,11.32,216.0,24°52.910712 N,46°39.556800 E,0,0,0,0,689.42,0.22,1,16786.000,1,5.600,15.56,0.22,0.11,0.00,1.90779014308426,5.24,0.040,0,0,0,0.198718801140785
191601.320,16,11.45,214.6,24°52.910652 N,46°39.556758 E,0,1,0,0,689.41,0.18,2,16819.000,1,5.640,15.69,0.20,0.09,0.00,1.57232704402516,5.32,0.040,0,0,0,0.205302402377129
191601.360,16,11.31,213.1,24°52.910592 N,46°39.556722 E,0,1,0,0,689.40,0.18,2,16886.000,1,5.680,15.81,0.21,-0.10,0.00,1.59179342058719,5.18,0.040,0,0,0,0.196025192737579
191601.400,16,10.96,211.7,24°52.910532 N,46°39.556692 E,0,1,0,0,689.39,0.14,2,16919.000,1,5.720,15.94,0.19,-0.25,0.00,1.3136288998358,5.00,0.040,0,0,0,0.232719406485558
191601.440,16,10.98,210.1,24°52.910472 N,46°39.556656 E,0,1,0,0,689.39,0.14,2,16953.000,1,5.760,16.06,0.22,0.02,0.01,1.31099781500364,4.99,0.040,0,0,0,0.207415103912354
191601.480,16,11.07,208.3,24°52.910412 N,46°39.556626 E,0,0,0,0,689.41,0.18,1,16986.000,1,5.800,16.18,0.24,0.06,0.01,1.6266040122899,5.11,0.040,0,0,0,0.206848904490471
191601.520,16,11.04,206.7,24°52.910352 N,46°39.556596 E,0,1,0,0,689.41,0.22,2,17019.000,1,5.840,16.30,0.23,-0.02,0.01,1.95687624569668,5.18,0.040,0,0,0,0.211050093173981
191601.560,16,10.79,205.4,24°52.910292 N,46°39.556572 E,0,1,0,0,689.40,0.18,2,17086.000,1,5.880,16.42,0.16,-0.18,0.01,1.66882996476915,5.19,0.040,0,0,0,0.222358301281929
191601.600,16,10.95,204.0,24°52.910232 N,46°39.556548 E,0,1,0,0,689.39,0.18,2,17119.000,1,5.920,16.54,0.19,0.12,0.01,1.64368550817277,5.31,0.040,0,0,0,0.1999351978302
191601.640,16,10.99,202.6,24°52.910166 N,46°39.556524 E,0,1,0,0,689.39,0.18,2,17153.000,1,5.960,16.67,0.20,0.03,0.02,1.6372566854648,5.17,0.040,0,0,0,0.200318798422813
191601.680,16,10.97,200.7,24°52.910106 N,46°39.556500 E,0,1,0,0,689.39,0.18,2,17186.000,1,6.000,16.79,0.26,-0.02,0.02,1.64143716943279,4.74,0.040,0,0,0,0.210571497678757
191601.720,16,10.92,198.5,24°52.910040 N,46°39.556488 E,0,1,0,0,689.40,0.22,2,17219.000,1,6.040,16.91,0.29,-0.03,0.02,1.97820313215496,4.40,0.040,0,0,0,0.226377800107002
191601.760,16,10.91,196.8,24°52.909974 N,46°39.556470 E,0,1,0,0,689.40,0.22,2,17286.000,1,6.080,17.03,0.24,0.00,0.02,1.97947214076246,4.33,0.040,0,0,0,0.228329300880432
191601.800,16,10.89,195.8,24°52.909908 N,46°39.556452 E,0,1,0,0,689.40,0.22,2,17319.000,1,6.120,17.15,0.13,-0.02,0.03,1.98419988976667,4.46,0.040,0,0,0,0.208401992917061
191601.840,16,10.80,195.4,24°52.909848 N,46°39.556434 E,0,1,0,0,689.39,0.22,2,17353.000,1,6.160,17.27,0.06,-0.06,0.03,1.99925953350611,4.64,0.040,0,0,0,0.182610899209976
191601.880,16,10.88,194.0,24°52.909782 N,46°39.556422 E,0,1,0,0,689.39,0.22,2,17386.000,1,6.200,17.39,0.18,0.06,0.03,1.98474685288983,4.73,0.040,0,0,0,0.179686397314072
191601.920,16,10.93,191.9,24°52.909716 N,46°39.556410 E,0,1,0,0,689.39,0.18,2,17419.000,1,6.240,17.51,0.29,0.03,0.03,1.64684354986276,4.60,0.040,0,0,0,0.201868206262589
191601.960,16,10.90,189.8,24°52.909650 N,46°39.556404 E,0,1,0,0,689.38,0.18,2,17486.000,1,6.280,17.64,0.28,-0.02,0.03,1.65183077911352,4.48,0.040,0,0,0,0.216326907277107
191602.000,16,10.87,188.1,24°52.909584 N,46°39.556398 E,0,1,0,0,689.37,0.18,2,17519.000,1,6.320,17.76,0.23,-0.02,0.04,1.65562913907285,4.41,0.040,0,0,0,0.21902360022068
191602.040,16,10.89,186.7,24°52.909518 N,46°39.556398 E,0,1,0,0,689.37,0.18,2,17553.000,1,6.360,17.88,0.19,0.01,0.04,1.65349990813889,4.46,0.040,0,0,0,0.212971493601799
191602.080,16,10.79,185.6,24°52.909452 N,46°39.556392 E,0,1,0,0,689.37,0.18,2,17586.000,1,6.400,18.00,0.15,-0.07,0.04,1.66882996476915,4.54,0.040,0,0,0,0.202939003705978
191602.120,16,10.74,184.8,24°52.909386 N,46°39.556386 E,0,1,0,0,689.37,0.18,2,17619.000,1,6.440,18.12,0.11,-0.03,0.04,1.6761337182233,4.69,0.040,0,0,0,0.184627801179886
191602.160,16,10.76,183.4,24°52.909320 N,46°39.556386 E,0,1,0,0,689.36,0.14,2,17686.000,1,6.480,18.24,0.18,0.02,0.04,1.33779264214047,4.67,0.040,0,0,0,0.182079300284386
191602.200,16,10.72,182.2,24°52.909254 N,46°39.556386 E,0,1,0,0,689.36,0.14,2,17719.000,1,6.520,18.36,0.16,-0.03,0.05,1.34365960623309,4.70,0.040,0,0,0,0.177875801920891
191602.240,16,10.88,180.9,24°52.909188 N,46°39.556386 E,0,1,0,0,689.36,0.14,2,17753.000,1,6.560,18.48,0.18,0.11,0.05,1.32365107087048,4.80,0.040,0,0,0,0.182872295379639
191602.280,16,10.83,178.6,24°52.909122 N,46°39.556392 E,0,1,0,0,689.37,0.18,2,17786.000,1,6.600,18.60,0.31,-0.04,0.05,1.66220334287561,4.69,0.040,0,0,0,0.202863201498985
191602.320,16,10.92,176.8,24°52.909056 N,46°39.556398 E,0,1,0,0,689.38,0.18,2,17819.000,1,6.640,18.72,0.25,0.06,0.05,1.6491067338525,4.80,0.040,0,0,0,0.21416600048542
191602.360,16,10.98,176.0,24°52.908990 N,46°39.556404 E,0,1,0,0,689.38,0.18,2,17886.000,1,6.680,18.84,0.10,0.04,0.05,1.6399416909621,5.05,0.040,0,0,0,0.193770602345467
191602.400,16,10.99,175.1,24°52.908924 N,46°39.556416 E,0,1,0,0,689.38,0.18,2,17919.000,1,6.720,18.96,0.13,0.01,0.06,1.63829980886502,5.06,0.040,0,0,0,0.179237902164459
191602.440,16,10.93,173.8,24°52.908858 N,46°39.556428 E,0,1,0,0,689.40,0.18,2,17953.000,1,6.760,19.08,0.17,-0.04,0.06,1.64744645799012,4.85,0.040,0,0,0,0.176219895482063
191602.480,16,10.74,172.1,24°52.908798 N,46°39.556440 E,0,1,0,0,689.40,0.22,2,17986.000,1,6.800,19.20,0.24,-0.13,0.06,2.01079873394154,4.67,0.040,0,0,0,0.201038002967834
191602.520,16,10.66,170.2,24°52.908738 N,46°39.556458 E,0,1,0,0,689.40,0.18,2,18019.000,1,6.840,19.32,0.24,-0.06,0.06,1.68808027759542,4.70,0.040,0,0,0,0.20817519724369
191602.560,16,10.85,168.8,24°52.908672 N,46°39.556470 E,0,1,0,0,689.40,0.18,2,18086.000,1,6.880,19.44,0.19,0.14,0.06,1.65837479270315,4.93,0.040,0,0,0,0.200916200876236
191602.600,16,10.82,167.5,24°52.908606 N,46°39.556488 E,0,1,0,0,689.41,0.18,2,18119.000,1,6.920,19.56,0.18,-0.02,0.07,1.66327850674552,5.00,0.040,0,0,0,0.193808302283287
191602.640,16,10.81,165.9,24°52.908546 N,46°39.556512 E,0,1,0,0,689.40,0.18,2,18153.000,1,6.960,19.68,0.21,-0.01,0.07,1.66450896985389,4.97,0.040,0,0,0,0.196001499891281
191602.680,16,10.69,164.7,24°52.908480 N,46°39.556530 E,0,1,0,0,689.40,0.14,2,18186.000,1,7.000,19.80,0.16,-0.09,0.07,1.34730538922156,4.88,0.040,0,0,0,0.194298103451729
191602.720,16,10.57,163.6,24°52.908420 N,46°39.556554 E,0,1,0,0,689.40,0.14,2,18219.000,1,7.040,19.92,0.14,-0.08,0.07,1.36234626300851,4.77,0.040,0,0,0,0.190436094999313
191602.760,16,10.54,162.5,24°52.908366 N,46°39.556578 E,0,1,0,0,689.41,0.14,2,18286.000,1,7.080,20.04,0.15,-0.02,0.07,1.36570561456753,4.81,0.040,0,0,0,0.177857205271721
191602.800,16,10.70,160.9,24°52.908306 N,46°39.556602 E,0,1,0,0,689.41,0.18,2,18319.000,1,7.120,20.16,0.21,0.11,0.08,1.68287210172027,4.79,0.040,0,0,0,0.182540103793144
191602.840,16,10.81,159.3,24°52.908246 N,46°39.556632 E,0,1,0,0,689.42,0.18,2,18353.000,1,7.160,20.28,0.22,0.08,0.08,1.66450896985389,4.77,0.040,0,0,0,0.197101503610611
191602.880,16,10.90,157.5,24°52.908186 N,46°39.556662 E,0,1,0,0,689.43,0.22,2,18386.000,1,7.200,20.40,0.24,0.06,0.08,1.98092443140132,4.92,0.040,0,0,0,0.207776099443436
191602.920,16,10.85,156.2,24°52.908126 N,46°39.556692 E,0,1,0,0,689.43,0.22,2,18419.000,1,7.240,20.52,0.17,-0.04,0.08,1.99078341013825,5.03,0.040,0,0,0,0.193490996956825
191602.960,16,10.78,154.7,24°52.908072 N,46°39.556728 E,0,1,0,0,689.44,0.22,2,18486.000,1,7.280,20.64,0.21,-0.05,0.08,2.00333889816361,4.81,0.040,0,0,0,0.196980193257332
191603.000,16,10.79,153.5,24°52.908012 N,46°39.556758 E,0,1,0,0,689.44,0.22,2,18519.000,1,7.320,20.76,0.16,0.01,0.09,2.00129713703326,4.77,0.040,0,0,0,0.188397198915482
191603.040,16,10.85,152.3,24°52.907952 N,46°39.556794 E,0,1,0,0,689.44,0.18,2,18552.000,1,7.360,20.88,0.16,0.04,0.09,1.65837479270315,4.80,0.040,0,0,0,0.184535592794418
191603.080,16,10.86,150.8,24°52.907898 N,46°39.556836 E,0,1,0,0,689.43,0.18,2,18586.000,1,7.400,21.00,0.20,0.00,0.09,1.65730595709419,4.87,0.040,0,0,0,0.186750695109367
191603.120,16,10.75,149.2,24°52.907844 N,46°39.556872 E,0,1,0,0,689.44,0.18,2,18619.000,1,7.440,21.12,0.21,-0.08,0.09,1.6750418760469,4.87,0.040,0,0,0,0.194440603256226
191603.160,16,10.62,147.2,24°52.907796 N,46°39.556914 E,0,1,0,0,689.44,0.18,2,18686.000,1,7.480,21.24,0.26,-0.09,0.09,1.69427710843373,4.70,0.040,0,0,0,0.213507995009422
191603.200,16,10.69,146.0,24°52.907742 N,46°39.556956 E,0,1,0,0,689.45,0.18,2,18719.000,1,7.520,21.35,0.16,0.05,0.10,1.68413173652695,4.75,0.040,0,0,0,0.196626394987106
191603.240,16,10.66,145.7,24°52.907688 N,46°39.556992 E,0,1,0,0,689.45,0.18,2,18752.000,1,7.560,21.47,0.04,-0.02,0.10,1.68808027759542,5.02,0.040,0,0,0,0.166257098317146
191603.280,16,10.80,145.9,24°52.907634 N,46°39.557034 E,0,1,0,0,689.45,0.18,2,18786.000,1,7.600,21.59,-0.03,0.09,0.10,1.66728417932568,5.48,0.040,0,0,0,0.132962197065353
191603.320,16,11.02,145.7,24°52.907580 N,46°39.557076 E,0,1,0,0,689.45,0.18,2,18819.000,1,7.640,21.71,0.02,0.16,0.10,1.63339382940109,5.87,0.040,0,0,0,0.145258292555809
191603.360,16,10.99,144.2,24°52.907532 N,46°39.557124 E,0,1,0,0,689.46,0.18,2,18886.000,1,7.680,21.84,0.20,-0.02,0.10,1.63829980886502,5.74,0.040,0,0,0,0.131028205156326
191603.400,16,11.01,141.3,24°52.907484 N,46°39.557178 E,0,1,0,0,689.46,0.14,2,18919.000,1,7.720,21.96,0.39,0.02,0.11,1.30766436614602,5.36,0.040,0,0,0,0.181313395500183
191603.440,16,11.04,138.3,24°52.907442 N,46°39.557226 E,0,1,0,0,689.47,0.18,2,18952.000,1,7.760,22.08,0.41,0.02,0.11,1.63028711167467,5.02,0.040,0,0,0,0.227285906672478
191603.480,16,11.05,136.2,24°52.907394 N,46°39.557280 E,0,1,0,0,689.48,0.18,2,18986.000,1,7.800,22.20,0.29,0.00,0.11,1.62925416364953,4.95,0.040,0,0,0,0.239239692687988
191603.520,16,11.21,135.0,24°52.907352 N,46°39.557334 E,0,1,0,0,689.49,0.22,2,19019.000,1,7.840,22.33,0.16,0.12,0.11,1.92616372391653,5.05,0.040,0,0,0,0.232206404209137
191603.560,16,11.16,134.2,24°52.907304 N,46°39.557388 E,0,1,0,0,689.50,0.22,2,19086.000,1,7.880,22.45,0.11,-0.04,0.11,1.93479039770691,5.22,0.040,0,0,0,0.200283899903297
191603.600,16,10.99,133.5,24°52.907262 N,46°39.557442 E,0,1,0,0,689.50,0.18,2,19119.000,1,7.920,22.57,0.10,-0.13,0.12,1.63829980886502,5.25,0.040,0,0,0,0.188673004508018
191603.640,16,11.00,132.7,24°52.907220 N,46°39.557496 E,0,1,0,0,689.50,0.18,2,19152.000,1,7.960,22.70,0.11,0.01,0.12,1.6366612111293,5.37,0.040,0,0,0,0.167303904891014
191603.680,16,10.88,132.3,24°52.907178 N,46°39.557550 E,0,1,0,0,689.50,0.18,2,19186.000,1,8.000,22.82,0.05,-0.08,0.12,1.65395571074152,5.64,0.040,0,0,0,0.151507005095482
191603.720,16,10.90,132.0,24°52.907136 N,46°39.557604 E,0,1,0,0,689.51,0.18,2,19219.000,1,8.040,22.94,0.05,0.01,0.12,1.65183077911352,6.04,0.040,0,0,0,0.126095801591873
191603.760,16,10.98,131.5,24°52.907094 N,46°39.557658 E,0,1,0,0,689.51,0.18,2,19286.000,1,8.080,23.06,0.07,0.06,0.12,1.63874726875455,6.66,0.040,0,0,0,0.11433420330286
191603.800,16,11.12,131.3,24°52.907046 N,46°39.557712 E,0,1,0,0,689.51,0.18,2,19319.000,1,8.120,23.18,0.03,0.10,0.13,1.61870503597122,7.22,0.040,0,0,0,0.111578598618507
191603.840,16,11.14,131.2,24°52.907004 N,46°39.557766 E,0,1,0,0,689.51,0.14,2,19352.000,1,8.160,23.31,0.01,0.01,0.13,1.2928712515712,7.37,0.040,0,0,0,0.0852319970726967
191603.880,16,11.17,131.3,24°52.906962 N,46°39.557826 E,0,1,0,0,689.51,0.14,2,19386.000,1,8.200,23.43,-0.01,0.03,0.13,1.28870592446751,7.33,0.040,0,0,0,0.0666685104370117
191603.920,16,11.12,131.5,24°52.906914 N,46°39.557874 E,0,1,0,0,689.52,0.14,2,19419.000,1,8.240,23.56,-0.03,-0.04,0.13,1.29449838187702,7.50,0.040,0,0,0,0.0415815785527229
191603.960,16,11.08,131.7,24°52.906872 N,46°39.557928 E,0,1,0,0,689.52,0.14,2,19486.000,1,8.280,23.68,-0.02,-0.03,0.13,1.29916997473836,8.46,0.040,0,0,0,0.0326172187924385
191604.000,16,11.08,131.0,24°52.906830 N,46°39.557988 E,0,1,0,0,689.52,0.14,2,19519.000,1,8.320,23.80,0.10,0.00,0.14,1.29952170381734,10.25,0.040,0,0,0,0.0435049086809158
191604.040,16,11.06,130.5,24°52.906788 N,46°39.558042 E,0,1,0,0,689.53,0.14,2,19552.000,1,8.360,23.92,0.06,-0.02,0.14,1.30246020260492,13.61,0.040,0,0,0,0.0484216883778572
191604.080,16,11.21,129.8,24°52.906746 N,46°39.558102 E,0,1,0,0,689.53,0.14,2,19586.000,1,8.400,24.05,0.10,0.11,0.14,1.28456735057984,16.90,0.040,0,0,0,0.0743599906563759
191604.120,16,11.15,130.0,24°52.906704 N,46°39.558156 E,0,1,0,0,689.53,0.14,2,19619.000,1,8.440,24.17,-0.02,-0.04,0.14,1.29159565880348,21.16,0.040,0,0,0,0.0409648902714252
191604.160,16,11.19,129.9,24°52.906662 N,46°39.558210 E,0,1,0,0,689.54,0.14,2,19686.000,1,8.480,24.30,0.02,0.03,0.14,1.28663330950679,24.42,0.040,0,0,0,0.0398206785321236
191604.200,16,11.25,128.6,24°52.906626 N,46°39.558270 E,0,1,0,0,689.54,0.14,2,19719.000,1,8.520,24.42,0.17,0.04,0.14,1.27954505064866,22.22,0.040,0,0,0,0.0697644427418709
191604.240,16,11.10,127.0,24°52.906590 N,46°39.558330 E,0,1,0,0,689.54,0.14,2,19752.000,1,8.560,24.55,0.22,-0.11,0.15,1.29706359214556,18.64,0.040,0,0,0,0.10272990167141
191604.280,16,11.11,125.6,24°52.906554 N,46°39.558396 E,0,1,0,0,689.55,0.14,2,19786.000,1,8.600,24.67,0.20,0.01,0.15,1.2961296129613,15.65,0.040,0,0,0,0.11713969707489
191604.320,16,11.17,124.2,24°52.906518 N,46°39.558456 E,0,1,0,0,689.56,0.14,2,19819.000,1,8.640,24.79,0.19,0.04,0.15,1.28951374585833,13.74,0.040,0,0,0,0.131258696317673
191604.360,16,11.26,123.7,24°52.906482 N,46°39.558522 E,0,1,0,0,689.56,0.14,2,19886.000,1,8.680,24.92,0.07,0.07,0.15,1.27874966699227,13.83,0.040,0,0,0,0.124712102115154
191604.400,16,11.15,123.7,24°52.906446 N,46°39.558576 E,0,1,0,0,689.57,0.14,2,19919.000,1,8.720,25.04,0.00,-0.08,0.15,1.29159565880348,14.00,0.040,0,0,0,0.0971519872546196
191604.440,16,11.26,123.3,24°52.906410 N,46°39.558642 E,0,1,0,0,689.58,0.18,2,19952.000,1,8.760,25.17,0.05,0.08,0.15,1.59843708374034,13.57,0.040,0,0,0,0.0913381204009056
191604.480,16,11.20,122.9,24°52.906374 N,46°39.558702 E,0,1,0,0,689.58,0.14,2,19986.000,1,8.800,25.29,0.05,-0.04,0.16,1.28571428571429,12.72,0.040,0,0,0,0.0801242813467979
191604.520,16,10.98,122.6,24°52.906338 N,46°39.558762 E,0,1,0,0,689.59,0.18,2,20019.000,1,8.840,25.41,0.05,-0.15,0.16,1.63874726875455,11.67,0.040,0,0,0,0.108724303543568
191604.560,16,10.97,121.9,24°52.906308 N,46°39.558822 E,0,1,0,0,689.60,0.18,2,20086.000,1,8.880,25.54,0.09,-0.01,0.16,1.64143716943279,10.70,0.040,0,0,0,0.0892284587025642
191604.600,16,10.84,121.6,24°52.906272 N,46°39.558882 E,0,1,0,0,689.61,0.18,2,20119.000,1,8.920,25.66,0.05,-0.09,0.16,1.6600571797473,10.98,0.040,0,0,0,0.0970162004232407
191604.640,16,10.87,121.8,24°52.906236 N,46°39.558942 E,0,1,0,0,689.61,0.18,2,20152.000,1,8.960,25.78,-0.03,0.02,0.16,1.65562913907285,11.88,0.040,0,0,0,0.0552822984755039
191604.680,16,11.03,122.8,24°52.906200 N,46°39.559002 E,0,1,0,0,689.61,0.18,2,20186.000,1,9.000,25.90,-0.14,0.11,0.16,1.63191296464189,14.97,0.040,0,0,0,0.0463789105415344
191604.720,16,11.20,124.2,24°52.906158 N,46°39.559062 E,0,1,0,0,689.61,0.18,2,20219.000,1,9.040,26.02,-0.20,0.12,0.17,1.60771704180064,18.56,0.040,0,0,0,0.08614332228899
191604.760,16,11.50,125.8,24°52.906116 N,46°39.559122 E,0,1,0,0,689.60,0.14,2,20286.000,1,9.080,26.15,-0.22,0.22,0.17,1.25195618153365,27.10,0.040,0,0,0,0.163810104131699
191604.800,16,11.52,127.4,24°52.906068 N,46°39.559182 E,0,1,0,0,689.60,0.14,2,20319.000,1,9.120,26.28,-0.23,0.01,0.17,1.25043417853421,89.12,0.040,0,0,0,0.127939507365227
191604.840,16,11.44,128.1,24°52.906026 N,46°39.559236 E,0,1,0,0,689.60,0.14,2,20352.000,1,9.160,26.40,-0.10,-0.06,0.17,1.25907143481682,97.08,0.040,0,0,0,0.101426303386688
191604.880,16,11.41,128.9,24°52.905984 N,46°39.559296 E,0,1,0,0,689.61,0.14,2,20386.000,1,9.200,26.53,-0.11,-0.02,0.17,1.26260412099956,32.76,0.040,0,0,0,0.101930797100067
191604.920,16,11.53,129.3,24°52.905942 N,46°39.559350 E,0,1,0,0,689.62,0.14,2,20419.000,1,9.240,26.66,-0.06,0.09,0.18,1.24880756222357,21.36,0.040,0,0,0,0.1032639965415
191604.960,16,11.58,129.7,24°52.905894 N,46°39.559410 E,0,1,0,0,689.61,0.14,2,20486.000,1,9.280,26.79,-0.05,0.03,0.18,1.24373812402833,18.48,0.040,0,0,0,0.0928559973835945
191605.000,16,11.75,129.9,24°52.905852 N,46°39.559470 E,0,1,0,0,689.61,0.11,2,20519.000,1,9.320,26.92,-0.04,0.12,0.18,0.918836140888208,17.97,0.040,0,0,0,0.110739797353745
191605.040,16,12.01,130.3,24°52.905804 N,46°39.559530 E,0,1,0,0,689.63,0.14,2,20552.000,1,9.360,27.05,-0.06,0.18,0.18,1.19870140680929,16.31,0.040,0,0,0,0.150937497615814
191605.080,16,12.15,130.6,24°52.905756 N,46°39.559590 E,0,1,0,0,689.63,0.14,2,20586.000,1,9.400,27.18,-0.04,0.09,0.18,1.18557549810637,15.09,0.040,0,0,0,0.131205797195435
191605.120,16,12.37,130.1,24°52.905708 N,46°39.559656 E,0,1,0,0,689.63,0.11,2,20619.000,1,9.440,27.32,0.08,0.16,0.18,0.873362445414847,15.74,0.040,0,0,0,0.139198899269104
191605.160,16,12.62,129.8,24°52.905660 N,46°39.559722 E,0,1,0,0,689.62,0.11,2,20686.000,1,9.480,27.46,0.05,0.18,0.18,0.855648867057519,15.35,0.040,0,0,0,0.158963099122047
191605.200,16,12.70,129.2,24°52.905612 N,46°39.559788 E,0,1,0,0,689.62,0.11,2,20719.000,1,9.520,27.60,0.09,0.06,0.19,0.850125944584383,15.85,0.040,0,0,0,0.10818400233984
191605.240,16,12.82,128.7,24°52.905564 N,46°39.559854 E,0,1,0,0,689.62,0.11,2,20752.000,1,9.560,27.74,0.09,0.08,0.19,0.842433697347894,17.82,0.040,0,0,0,0.0967216789722443
191605.280,16,13.06,127.8,24°52.905522 N,46°39.559926 E,0,1,0,0,689.63,0.11,2,20786.000,1,9.600,27.88,0.13,0.17,0.19,0.826889212158334,24.79,0.040,0,0,0,0.139319494366646
191605.320,16,13.24,127.4,24°52.905474 N,46°39.559992 E,0,1,0,0,689.63,0.11,2,20819.000,1,9.640,28.03,0.07,0.12,0.19,0.815894840220594,40.35,0.040,0,0,0,0.137728497385979
191605.360,16,13.24,127.6,24°52.905420 N,46°39.560064 E,0,1,0,0,689.64,0.11,2,20886.000,1,9.680,28.18,-0.03,0.00,0.19,0.81564836492712,72.79,0.040,0,0,0,0.0734904408454895
191605.400,16,13.60,127.8,24°52.905372 N,46°39.560136 E,0,1,0,0,689.65,0.14,2,20919.000,1,9.720,28.33,-0.04,0.25,0.19,1.05874568046467,324.70,0.040,0,0,0,0.161284804344177
191605.440,16,13.91,127.5,24°52.905318 N,46°39.560208 E,0,1,0,0,689.65,0.14,2,20952.000,1,9.760,28.48,0.06,0.22,0.19,1.03544977349536,193.03,0.040,0,0,0,0.19035829603672
191605.480,16,14.10,127.8,24°52.905264 N,46°39.560280 E,0,1,0,0,689.66,0.18,2,20986.000,1,9.800,28.64,-0.05,0.14,0.19,1.27650521239628,119.48,0.040,0,0,0,0.163410902023315
191605.520,16,14.28,128.4,24°52.905210 N,46°39.560352 E,0,1,0,0,689.67,0.18,2,21019.000,1,9.840,28.79,-0.11,0.13,0.20,1.2604159372593,144.92,0.040,0,0,0,0.145983904600143
191605.560,16,14.48,129.5,24°52.905150 N,46°39.560424 E,0,1,0,0,689.68,0.18,2,21086.000,1,9.880,28.95,-0.19,0.14,0.20,1.24317977760895,720.13,0.040,0,0,0,0.151287004351616
191605.600,16,14.45,130.7,24°52.905096 N,46°39.560490 E,0,1,0,0,689.68,0.18,2,21119.000,1,9.920,29.11,-0.22,-0.02,0.20,1.2453300124533,176.73,0.040,0,0,0,0.104574896395206
191605.640,16,14.51,132.4,24°52.905030 N,46°39.560556 E,0,1,0,0,689.68,0.18,2,21152.000,1,9.960,29.27,-0.31,0.04,0.20,1.24035281146637,66.66,0.040,0,0,0,0.138480603694916
191605.680,16,14.72,133.8,24°52.904970 N,46°39.560628 E,0,1,0,0,689.67,0.14,2,21186.000,1,10.000,29.44,-0.25,0.15,0.20,0.978460284025277,44.33,0.040,0,0,0,0.18133270740509
191605.720,16,14.84,135.3,24°52.904898 N,46°39.560694 E,0,1,0,0,689.67,0.14,2,21219.000,1,10.040,29.60,-0.28,0.08,0.21,0.970612024804529,27.03,0.040,0,0,0,0.199755102396011
191605.760,16,14.93,136.6,24°52.904832 N,46°39.560754 E,0,1,0,0,689.66,0.14,2,21286.000,1,10.080,29.77,-0.23,0.06,0.21,0.964759480101836,20.99,0.040,0,0,0,0.203899100422859
191605.800,16,15.09,137.0,24°52.904766 N,46°39.560826 E,0,1,0,0,689.66,0.11,2,21319.000,1,10.120,29.93,-0.08,0.12,0.21,0.715658339407594,18.53,0.040,0,0,0,0.193377107381821
191605.840,16,15.41,136.9,24°52.904700 N,46°39.560898 E,0,1,0,0,689.65,0.11,2,21352.000,1,10.160,30.10,0.01,0.23,0.21,0.700752660264729,17.77,0.040,0,0,0,0.208947792649269
191605.880,16,15.64,137.0,24°52.904628 N,46°39.560970 E,0,1,0,0,689.65,0.07,2,21386.000,1,10.200,30.28,-0.01,0.16,0.21,0.46029919447641,16.29,0.040,0,0,0,0.19486440718174
191605.920,16,15.96,137.0,24°52.904556 N,46°39.561042 E,0,1,0,0,689.65,0.07,2,21419.000,1,10.240,30.45,0.00,0.23,0.21,0.451071294324019,15.86,0.040,0,0,0,0.212606400251389
191605.960,16,16.24,137.0,24°52.904484 N,46°39.561114 E,0,1,0,0,689.64,0.07,2,21486.000,1,10.280,30.63,-0.01,0.20,0.21,0.443349753694581,16.38,0.040,0,0,0,0.207635298371315
191606.000,16,16.41,136.7,24°52.904412 N,46°39.561192 E,0,1,0,0,689.64,0.07,2,21519.000,1,10.320,30.81,0.06,0.12,0.22,0.438783594368944,17.60,0.040,0,0,0,0.163528606295586
191606.040,16,16.79,136.7,24°52.904340 N,46°39.561270 E,0,1,0,0,689.63,0.04,2,21552.000,1,10.360,31.00,0.00,0.27,0.22,0.214451659021862,17.32,0.040,0,0,0,0.215445205569267
191606.080,16,17.20,136.8,24°52.904262 N,46°39.561348 E,0,1,0,0,689.63,0.04,2,21586.000,1,10.400,31.18,-0.03,0.29,0.22,0.20929015754898,18.09,0.040,0,0,0,0.255091607570648
191606.120,16,17.52,136.7,24°52.904184 N,46°39.561426 E,0,1,0,0,689.65,0.07,2,21619.000,1,10.440,31.38,0.04,0.23,0.22,0.410935448889903,20.22,0.040,0,0,0,0.240700706839561
191606.160,16,17.81,137.1,24°52.904100 N,46°39.561504 E,0,1,0,0,689.66,0.07,2,21686.000,1,10.480,31.57,-0.09,0.21,0.22,0.404199180373884,22.34,0.040,0,0,0,0.22579300403595
191606.200,16,17.95,137.8,24°52.904022 N,46°39.561582 E,0,1,0,0,689.66,0.11,2,21719.000,1,10.520,31.77,-0.16,0.10,0.22,0.601671309192201,24.03,0.040,0,0,0,0.170993402600288
191606.240,16,18.31,138.9,24°52.903932 N,46°39.561660 E,0,1,0,0,689.66,0.07,2,21752.000,1,10.560,31.97,-0.23,0.26,0.22,0.393163326598591,27.20,0.040,0,0,0,0.228912994265556
191606.280,16,18.61,139.8,24°52.903842 N,46°39.561738 E,0,1,0,0,689.66,0.07,2,21786.000,1,10.600,32.18,-0.23,0.21,0.22,0.386930352536543,29.32,0.040,0,0,0,0.241212293505669
191606.320,16,18.51,140.3,24°52.903758 N,46°39.561810 E,0,1,0,0,689.67,0.07,2,21819.000,1,10.640,32.38,-0.12,-0.07,0.22,0.388957916914267,35.07,0.040,0,0,0,0.138601407408714
191606.360,16,18.72,140.8,24°52.903668 N,46°39.561888 E,0,1,0,0,689.68,0.11,2,21886.000,1,10.680,32.59,-0.11,0.15,0.22,0.577046377431075,42.06,0.040,0,0,0,0.159224301576614
191606.400,16,18.83,141.6,24°52.903578 N,46°39.561966 E,0,1,0,0,689.67,0.07,2,21919.000,1,10.720,32.80,-0.17,0.08,0.22,0.382409177820268,39.44,0.040,0,0,0,0.158800393342972
191606.440,16,19.07,142.1,24°52.903488 N,46°39.562044 E,0,1,0,0,689.65,0.04,2,21952.000,1,10.760,33.01,-0.13,0.17,0.22,0.188788085374167,35.41,0.040,0,0,0,0.183877497911453
191606.480,16,19.48,142.5,24°52.903392 N,46°39.562128 E,0,1,0,0,689.64,0.04,2,21986.000,1,10.800,33.22,-0.11,0.29,0.22,0.184842883548983,33.56,0.040,0,0,0,0.243905901908875
191606.520,16,19.74,142.9,24°52.903290 N,46°39.562206 E,0,1,0,0,689.64,0.04,2,22019.000,1,10.840,33.44,-0.10,0.19,0.23,0.182352345253774,31.66,0.040,0,0,0,0.231922596693039
191606.560,16,19.85,143.3,24°52.903194 N,46°39.562284 E,0,1,0,0,689.65,0.04,2,22086.000,1,10.880,33.66,-0.09,0.08,0.23,0.181323662737987,30.19,0.040,0,0,0,0.179159507155418
191606.600,16,20.10,143.6,24°52.903098 N,46°39.562362 E,0,1,0,0,689.65,0.04,2,22119.000,1,10.920,33.88,-0.07,0.17,0.23,0.179149042050261,27.89,0.040,0,0,0,0.18706089258194
191606.640,16,20.25,143.7,24°52.902996 N,46°39.562440 E,0,1,0,0,689.64,0.00,2,22152.000,1,10.960,34.11,-0.04,0.11,0.23,0,27.48,0.040,0,0,0,0.161895096302032
191606.680,16,20.53,143.9,24°52.902894 N,46°39.562524 E,0,1,0,0,689.64,0.00,2,22186.000,1,11.000,34.34,-0.04,0.20,0.23,0,27.70,0.040,0,0,0,0.185330301523209
191606.720,16,20.88,144.0,24°52.902792 N,46°39.562602 E,0,1,0,0,689.65,0.00,2,22219.000,1,11.040,34.57,-0.03,0.25,0.23,0,27.14,0.040,0,0,0,0.217395305633545
191606.760,16,21.30,144.4,24°52.902684 N,46°39.562686 E,0,1,0,0,689.65,0.00,2,22286.000,1,11.080,34.80,-0.10,0.30,0.23,0,27.80,0.040,0,0,0,0.263473600149155
191606.800,16,21.47,144.5,24°52.902576 N,46°39.562764 E,0,1,0,0,689.66,0.04,2,22319.000,1,11.120,35.04,-0.03,0.12,0.23,0.167699259328271,30.65,0.040,0,0,0,0.196662604808807
191606.840,16,21.72,144.5,24°52.902468 N,46°39.562848 E,0,1,0,0,689.67,0.04,2,22352.000,1,11.160,35.28,0.02,0.18,0.23,0.165753487729638,36.97,0.040,0,0,0,0.188450306653976
191606.880,16,21.95,144.8,24°52.902360 N,46°39.562932 E,0,1,0,0,689.68,0.04,2,22386.000,1,11.200,35.52,-0.10,0.17,0.23,0.163986698856648,42.10,0.040,0,0,0,0.183692499995232
191606.920,16,22.26,145.7,24°52.902246 N,46°39.563010 E,0,1,0,0,689.68,0.04,2,22419.000,1,11.240,35.77,-0.25,0.22,0.23,0.161732332988903,39.59,0.040,0,0,0,0.218018606305122
191606.960,16,22.62,146.5,24°52.902132 N,46°39.563094 E,0,1,0,0,689.67,0.04,2,22486.000,1,11.280,36.01,-0.21,0.25,0.23,0.159186380720761,38.20,0.040,0,0,0,0.253770500421524
191607.000,16,22.75,146.8,24°52.902018 N,46°39.563178 E,0,1,0,0,689.67,0.04,2,22519.000,1,11.320,36.27,-0.09,0.09,0.23,0.158255670828205,41.55,0.040,0,0,0,0.195506200194359
191607.040,16,22.91,146.9,24°52.901898 N,46°39.563256 E,0,1,0,0,689.68,0.04,2,22552.000,1,11.360,36.52,-0.05,0.11,0.23,0.157157200855634,45.06,0.040,0,0,0,0.168544605374336
191607.080,16,23.22,147.2,24°52.901778 N,46°39.563340 E,0,1,0,0,689.67,0.00,2,22586.000,1,11.400,36.78,-0.06,0.22,0.23,0,47.88,0.040,0,0,0,0.200284600257874
191607.120,16,23.33,147.3,24°52.901664 N,46°39.563430 E,0,1,0,0,689.65,0.00,2,22619.000,1,11.440,37.04,-0.03,0.08,0.23,0,51.34,0.040,0,0,0,0.152466997504234
191607.160,16,23.41,147.4,24°52.901544 N,46°39.563514 E,0,1,0,0,689.64,-0.04,2,22686.000,1,11.480,37.30,-0.05,0.06,0.23,-0.153773866985605,53.92,0.040,0,0,0,0.118912100791931
191607.200,16,23.86,147.7,24°52.901418 N,46°39.563598 E,0,1,0,0,689.64,-0.04,2,22719.000,1,11.520,37.56,-0.07,0.32,0.23,-0.150873810821005,55.51,0.040,0,0,0,0.218740597367287
191607.240,16,24.17,147.8,24°52.901292 N,46°39.563682 E,0,1,0,0,689.65,0.00,2,22752.000,1,11.560,37.82,-0.04,0.22,0.23,0,56.54,0.040,0,0,0,0.224102303385735
191607.280,16,24.47,147.8,24°52.901166 N,46°39.563766 E,0,1,0,0,689.66,0.00,2,22786.000,1,11.600,38.09,0.00,0.21,0.23,0,59.60,0.040,0,0,0,0.219554096460342
191607.320,16,24.79,148.1,24°52.901040 N,46°39.563850 E,0,1,0,0,689.66,0.00,2,22819.000,1,11.640,38.37,-0.07,0.22,0.23,0,58.67,0.040,0,0,0,0.224578395485878
191607.360,16,24.84,148.3,24°52.900914 N,46°39.563934 E,0,1,0,0,689.66,0.00,2,22886.000,1,11.680,38.64,-0.07,0.04,0.23,0,61.31,0.040,0,0,0,0.140861004590988
191607.400,16,24.92,148.5,24°52.900782 N,46°39.564024 E,0,1,0,0,689.65,-0.04,2,22919.000,1,11.720,38.92,-0.07,0.06,0.23,-0.144444890262007,59.95,0.040,0,0,0,0.111207000911236
191607.440,16,25.23,149.0,24°52.900656 N,46°39.564108 E,0,1,0,0,689.64,-0.04,2,22952.000,1,11.760,39.20,-0.14,0.21,0.23,-0.142715559960357,53.49,0.040,0,0,0,0.172143802046776
191607.480,16,25.59,149.3,24°52.900518 N,46°39.564192 E,0,1,0,0,689.64,-0.04,2,22986.000,1,11.800,39.48,-0.11,0.26,0.23,-0.140668959049703,54.37,0.040,0,0,0,0.223350897431374
191607.520,16,25.77,149.2,24°52.900386 N,46°39.564276 E,0,1,0,0,689.65,-0.04,2,23019.000,1,11.840,39.77,0.04,0.13,0.23,-0.139686481452739,70.78,0.040,0,0,0,0.177428498864174
191607.560,16,26.15,149.3,24°52.900248 N,46°39.564366 E,0,1,0,0,689.66,0.00,2,23086.000,1,11.880,40.06,-0.03,0.27,0.23,0,89.06,0.040,0,0,0,0.223697498440742
191607.600,16,26.37,149.1,24°52.900116 N,46°39.564456 E,0,1,0,0,689.67,0.00,2,23119.000,1,11.920,40.35,0.05,0.15,0.23,0,108.48,0.040,0,0,0,0.187832206487656
191607.640,16,26.41,149.3,24°52.899978 N,46°39.564540 E,0,1,0,0,689.68,0.00,2,23152.000,1,11.960,40.64,-0.07,0.03,0.23,0,106.86,0.040,0,0,0,0.114459298551083
191607.680,16,26.41,149.6,24°52.899840 N,46°39.564630 E,0,1,0,0,689.67,0.00,2,23186.000,1,12.000,40.93,-0.10,0.00,0.23,0,103.80,0.040,0,0,0,0.0743245333433151
191607.720,16,26.87,150.1,24°52.899696 N,46°39.564720 E,0,1,0,0,689.65,-0.04,2,23219.000,1,12.040,41.23,-0.15,0.32,0.23,-0.133993374772025,92.12,0.040,0,0,0,0.200968503952026
191607.760,16,27.18,150.3,24°52.899552 N,46°39.564810 E,0,1,0,0,689.65,-0.04,2,23286.000,1,12.080,41.53,-0.09,0.22,0.23,-0.132450331125828,90.18,0.040,0,0,0,0.218011394143105
191607.800,16,27.44,150.4,24°52.899408 N,46°39.564900 E,0,1,0,0,689.65,-0.04,2,23319.000,1,12.120,41.83,-0.03,0.18,0.23,-0.131214462749672,96.78,0.040,0,0,0,0.203587204217911
191607.840,16,27.53,150.8,24°52.899264 N,46°39.564984 E,0,1,0,0,689.66,-0.04,2,23352.000,1,12.160,42.14,-0.14,0.07,0.23,-0.13077118674852,88.33,0.040,0,0,0,0.151837900280952
191607.880,16,27.48,150.6,24°52.899120 N,46°39.565074 E,0,1,0,0,689.66,-0.04,2,23386.000,1,12.200,42.44,0.06,-0.04,0.23,-0.131028207461328,94.31,0.040,0,0,0,0.0683962106704712
191607.920,16,27.62,150.4,24°52.898976 N,46°39.565164 E,0,1,0,0,689.66,-0.04,2,23419.000,1,12.240,42.75,0.07,0.10,0.23,-0.130359212050985,111.74,0.040,0,0,0,0.0773537009954453
191607.960,16,28.03,150.5,24°52.898826 N,46°39.565254 E,0,1,0,0,689.66,-0.04,2,23486.000,1,12.280,43.06,-0.01,0.29,0.23,-0.128452151573539,123.27,0.040,0,0,0,0.183153197169304
191608.000,16,28.23,150.7,24°52.898676 N,46°39.565344 E,0,1,0,0,689.67,0.00,2,23519.000,1,12.320,43.37,-0.07,0.14,0.23,0,124.68,0.040,0,0,0,0.165594205260277
191608.040,16,28.22,151.0,24°52.898526 N,46°39.565434 E,0,1,0,0,689.67,0.00,2,23552.000,1,12.360,43.69,-0.12,0.00,0.23,0,131.73,0.040,0,0,0,0.0947506800293922
191608.080,16,28.21,151.1,24°52.898376 N,46°39.565524 E,0,1,0,0,689.67,0.00,2,23586.000,1,12.400,44.00,-0.04,-0.01,0.23,0,147.83,0.040,0,0,0,0.0600118599832058
191608.120,16,28.35,150.8,24°52.898226 N,46°39.565614 E,0,1,0,0,689.66,-0.04,2,23619.000,1,12.440,44.31,0.10,0.10,0.23,-0.126984126984127,164.37,0.040,0,0,0,0.0703128725290298
191608.160,16,28.56,150.9,24°52.898076 N,46°39.565704 E,0,1,0,0,689.66,-0.04,2,23686.000,1,12.480,44.63,-0.04,0.15,0.22,-0.126072491682718,162.50,0.040,0,0,0,0.108942702412605
191608.200,16,28.65,151.3,24°52.897926 N,46°39.565794 E,0,1,0,0,689.66,-0.04,2,23719.000,1,12.520,44.95,-0.14,0.07,0.22,-0.125645679184699,122.80,0.040,0,0,0,0.0988181531429291
191608.240,16,28.71,151.4,24°52.897770 N,46°39.565884 E,0,1,0,0,689.66,-0.04,2,23752.000,1,12.560,45.27,-0.03,0.04,0.22,-0.125391849529781,129.93,0.040,0,0,0,0.0768885388970375
191608.280,16,28.78,151.5,24°52.897620 N,46°39.565974 E,0,1,0,0,689.67,-0.04,2,23786.000,1,12.600,45.59,-0.03,0.05,0.22,-0.125078173858662,144.50,0.040,0,0,0,0.0701078027486801
191608.320,16,28.78,151.8,24°52.897470 N,46°39.566064 E,0,1,0,0,689.66,-0.04,2,23819.000,1,12.640,45.91,-0.09,0.00,0.22,-0.125095559107652,162.42,0.040,0,0,0,0.0568941496312618
191608.360,16,28.82,152.1,24°52.897314 N,46°39.566154 E,0,1,0,0,689.66,-0.04,2,23886.000,1,12.680,46.23,-0.13,0.03,0.22,-0.124921923797626,153.48,0.040,0,0,0,0.0715912282466888
191608.400,16,28.85,152.1,24°52.897158 N,46°39.566238 E,0,1,0,0,689.66,-0.04,2,23919.000,1,12.720,46.55,0.02,0.02,0.22,-0.124783362218371,165.96,0.040,0,0,0,0.0551777817308903
191608.440,16,28.95,151.9,24°52.897008 N,46°39.566328 E,0,1,0,0,689.66,-0.04,2,23952.000,1,12.760,46.87,0.06,0.07,0.22,-0.124360923034407,254.78,0.040,0,0,0,0.0541296303272247
191608.480,16,28.97,152.1,24°52.896852 N,46°39.566418 E,0,1,0,0,689.67,0.00,2,23986.000,1,12.800,47.19,-0.09,0.01,0.22,0,183.81,0.040,0,0,0,0.0494702607393265
191608.520,16,29.03,152.4,24°52.896696 N,46°39.566508 E,0,1,0,0,689.67,-0.04,2,24019.000,1,12.840,47.51,-0.09,0.04,0.22,-0.124022461845868,141.78,0.040,0,0,0,0.0602457895874977
191608.560,16,28.94,152.5,24°52.896540 N,46°39.566592 E,0,1,0,0,689.67,-0.04,2,24086.000,1,12.880,47.83,-0.04,-0.06,0.22,-0.124408197117877,136.93,0.040,0,0,0,0.0477689392864704
191608.600,16,28.86,152.4,24°52.896390 N,46°39.566682 E,0,1,0,0,689.67,-0.04,2,24119.000,1,12.920,48.15,0.02,-0.06,0.22,-0.12474876983852,156.93,0.040,0,0,0,0.0478020496666431
191608.640,16,28.87,152.5,24°52.896234 N,46°39.566766 E,0,1,0,0,689.67,-0.04,2,24152.000,1,12.960,48.47,-0.02,0.01,0.22,-0.124688279301746,188.58,0.040,0,0,0,0.0324525907635689
191608.680,16,28.97,152.9,24°52.896078 N,46°39.566850 E,0,1,0,0,689.67,-0.04,2,24186.000,1,13.000,48.80,-0.15,0.07,0.22,-0.12425361543506,156.58,0.040,0,0,0,0.0623059496283531
191608.720,16,29.01,153.4,24°52.895922 N,46°39.566934 E,0,1,0,0,689.67,-0.04,2,24219.000,1,13.040,49.12,-0.19,0.03,0.22,-0.124086584861437,106.31,0.040,0,0,0,0.0875358283519745
191608.760,16,28.91,153.3,24°52.895766 N,46°39.567018 E,0,1,0,0,689.68,-0.04,2,24286.000,1,13.080,49.44,0.04,-0.07,0.22,-0.12453300124533,115.07,0.040,0,0,0,0.0632789880037308
191608.800,16,29.10,153.8,24°52.895610 N,46°39.567102 E,0,1,0,0,689.68,-0.04,2,24319.000,1,13.120,49.76,-0.16,0.13,0.22,-0.12373260010311,113.08,0.040,0,0,0,0.0964615792036057
191608.840,16,29.04,153.9,24°52.895454 N,46°39.567186 E,0,1,0,0,689.68,-0.04,2,24352.000,1,13.160,50.09,-0.03,-0.04,0.22,-0.123975480404987,112.22,0.040,0,0,0,0.0706023871898651
191608.880,16,29.13,153.9,24°52.895292 N,46°39.567270 E,0,1,0,0,689.68,-0.04,2,24386.000,1,13.200,50.41,-0.01,0.06,0.22,-0.123592419664927,115.61,0.040,0,0,0,0.0677052736282349
191608.920,16,29.24,154.0,24°52.895136 N,46°39.567354 E,0,1,0,0,689.68,-0.04,2,24419.000,1,13.240,50.73,-0.05,0.08,0.22,-0.123123225828517,121.93,0.040,0,0,0,0.0800543129444122
191608.960,16,29.09,154.1,24°52.894980 N,46°39.567438 E,0,1,0,0,689.67,-0.07,2,24486.000,1,13.280,51.06,-0.03,-0.11,0.22,-0.247524752475247,138.06,0.040,0,0,0,0.0568820908665657
191609.000,16,28.98,154.5,24°52.894824 N,46°39.567522 E,0,1,0,0,689.68,-0.07,2,24519.000,1,13.320,51.38,-0.12,-0.08,0.22,-0.248447204968944,114.73,0.040,0,0,0,0.0830615013837814
191609.040,16,29.02,154.7,24°52.894662 N,46°39.567600 E,0,1,0,0,689.68,-0.07,2,24552.000,1,13.360,51.70,-0.09,0.03,0.22,-0.24807910967164,97.38,0.040,0,0,0,0.071892537176609
191609.080,16,29.05,154.6,24°52.894506 N,46°39.567684 E,0,1,0,0,689.68,-0.07,2,24586.000,1,13.400,52.02,0.07,0.02,0.22,-0.2478656017626,114.53,0.040,0,0,0,0.0437955409288406
191609.120,16,28.99,154.9,24°52.894350 N,46°39.567762 E,0,1,0,0,689.69,-0.04,2,24619.000,1,13.440,52.35,-0.13,-0.04,0.21,-0.124163620059323,109.35,0.040,0,0,0,0.0627764016389847
191609.160,16,28.94,155.1,24°52.894194 N,46°39.567840 E,0,1,0,0,689.70,-0.04,2,24686.000,1,13.480,52.67,-0.07,-0.04,0.21,-0.124408197117877,104.83,0.040,0,0,0,0.0691591575741768
191609.200,16,28.94,155.4,24°52.894032 N,46°39.567918 E,0,1,0,0,689.68,-0.07,2,24719.000,1,13.520,52.99,-0.09,0.00,0.21,-0.248790601243953,93.68,0.040,0,0,0,0.0699403882026672
191609.240,16,29.06,155.7,24°52.893876 N,46°39.567996 E,0,1,0,0,689.68,-0.11,2,24752.000,1,13.560,53.31,-0.12,0.08,0.21,-0.371696035242291,85.72,0.040,0,0,0,0.0865274667739868
191609.280,16,29.06,156.5,24°52.893714 N,46°39.568068 E,0,1,0,0,689.69,-0.11,2,24786.000,1,13.600,53.63,-0.28,0.00,0.21,-0.371606509995527,77.39,0.040,0,0,0,0.121291898190975
191609.320,16,28.99,156.5,24°52.893552 N,46°39.568146 E,0,1,0,0,689.69,-0.11,2,24819.000,1,13.640,53.96,0.01,-0.05,0.21,-0.372580812088177,92.05,0.040,0,0,0,0.09451624751091
191609.360,16,29.00,156.1,24°52.893396 N,46°39.568224 E,0,1,0,0,689.69,-0.11,2,24886.000,1,13.680,54.28,0.12,0.01,0.21,-0.37243947858473,99.82,0.040,0,0,0,0.050886120647192
191609.400,16,28.96,155.7,24°52.893240 N,46°39.568302 E,0,1,0,0,689.69,-0.11,2,24919.000,1,13.720,54.60,0.14,-0.03,0.21,-0.372902423865755,143.30,0.040,0,0,0,0.0191727299243212
191609.440,16,29.01,155.8,24°52.893078 N,46°39.568380 E,0,1,0,0,689.69,-0.11,2,24952.000,1,13.760,54.92,-0.02,0.03,0.21,-0.372349594897431,147.56,0.040,0,0,0,0.0147866001352668
191609.480,16,29.05,156.0,24°52.892916 N,46°39.568458 E,0,1,0,0,689.71,-0.07,2,24986.000,1,13.800,55.25,-0.09,0.03,0.21,-0.247831474597274,131.48,0.040,0,0,0,0.0349143408238888
191609.520,16,29.09,156.4,24°52.892760 N,46°39.568530 E,0,1,0,0,689.72,-0.07,2,25019.000,1,13.840,55.57,-0.15,0.03,0.21,-0.247524752475247,115.59,0.040,0,0,0,0.0581837818026543
191609.560,16,29.19,156.8,24°52.892598 N,46°39.568608 E,0,1,0,0,689.72,-0.07,2,25086.000,1,13.880,55.89,-0.13,0.07,0.20,-0.246668265442461,104.59,0.040,0,0,0,0.0828341171145439
191609.600,16,29.14,157.0,24°52.892436 N,46°39.568680 E,0,1,0,0,689.73,-0.07,2,25119.000,1,13.920,56.22,-0.09,-0.03,0.20,-0.247066090179123,108.83,0.040,0,0,0,0.0719975903630257
191609.640,16,29.06,157.4,24°52.892274 N,46°39.568752 E,0,1,0,0,689.74,-0.07,2,25152.000,1,13.960,56.54,-0.12,-0.06,0.20,-0.247737673330351,105.97,0.040,0,0,0,0.084084540605545
191609.680,16,29.00,157.4,24°52.892112 N,46°39.568824 E,0,1,0,0,689.74,-0.07,2,25186.000,1,14.000,56.86,-0.03,-0.04,0.20,-0.248258740776498,96.26,0.040,0,0,0,0.0772905200719833
191609.720,16,28.93,157.6,24°52.891950 N,46°39.568896 E,0,1,0,0,689.75,-0.07,2,25219.000,1,14.040,57.18,-0.07,-0.05,0.20,-0.248876598686485,102.05,0.040,0,0,0,0.080907478928566
191609.760,16,28.83,157.9,24°52.891794 N,46°39.568968 E,0,1,0,0,689.74,-0.11,2,25286.000,1,14.080,57.51,-0.09,-0.07,0.20,-0.374674761491761,100.31,0.040,0,0,0,0.0927053764462471
191609.800,16,28.76,158.1,24°52.891632 N,46°39.569034 E,0,1,0,0,689.74,-0.11,2,25319.000,1,14.120,57.83,-0.08,-0.05,0.20,-0.375521557719054,100.78,0.040,0,0,0,0.0910212174057961
191609.840,16,28.85,158.3,24°52.891470 N,46°39.569106 E,0,1,0,0,689.75,-0.07,2,25352.000,1,14.160,58.15,-0.06,0.06,0.20,-0.249566724436742,107.70,0.040,0,0,0,0.0725085511803627
191609.880,16,29.00,158.3,24°52.891308 N,46°39.569178 E,0,1,0,0,689.75,-0.11,2,25386.000,1,14.200,58.47,0.00,0.10,0.20,-0.37243947858473,155.66,0.040,0,0,0,0.0799837708473206
191609.920,16,29.02,158.4,24°52.891146 N,46°39.569244 E,0,1,0,0,689.75,-0.07,2,25419.000,1,14.240,58.79,-0.04,0.02,0.20,-0.24807910967164,143.97,0.040,0,0,0,0.0652322769165039
191609.960,16,28.97,158.4,24°52.890984 N,46°39.569316 E,0,1,0,0,689.75,-0.11,2,25486.000,1,14.280,59.11,-0.03,-0.04,0.20,-0.372760846305181,118.90,0.040,0,0,0,0.048309251666069
191610.000,16,28.89,158.8,24°52.890822 N,46°39.569382 E,0,1,0,0,689.76,-0.11,2,25519.000,1,14.320,59.43,-0.13,-0.06,0.19,-0.373831775700935,88.94,0.040,0,0,0,0.0715835392475128
191610.040,16,28.89,159.1,24°52.890660 N,46°39.569448 E,0,1,0,0,689.76,-0.11,2,25552.000,1,14.360,59.75,-0.10,0.00,0.19,-0.373780023534298,82.34,0.040,0,0,0,0.0744016915559769
191610.080,16,29.03,159.4,24°52.890492 N,46°39.569514 E,0,1,0,0,689.76,-0.11,2,25586.000,1,14.400,60.08,-0.11,0.10,0.19,-0.37197768133912,81.59,0.040,0,0,0,0.0910139977931976
191610.120,16,28.96,159.9,24°52.890330 N,46°39.569580 E,0,1,0,0,689.76,-0.07,2,25619.000,1,14.440,60.40,-0.16,-0.05,0.19,-0.24863595552179,81.16,0.040,0,0,0,0.0955321192741394
191610.160,16,28.89,160.5,24°52.890168 N,46°39.569640 E,0,1,0,0,689.77,-0.07,2,25686.000,1,14.480,60.72,-0.23,-0.05,0.19,-0.249255694800249,74.31,0.040,0,0,0,0.126350700855255
191610.200,16,28.72,160.5,24°52.890006 N,46°39.569700 E,0,1,0,0,689.77,-0.07,2,25719.000,1,14.520,61.04,0.01,-0.11,0.19,-0.25066146776215,79.32,0.040,0,0,0,0.120849698781967
191610.240,16,28.66,160.7,24°52.889844 N,46°39.569760 E,0,1,0,0,689.77,-0.07,2,25752.000,1,14.560,61.36,-0.09,-0.05,0.19,-0.251221214235869,81.00,0.040,0,0,0,0.111757397651672
191610.280,16,28.57,161.0,24°52.889682 N,46°39.569820 E,0,1,0,0,689.78,-0.07,2,25786.000,1,14.600,61.68,-0.08,-0.06,0.19,-0.251986140762258,77.21,0.040,0,0,0,0.109886899590492
191610.320,16,28.54,161.0,24°52.889520 N,46°39.569886 E,0,1,0,0,689.78,-0.07,2,25819.000,1,14.640,61.99,0.00,-0.03,0.19,-0.252304026351754,81.08,0.040,0,0,0,0.0859722495079041
191610.360,16,28.43,161.3,24°52.889358 N,46°39.569940 E,0,1,0,0,689.77,-0.11,2,25886.000,1,14.680,62.31,-0.11,-0.08,0.19,-0.379933863364525,78.91,0.040,0,0,0,0.102150596678257
191610.400,16,28.30,161.8,24°52.889196 N,46°39.570000 E,0,1,0,0,689.77,-0.11,2,25919.000,1,14.720,62.62,-0.19,-0.09,0.18,-0.381679389312977,72.44,0.040,0,0,0,0.127909407019615
191610.440,16,28.16,162.4,24°52.889034 N,46°39.570054 E,0,1,0,0,689.77,-0.11,2,25952.000,1,14.760,62.94,-0.19,-0.10,0.18,-0.383577212672255,65.51,0.040,0,0,0,0.148963093757629
191610.480,16,27.99,163.0,24°52.888872 N,46°39.570102 E,0,1,0,0,689.77,-0.11,2,25986.000,1,14.800,63.25,-0.21,-0.12,0.18,-0.385907239333953,56.60,0.040,0,0,0,0.173604398965836
191610.520,16,27.82,163.2,24°52.888716 N,46°39.570156 E,0,1,0,0,689.77,-0.11,2,26019.000,1,14.840,63.56,-0.07,-0.12,0.18,-0.388251788474674,55.17,0.040,0,0,0,0.167751893401146
191610.560,16,27.45,163.3,24°52.888560 N,46°39.570204 E,0,1,0,0,689.77,-0.11,2,26086.000,1,14.880,63.87,-0.03,-0.26,0.18,-0.39344262295082,54.10,0.040,0,0,0,0.21445819735527
191610.600,16,27.38,164.0,24°52.888398 N,46°39.570252 E,0,1,0,0,689.77,-0.11,2,26119.000,1,14.920,64.17,-0.22,-0.05,0.18,-0.394419691768315,50.96,0.040,0,0,0,0.175218299031258
191610.640,16,27.49,164.7,24°52.888242 N,46°39.570300 E,0,1,0,0,689.77,-0.11,2,26152.000,1,14.960,64.48,-0.27,0.08,0.18,-0.392870134594398,46.60,0.040,0,0,0,0.159477606415749
191610.680,16,27.44,165.3,24°52.888080 N,46°39.570342 E,0,1,0,0,689.78,-0.11,2,26186.000,1,15.000,64.78,-0.17,-0.04,0.18,-0.393600349866978,44.88,0.040,0,0,0,0.163258403539658
191610.720,16,27.32,165.5,24°52.887924 N,46°39.570384 E,0,1,0,0,689.79,-0.07,2,26219.000,1,15.040,65.09,-0.08,-0.08,0.18,-0.263504611330698,46.27,0.040,0,0,0,0.154799804091454
191610.760,16,27.19,165.7,24°52.887762 N,46°39.570426 E,0,1,0,0,689.79,-0.07,2,26286.000,1,15.080,65.39,-0.07,-0.10,0.17,-0.264832456688859,50.03,0.040,0,0,0,0.150222405791283
191610.800,16,27.28,166.4,24°52.887606 N,46°39.570468 E,0,1,0,0,689.79,-0.07,2,26319.000,1,15.120,65.69,-0.24,0.06,0.17,-0.263958646478718,44.12,0.040,0,0,0,0.151031002402306
191610.840,16,27.09,166.9,24°52.887444 N,46°39.570504 E,0,1,0,0,689.78,-0.07,2,26352.000,1,15.160,65.99,-0.17,-0.13,0.17,-0.26578073089701,41.93,0.040,0,0,0,0.169498100876808
191610.880,16,26.86,167.5,24°52.887288 N,46°39.570540 E,0,1,0,0,689.78,-0.11,2,26386.000,1,15.200,66.29,-0.18,-0.16,0.17,-0.402084884586746,39.50,0.040,0,0,0,0.198056504130363
191610.920,16,26.55,168.3,24°52.887132 N,46°39.570570 E,0,1,0,0,689.79,-0.07,2,26419.000,1,15.240,66.59,-0.27,-0.22,0.17,-0.27114559011825,34.71,0.040,0,0,0,0.246991097927094
191610.960,16,26.47,168.9,24°52.886976 N,46°39.570600 E,0,1,0,0,689.80,-0.07,2,26486.000,1,15.280,66.88,-0.19,-0.06,0.17,-0.271964946740198,33.34,0.040,0,0,0,0.215761303901672
191611.000,16,26.42,169.6,24°52.886820 N,46°39.570630 E,0,1,0,0,689.80,-0.04,2,26519.000,1,15.320,67.18,-0.24,-0.04,0.17,-0.136275882954158,32.45,0.040,0,0,0,0.209216102957726
191611.040,16,26.38,170.2,24°52.886664 N,46°39.570654 E,0,1,0,0,689.79,-0.07,2,26552.000,1,15.360,67.47,-0.20,-0.03,0.17,-0.272923695083583,32.20,0.040,0,0,0,0.201480597257614
191611.080,16,26.24,170.7,24°52.886508 N,46°39.570684 E,0,1,0,0,689.78,-0.11,2,26586.000,1,15.400,67.76,-0.18,-0.10,0.17,-0.411585365853659,32.32,0.040,0,0,0,0.205888405442238
191611.120,16,26.10,171.6,24°52.886352 N,46°39.570702 E,0,1,0,0,689.79,-0.11,2,26619.000,1,15.440,68.06,-0.28,-0.10,0.17,-0.413856529736358,29.64,0.040,0,0,0,0.226500794291496
191611.160,16,26.13,172.6,24°52.886196 N,46°39.570720 E,0,1,0,0,689.78,-0.11,2,26686.000,1,15.480,68.35,-0.32,0.02,0.17,-0.413333843622029,26.88,0.040,0,0,0,0.232110604643822
191611.200,16,26.03,173.1,24°52.886040 N,46°39.570738 E,0,1,0,0,689.79,-0.07,2,26719.000,1,15.520,68.64,-0.17,-0.07,0.16,-0.276625172890733,27.19,0.040,0,0,0,0.223472401499748
191611.240,16,26.07,173.6,24°52.885884 N,46°39.570756 E,0,1,0,0,689.80,-0.07,2,26752.000,1,15.560,68.92,-0.18,0.03,0.16,-0.276200705846248,27.99,0.040,0,0,0,0.209208697080612
191611.280,16,26.09,174.3,24°52.885728 N,46°39.570768 E,0,1,0,0,689.80,-0.07,2,26786.000,1,15.600,69.21,-0.22,0.01,0.16,-0.275978381693434,27.47,0.040,0,0,0,0.211252301931381
191611.320,16,26.18,175.0,24°52.885572 N,46°39.570780 E,0,1,0,0,689.80,-0.07,2,26819.000,1,15.640,69.50,-0.21,0.07,0.16,-0.274987587365848,26.38,0.040,0,0,0,0.21342159807682
191611.360,16,26.11,175.8,24°52.885416 N,46°39.570786 E,0,1,0,0,689.79,-0.11,2,26886.000,1,15.680,69.80,-0.26,-0.05,0.16,-0.413571264455847,24.78,0.040,0,0,0,0.219844505190849
191611.400,16,25.87,176.7,24°52.885266 N,46°39.570792 E,0,1,0,0,689.80,-0.07,2,26919.000,1,15.720,70.08,-0.30,-0.18,0.16,-0.278357689631176,23.96,0.040,0,0,0,0.253334403038025
191611.440,16,25.75,178.1,24°52.885110 N,46°39.570792 E,0,1,0,0,689.80,-0.07,2,26952.000,1,15.760,70.37,-0.44,-0.08,0.16,-0.279600792202245,21.97,0.040,0,0,0,0.290646195411682
191611.480,16,25.55,179.0,24°52.884960 N,46°39.570792 E,0,1,0,0,689.80,-0.07,2,26986.000,1,15.800,70.66,-0.27,-0.14,0.16,-0.281767307165499,21.22,0.040,0,0,0,0.298579007387161
191611.520,16,25.57,179.5,24°52.884804 N,46°39.570786 E,0,1,0,0,689.80,-0.07,2,27019.000,1,15.840,70.94,-0.17,0.01,0.16,-0.281568964842986,21.76,0.040,0,0,0,0.260532885789871
191611.560,16,25.63,180.6,24°52.884648 N,46°39.570780 E,0,1,0,0,689.79,-0.11,2,27086.000,1,15.880,71.22,-0.34,0.04,0.16,-0.421348314606741,20.94,0.040,0,0,0,0.271912187337875
191611.600,16,25.52,181.7,24°52.884498 N,46°39.570774 E,0,1,0,0,689.77,-0.14,2,27119.000,1,15.920,71.51,-0.34,-0.08,0.16,-0.564263322884012,20.21,0.040,0,0,0,0.288989305496216
191611.640,16,25.42,182.0,24°52.884342 N,46°39.570768 E,0,1,0,0,689.78,-0.11,2,27152.000,1,15.960,71.79,-0.11,-0.07,0.15,-0.42486231313926,20.55,0.040,0,0,0,0.257144898176193
191611.680,16,25.55,182.6,24°52.884192 N,46°39.570750 E,0,1,0,0,689.79,-0.11,2,27186.000,1,16.000,72.07,-0.20,0.09,0.15,-0.42271713178598,20.50,0.040,0,0,0,0.241852194070816
191611.720,16,25.87,183.3,24°52.884036 N,46°39.570738 E,0,1,0,0,689.80,-0.07,2,27219.000,1,16.040,72.36,-0.20,0.22,0.15,-0.278357689631176,21.16,0.040,0,0,0,0.262745201587677
191611.760,16,25.60,184.7,24°52.883886 N,46°39.570720 E,0,1,0,0,689.79,-0.11,2,27286.000,1,16.080,72.65,-0.46,-0.19,0.15,-0.421875,20.13,0.040,0,0,0,0.27991059422493
191611.800,16,25.38,186.3,24°52.883736 N,46°39.570690 E,0,1,0,0,689.78,-0.11,2,27319.000,1,16.120,72.93,-0.50,-0.15,0.15,-0.425464859754176,18.34,0.040,0,0,0,0.335782796144485
191611.840,16,25.37,187.4,24°52.883586 N,46°39.570666 E,0,1,0,0,689.78,-0.11,2,27352.000,1,16.160,73.21,-0.35,-0.01,0.15,-0.425649312261065,17.57,0.040,0,0,0,0.331781506538391
191611.880,15,25.65,188.1,24°52.883430 N,46°39.570636 E,0,1,0,0,689.77,-0.14,2,27386.000,1,16.200,73.49,-0.20,0.19,0.15,-0.561491070732278,17.83,0.040,0,0,0,0.310808598995209
191611.920,15,25.61,188.6,24°52.883280 N,46°39.570612 E,0,1,0,0,689.77,-0.14,2,27419.000,1,16.240,73.78,-0.16,-0.03,0.15,-0.56234623345179,17.96,0.040,0,0,0,0.275827199220657
191611.960,15,25.54,189.2,24°52.883130 N,46°39.570582 E,0,1,0,0,689.76,-0.14,2,27486.000,1,16.280,74.06,-0.18,-0.05,0.14,-0.563931858233797,18.19,0.040,0,0,0,0.257156193256378
191612.000,15,25.22,189.7,24°52.882980 N,46°39.570552 E,0,1,0,0,689.76,-0.14,2,27519.000,1,16.320,74.35,-0.15,-0.22,0.14,-0.570930140353659,18.60,0.040,0,0,0,0.2638238966465
191612.040,15,25.20,190.4,24°52.882830 N,46°39.570516 E,0,1,0,0,689.75,-0.14,2,27552.000,1,16.360,74.63,-0.22,-0.01,0.14,-0.571337882875734,19.61,0.040,0,0,0,0.242066606879234
191612.080,15,25.24,191.2,24°52.882686 N,46°39.570480 E,0,1,0,0,689.75,-0.14,2,27586.000,1,16.400,74.91,-0.25,0.03,0.14,-0.570522979397781,19.74,0.040,0,0,0,0.236849993467331
191612.120,15,25.25,192.2,24°52.882536 N,46°39.570438 E,0,1,0,0,689.75,-0.14,2,27619.000,1,16.440,75.19,-0.33,0.01,0.14,-0.570206699928724,18.97,0.040,0,0,0,0.254738807678223
191612.160,15,25.21,193.7,24°52.882392 N,46°39.570396 E,0,1,0,0,689.75,-0.14,2,27686.000,1,16.480,75.47,-0.46,-0.03,0.14,-0.57117924715402,18.36,0.040,0,0,0,0.295390188694
191612.200,15,25.30,195.0,24°52.882248 N,46°39.570342 E,0,1,0,0,689.75,-0.14,2,27719.000,1,16.520,75.75,-0.41,0.06,0.14,-0.569147464527094,18.10,0.040,0,0,0,0.319202601909637
191612.240,16,25.24,195.5,24°52.882098 N,46°39.570300 E,0,1,0,0,689.75,-0.14,2,27752.000,1,16.560,76.03,-0.16,-0.04,0.13,-0.570455175692271,17.86,0.040,0,0,0,0.286062091588974
191612.280,16,25.35,196.0,24°52.881954 N,46°39.570252 E,0,1,0,0,689.73,-0.14,2,27785.000,1,16.600,76.31,-0.16,0.07,0.13,-0.568092157172163,18.11,0.040,0,0,0,0.262734591960907
191612.320,16,25.23,197.2,24°52.881810 N,46°39.570198 E,0,1,0,0,689.73,-0.14,2,27819.000,1,16.640,76.59,-0.37,-0.09,0.13,-0.570862239841427,17.31,0.040,0,0,0,0.28375169634819
191612.360,16,25.22,198.0,24°52.881666 N,46°39.570150 E,0,1,0,0,689.72,-0.14,2,27885.000,1,16.680,76.87,-0.25,0.00,0.13,-0.571020699500357,18.12,0.040,0,0,0,0.277320504188538
191612.400,16,25.10,198.8,24°52.881522 N,46°39.570090 E,0,1,0,0,689.71,-0.14,2,27919.000,1,16.720,77.15,-0.23,-0.08,0.13,-0.573728036973585,19.25,0.040,0,0,0,0.273045808076859
191612.440,16,25.27,199.8,24°52.881384 N,46°39.570030 E,0,1,0,0,689.71,-0.14,2,27952.000,1,16.760,77.43,-0.32,0.12,0.13,-0.569890770935571,19.51,0.040,0,0,0,0.281349092721939
191612.480,16,25.38,200.9,24°52.881240 N,46°39.569970 E,0,1,0,0,689.72,-0.11,2,27985.000,1,16.800,77.71,-0.36,0.08,0.12,-0.425531914893617,18.83,0.040,0,0,0,0.300051987171173
191612.520,16,25.55,202.2,24°52.881102 N,46°39.569898 E,0,1,0,0,689.71,-0.11,2,28019.000,1,16.840,77.99,-0.40,0.12,0.12,-0.422650960748249,17.94,0.040,0,0,0,0.327405214309692
191612.560,16,25.64,203.3,24°52.880958 N,46°39.569826 E,0,1,0,0,689.72,-0.07,2,28085.000,1,16.880,78.28,-0.36,0.06,0.12,-0.280822184952611,17.29,0.040,0,0,0,0.332676589488983
191612.600,16,25.57,204.3,24°52.880826 N,46°39.569754 E,0,1,0,0,689.72,-0.07,2,28119.000,1,16.920,78.56,-0.32,-0.05,0.12,-0.281568964842986,16.64,0.040,0,0,0,0.322840690612793
191612.640,16,25.72,204.8,24°52.880682 N,46°39.569682 E,0,1,0,0,689.72,-0.07,2,28152.000,1,16.960,78.85,-0.16,0.10,0.12,-0.279959561396687,16.98,0.040,0,0,0,0.295957893133163
191612.680,16,25.67,205.6,24°52.880544 N,46°39.569610 E,0,1,0,0,689.71,-0.07,2,28185.000,1,17.000,79.13,-0.24,-0.03,0.12,-0.280461202866937,17.01,0.040,0,0,0,0.279707908630371
191612.720,16,25.70,206.7,24°52.880406 N,46°39.569532 E,0,1,0,0,689.70,-0.07,2,28219.000,1,17.040,79.42,-0.35,0.02,0.12,-0.280112044817927,16.99,0.040,0,0,0,0.293162286281586
191612.760,16,25.73,207.9,24°52.880274 N,46°39.569448 E,0,1,0,0,689.68,-0.07,2,28285.000,1,17.080,79.70,-0.39,0.02,0.12,-0.279796370419306,17.28,0.040,0,0,0,0.312909305095673
191612.800,16,25.68,209.0,24°52.880142 N,46°39.569364 E,0,1,0,0,689.69,-0.07,2,28319.000,1,17.120,79.99,-0.34,-0.04,0.12,-0.280351997507982,17.56,0.040,0,0,0,0.318015098571777
191612.840,16,25.68,210.0,24°52.880010 N,46°39.569274 E,0,1,0,0,689.68,-0.04,2,28352.000,1,17.160,80.28,-0.34,0.00,0.12,-0.140175998753991,16.87,0.040,0,0,0,0.322279900312424
191612.880,16,25.72,210.9,24°52.879878 N,46°39.569190 E,0,1,0,0,689.68,-0.04,2,28385.000,1,17.200,80.56,-0.27,0.02,0.11,-0.139996111219133,16.51,0.040,0,0,0,0.311490595340729
191612.920,16,25.77,211.6,24°52.879746 N,46°39.569094 E,0,1,0,0,689.66,-0.07,2,28419.000,1,17.240,80.85,-0.24,0.04,0.11,-0.279448864738987,17.03,0.040,0,0,0,0.298191487789154
191612.960,16,25.87,212.5,24°52.879620 N,46°39.569004 E,0,1,0,0,689.66,-0.07,2,28485.000,1,17.280,81.13,-0.27,0.07,0.11,-0.278314650173947,17.07,0.040,0,0,0,0.295837193727493
191613.000,16,25.99,213.4,24°52.879488 N,46°39.568902 E,0,1,0,0,689.67,-0.04,2,28519.000,1,17.320,81.42,-0.30,0.08,0.11,-0.138525473295367,16.93,0.040,0,0,0,0.301336497068405
191613.040,16,26.04,214.4,24°52.879362 N,46°39.568800 E,0,1,0,0,689.67,-0.04,2,28552.000,1,17.360,81.71,-0.32,0.04,0.11,-0.1382541572257,17.00,0.040,0,0,0,0.303840905427933
191613.080,16,25.96,215.4,24°52.879236 N,46°39.568698 E,0,1,0,0,689.67,0.00,2,28585.000,1,17.400,82.00,-0.32,-0.06,0.11,0,17.10,0.040,0,0,0,0.304502606391907
191613.120,16,26.07,216.7,24°52.879116 N,46°39.568590 E,0,1,0,0,689.67,0.00,2,28619.000,1,17.440,82.29,-0.41,0.08,0.11,0,17.13,0.040,0,0,0,0.328356504440308
191613.160,16,26.22,217.9,24°52.878996 N,46°39.568482 E,0,0,0,0,689.67,0.04,1,28685.000,1,17.480,82.58,-0.38,0.11,0.11,0.137305007818757,17.17,0.040,0,0,0,0.345599412918091
191613.200,16,26.38,218.7,24°52.878870 N,46°39.568374 E,0,0,0,0,689.66,0.00,1,28719.000,1,17.520,82.87,-0.25,0.11,0.11,0,17.57,0.040,0,0,0,0.333162188529968
191613.240,16,26.66,219.2,24°52.878750 N,46°39.568260 E,0,0,0,0,689.66,0.04,1,28752.000,1,17.560,83.17,-0.19,0.20,0.11,0.135043889264011,17.66,0.040,0,0,0,0.327957689762115
191613.280,16,26.96,220.4,24°52.878624 N,46°39.568140 E,0,0,0,0,689.65,0.04,1,28785.000,1,17.600,83.46,-0.39,0.22,0.11,0.133511348464619,17.35,0.040,0,0,0,0.362159490585327
191613.320,16,26.99,221.3,24°52.878504 N,46°39.568020 E,0,0,0,0,689.65,0.04,1,28819.000,1,17.640,83.76,-0.28,0.02,0.11,0.13336791019894,17.67,0.040,0,0,0,0.322667807340622
191613.360,16,27.02,222.2,24°52.878390 N,46°39.567900 E,0,0,0,0,689.64,0.04,1,28885.000,1,17.680,84.06,-0.31,0.02,0.11,0.133224779809044,18.04,0.040,0,0,0,0.314064800739288
191613.400,16,27.17,223.2,24°52.878270 N,46°39.567774 E,0,0,0,0,689.64,0.04,1,28919.000,1,17.720,84.37,-0.35,0.11,0.11,0.13248445147757,18.17,0.040,0,0,0,0.327911198139191
191613.440,16,27.27,224.1,24°52.878156 N,46°39.567648 E,0,0,0,0,689.64,0.04,1,28952.000,1,17.760,84.67,-0.29,0.07,0.11,0.132013201320132,18.52,0.040,0,0,0,0.320175588130951
191613.480,16,27.64,224.9,24°52.878036 N,46°39.567516 E,0,0,0,0,689.64,0.07,1,28985.000,1,17.800,84.97,-0.29,0.26,0.11,0.260520316966386,18.77,0.040,0,0,0,0.349366992712021
191613.520,16,27.76,226.0,24°52.877922 N,46°39.567384 E,0,0,0,0,689.62,0.04,1,29019.000,1,17.840,85.28,-0.35,0.09,0.11,0.129668983899434,18.52,0.040,0,0,0,0.340250998735428
191613.560,16,27.94,226.7,24°52.877808 N,46°39.567246 E,0,0,0,0,689.61,0.04,1,29085.000,1,17.880,85.59,-0.24,0.13,0.11,0.128833697169237,18.82,0.040,0,0,0,0.326734602451324
191613.600,16,27.95,227.1,24°52.877694 N,46°39.567114 E,0,0,0,0,689.61,0.07,1,29119.000,1,17.920,85.90,-0.15,0.00,0.11,0.25763051490321,19.53,0.040,0,0,0,0.278024911880493
191613.640,16,28.09,227.5,24°52.877580 N,46°39.566976 E,0,0,0,0,689.61,0.07,1,29152.000,1,17.960,86.21,-0.15,0.10,0.11,0.256309850129935,20.46,0.040,0,0,0,0.26080310344696
191613.680,16,28.13,228.5,24°52.877472 N,46°39.566838 E,0,0,0,0,689.61,0.07,1,29185.000,1,18.000,86.52,-0.32,0.03,0.12,0.255981796850002,20.61,0.040,0,0,0,0.268059700727463
191613.720,16,28.42,229.3,24°52.877364 N,46°39.566694 E,0,0,0,0,689.61,0.11,1,29219.000,1,18.040,86.84,-0.29,0.21,0.12,0.379987333755541,21.56,0.040,0,0,0,0.29916700720787
191613.760,16,28.40,230.1,24°52.877256 N,46°39.566550 E,0,0,0,0,689.60,0.11,1,29285.000,1,18.080,87.15,-0.28,-0.02,0.12,0.380321864985738,22.26,0.040,0,0,0,0.275863289833069
191613.800,16,28.67,230.5,24°52.877142 N,46°39.566406 E,0,0,0,0,689.59,0.11,1,29319.000,1,18.120,87.47,-0.14,0.19,0.12,0.376739805351101,23.18,0.040,0,0,0,0.273044288158417
191613.840,16,28.92,231.1,24°52.877034 N,46°39.566256 E,0,0,0,0,689.58,0.11,1,29352.000,1,18.160,87.79,-0.23,0.18,0.12,0.373508559571157,23.24,0.040,0,0,0,0.284162789583206
191613.880,16,29.19,231.9,24°52.876926 N,46°39.566100 E,0,1,0,0,689.58,0.11,2,29385.000,1,18.200,88.11,-0.28,0.20,0.12,0.369964373801041,24.27,0.040,0,0,0,0.303758710622787
191613.920,16,29.36,232.9,24°52.876824 N,46°39.565944 E,0,1,0,0,689.59,0.14,2,29419.000,1,18.240,88.44,-0.35,0.12,0.12,0.49042980723384,24.12,0.040,0,0,0,0.307212710380554
191613.960,16,29.65,233.2,24°52.876716 N,46°39.565788 E,0,0,0,0,689.59,0.14,1,29485.000,1,18.280,88.77,-0.13,0.20,0.12,0.485731633272617,25.62,0.040,0,0,0,0.298670798540115
191614.000,16,29.73,233.6,24°52.876608 N,46°39.565632 E,0,0,0,0,689.59,0.18,1,29519.000,1,18.320,89.10,-0.13,0.06,0.12,0.605550883095038,27.42,0.040,0,0,0,0.248372092843056
191614.040,16,29.83,233.8,24°52.876506 N,46°39.565476 E,0,0,0,0,689.59,0.22,1,29552.000,1,18.360,89.43,-0.09,0.07,0.13,0.724200362100181,29.27,0.040,0,0,0,0.214465498924255
191614.080,16,30.09,234.1,24°52.876398 N,46°39.565314 E,0,0,0,0,689.60,0.22,1,29585.000,1,18.400,89.76,-0.10,0.19,0.13,0.717798750498471,31.33,0.040,0,0,0,0.225039705634117
191614.120,16,30.26,234.7,24°52.876296 N,46°39.565152 E,0,0,0,0,689.61,0.25,1,29619.000,1,18.440,90.10,-0.23,0.12,0.13,0.83283759666865,32.97,0.040,0,0,0,0.226428598165512
191614.160,16,30.44,235.7,24°52.876194 N,46°39.564984 E,0,0,0,0,689.61,0.29,1,29685.000,1,18.480,90.43,-0.38,0.13,0.13,0.946061362591157,32.03,0.040,0,0,0,0.260005086660385
191614.200,16,30.55,236.7,24°52.876098 N,46°39.564810 E,0,0,0,0,689.62,0.32,1,29719.000,1,18.520,90.77,-0.37,0.08,0.14,1.06045232874022,30.32,0.040,0,0,0,0.274680405855179
191614.240,16,30.82,237.2,24°52.875996 N,46°39.564642 E,0,0,0,0,689.62,0.32,1,29752.000,1,18.560,91.11,-0.19,0.19,0.14,1.05126541207008,30.38,0.040,0,0,0,0.282852590084076
191614.280,16,30.87,237.8,24°52.875900 N,46°39.564468 E,0,0,0,0,689.62,0.36,1,29785.000,1,18.600,91.46,-0.22,0.04,0.14,1.16602966897713,31.61,0.040,0,0,0,0.254753589630127
191614.320,16,31.04,238.3,24°52.875804 N,46°39.564294 E,0,0,0,0,689.63,0.36,1,29819.000,1,18.640,91.80,-0.20,0.12,0.15,1.15968173179139,32.90,0.040,0,0,0,0.252800494432449
191614.360,16,31.22,238.7,24°52.875708 N,46°39.564114 E,0,0,0,0,689.64,0.40,1,29885.000,1,18.680,92.15,-0.13,0.12,0.15,1.26858021527422,34.81,0.040,0,0,0,0.23880660533905
191614.400,16,31.27,239.4,24°52.875612 N,46°39.563940 E,0,0,0,0,689.64,0.40,1,29919.000,1,18.720,92.49,-0.31,0.04,0.15,1.26638951071314,33.26,0.040,0,0,0,0.241843402385712
191614.440,16,31.57,240.6,24°52.875522 N,46°39.563754 E,0,0,0,0,689.64,0.43,1,29952.000,1,18.760,92.84,-0.45,0.21,0.16,1.36860446697291,31.83,0.040,0,0,0,0.308000504970551
191614.480,16,31.81,241.2,24°52.875432 N,46°39.563568 E,0,0,0,0,689.63,0.40,1,29985.000,1,18.800,93.19,-0.25,0.17,0.16,1.2450481041313,32.60,0.040,0,0,0,0.310548394918442
191614.520,16,32.00,241.7,24°52.875342 N,46°39.563382 E,0,0,0,0,689.64,0.43,1,30019.000,1,18.840,93.55,-0.17,0.14,0.17,1.35012657436635,34.78,0.040,0,0,0,0.288623213768005
191614.560,16,32.15,242.3,24°52.875252 N,46°39.563196 E,0,0,0,0,689.64,0.43,1,30085.000,1,18.880,93.90,-0.24,0.11,0.17,1.34361781537696,34.02,0.040,0,0,0,0.2783282995224
191614.600,16,32.32,243.0,24°52.875168 N,46°39.563004 E,0,0,0,0,689.65,0.47,1,30119.000,1,18.920,94.26,-0.27,0.12,0.18,1.44797500077349,32.99,0.040,0,0,0,0.281259089708328
191614.640,16,32.59,243.2,24°52.875078 N,46°39.562812 E,0,0,0,0,689.66,0.47,1,30152.000,1,18.960,94.62,-0.11,0.19,0.18,1.43597925807738,33.10,0.040,0,0,0,0.274039298295975
191614.680,16,32.77,243.8,24°52.874994 N,46°39.562614 E,0,0,0,0,689.67,0.50,1,30185.000,1,19.000,94.99,-0.22,0.13,0.19,1.53794513441763,32.40,0.040,0,0,0,0.264662802219391
191614.720,16,32.94,244.5,24°52.874910 N,46°39.562416 E,0,0,0,0,689.67,0.50,1,30219.000,1,19.040,95.35,-0.28,0.12,0.19,1.53005464480874,32.31,0.040,0,0,0,0.268461912870407
191614.760,16,33.12,244.8,24°52.874826 N,46°39.562218 E,0,0,0,0,689.67,0.50,1,30285.000,1,19.080,95.72,-0.13,0.12,0.20,1.52192293755284,35.00,0.040,0,0,0,0.248922392725945
191614.800,16,33.32,245.4,24°52.874742 N,46°39.562020 E,0,0,0,0,689.68,0.50,1,30319.000,1,19.120,96.09,-0.24,0.14,0.20,1.51269584008644,36.79,0.040,0,0,0,0.257782310247421
191614.840,16,33.46,245.7,24°52.874664 N,46°39.561816 E,0,0,0,0,689.69,0.54,1,30352.000,1,19.160,96.46,-0.12,0.10,0.21,1.61410850396054,37.87,0.040,0,0,0,0.231184795498848
191614.880,16,33.65,246.2,24°52.874580 N,46°39.561612 E,0,0,0,0,689.70,0.54,1,30385.000,1,19.200,96.83,-0.24,0.14,0.21,1.60480252013433,38.13,0.040,0,0,0,0.242838397622108
191614.920,16,33.75,246.8,24°52.874502 N,46°39.561408 E,0,0,0,0,689.70,0.54,1,30419.000,1,19.240,97.21,-0.22,0.07,0.22,1.60018965210692,38.15,0.040,0,0,0,0.231972500681877
191614.960,16,33.84,247.2,24°52.874424 N,46°39.561198 E,0,0,0,0,689.70,0.54,1,30485.000,1,19.280,97.58,-0.18,0.07,0.22,1.59555608084151,37.84,0.040,0,0,0,0.220672905445099
191615.000,16,34.16,247.5,24°52.874346 N,46°39.560988 E,0,0,0,0,689.70,0.54,1,30519.000,1,19.320,97.96,-0.15,0.22,0.23,1.5807962529274,40.30,0.040,0,0,0,0.24701139330864
191615.040,16,34.33,247.7,24°52.874268 N,46°39.560778 E,0,0,0,0,689.70,0.50,1,30552.000,1,19.360,98.34,-0.07,0.12,0.24,1.46827477713686,46.02,0.040,0,0,0,0.216988205909729
191615.080,16,34.65,248.2,24°52.874190 N,46°39.560562 E,0,0,0,0,689.71,0.54,1,30585.000,1,19.400,98.72,-0.19,0.23,0.24,1.55826167253419,47.72,0.040,0,0,0,0.252722799777985
191615.120,16,34.87,248.2,24°52.874112 N,46°39.560352 E,0,0,0,0,689.72,0.58,1,30619.000,1,19.440,99.11,-0.01,0.16,0.25,1.65170762481002,51.10,0.040,0,0,0,0.220282599329948
191615.160,16,35.02,248.5,24°52.874034 N,46°39.560136 E,0,0,0,0,689.73,0.58,1,30685.000,1,19.480,99.50,-0.13,0.11,0.25,1.64458656920968,53.81,0.040,0,0,0,0.195862293243408
191615.200,16,35.13,249.0,24°52.873962 N,46°39.559920 E,0,0,0,0,689.73,0.58,1,30719.000,1,19.520,99.89,-0.22,0.07,0.26,1.63985765124555,55.50,0.040,0,0,0,0.187549695372581
191615.240,16,35.33,249.5,24°52.873890 N,46°39.559698 E,0,0,0,0,689.73,0.58,1,30752.000,1,19.560,100.28,-0.24,0.15,0.27,1.63015792154865,53.49,0.040,0,0,0,0.213052198290825
191615.280,16,35.47,249.9,24°52.873812 N,46°39.559476 E,0,0,0,0,689.73,0.54,1,30785.000,1,19.600,100.67,-0.16,0.10,0.27,1.5222416417658,55.15,0.040,0,0,0,0.204044803977013
191615.320,16,35.74,250.2,24°52.873740 N,46°39.559254 E,0,0,0,0,689.74,0.58,1,30819.000,1,19.640,101.07,-0.14,0.19,0.28,1.6117749111565,59.21,0.040,0,0,0,0.221193104982376
191615.360,16,35.94,250.1,24°52.873668 N,46°39.559032 E,0,0,0,0,689.75,0.58,1,30885.000,1,19.680,101.47,0.05,0.15,0.29,1.60258193756608,64.29,0.040,0,0,0,0.190750196576118
191615.400,16,36.05,250.2,24°52.873590 N,46°39.558804 E,0,0,0,0,689.75,0.58,1,30919.000,1,19.720,101.87,-0.03,0.07,0.29,1.59791383471579,71.47,0.040,0,0,0,0.151057705283165
191615.440,16,36.23,250.3,24°52.873518 N,46°39.558582 E,0,0,0,0,689.75,0.61,1,30952.000,1,19.760,102.27,-0.07,0.13,0.30,1.68934772407321,73.87,0.040,0,0,0,0.153388693928719
191615.480,16,36.30,250.5,24°52.873446 N,46°39.558354 E,0,0,0,0,689.76,0.61,1,30985.000,1,19.800,102.67,-0.08,0.05,0.30,1.68618266978923,80.57,0.040,0,0,0,0.125918999314308
191615.520,16,36.55,250.5,24°52.873374 N,46°39.558126 E,0,0,0,0,689.77,0.61,1,31019.000,1,19.840,103.07,0.00,0.18,0.31,1.674372794178,92.88,0.040,0,0,0,0.151902198791504
191615.560,16,36.62,250.6,24°52.873302 N,46°39.557898 E,0,0,0,0,689.78,0.61,1,31085.000,1,19.880,103.48,-0.03,0.05,0.32,1.67126355170813,103.24,0.040,0,0,0,0.111349999904633
191615.600,16,36.75,250.6,24°52.873224 N,46°39.557670 E,0,0,0,0,689.78,0.65,1,31119.000,1,19.920,103.89,-0.02,0.09,0.32,1.76331328743639,113.79,0.040,0,0,0,0.107222601771355
191615.640,16,36.84,250.4,24°52.873146 N,46°39.557442 E,0,0,0,0,689.78,0.61,1,31152.000,1,19.960,104.30,0.09,0.06,0.33,1.66146328220443,129.75,0.040,0,0,0,0.0808485820889473
191615.680,16,36.99,250.7,24°52.873074 N,46°39.557214 E,0,0,0,0,689.79,0.65,1,31185.000,1,20.000,104.71,-0.11,0.11,0.34,1.75163540033519,140.24,0.040,0,0,0,0.104242600500584
191615.720,16,37.22,250.6,24°52.873002 N,46°39.556980 E,0,0,0,0,689.80,0.65,1,31219.000,1,20.040,105.12,0.05,0.16,0.35,1.74099946265449,148.46,0.040,0,0,0,0.13002060353756
191615.760,16,37.46,250.6,24°52.872924 N,46°39.556746 E,0,0,0,0,689.80,0.65,1,31285.000,1,20.080,105.54,0.00,0.17,0.35,1.72993753003364,170.90,0.040,0,0,0,0.149308905005455
191615.800,16,37.61,250.5,24°52.872846 N,46°39.556512 E,0,0,0,0,689.81,0.65,1,31319.000,1,20.120,105.95,0.04,0.10,0.36,1.72312928787959,239.25,0.040,0,0,0,0.12652899324894
191615.840,16,37.58,250.6,24°52.872774 N,46°39.556278 E,0,0,0,0,689.83,0.68,1,31352.000,1,20.160,106.37,-0.03,-0.02,0.37,1.82011708355508,350.45,0.040,0,0,0,0.0558117814362049
191615.880,16,37.66,250.4,24°52.872696 N,46°39.556044 E,0,0,0,0,689.83,0.68,1,31385.000,1,20.200,106.79,0.07,0.06,0.37,1.81610599261875,707.98,0.040,0,0,0,0.0564549714326859
191615.920,16,37.88,250.6,24°52.872618 N,46°39.555810 E,0,0,0,0,689.83,0.68,1,31419.000,1,20.240,107.21,-0.07,0.16,0.38,1.80555922181453,1000.00,0.040,0,0,0,0.106544300913811
191615.960,16,37.98,250.6,24°52.872540 N,46°39.555570 E,0,0,0,0,689.84,0.72,1,31485.000,1,20.280,107.63,-0.01,0.07,0.39,1.8955349620893,773.39,0.040,0,0,0,0.0893322601914406
191616.000,16,38.18,250.8,24°52.872468 N,46°39.555330 E,0,0,0,0,689.85,0.72,1,31519.000,1,20.320,108.05,-0.12,0.14,0.40,1.88570530616521,560.08,0.040,0,0,0,0.1188855022192
191616.040,16,38.35,250.9,24°52.872390 N,46°39.555090 E,0,0,0,0,689.86,0.72,1,31552.000,1,20.360,108.48,-0.02,0.12,0.40,1.87724878761016,687.16,0.040,0,0,0,0.122117102146149
191616.080,16,38.41,250.7,24°52.872312 N,46°39.554856 E,0,0,0,0,689.87,0.76,1,31585.000,1,20.400,108.90,0.07,0.04,0.41,1.96833992918142,1000.00,0.040,0,0,0,0.0790503025054932
191616.120,16,38.53,250.6,24°52.872234 N,46°39.554616 E,0,0,0,0,689.88,0.76,1,31619.000,1,20.440,109.33,0.07,0.09,0.42,1.96190377329112,1000.00,0.040,0,0,0,0.0839505419135094
191616.160,16,38.78,250.7,24°52.872156 N,46°39.554370 E,0,0,0,0,689.89,0.76,1,31685.000,1,20.480,109.76,-0.04,0.18,0.43,1.94930768635742,1000.00,0.040,0,0,0,0.129915997385979
191616.200,16,38.91,250.8,24°52.872078 N,46°39.554130 E,0,0,0,0,689.90,0.79,1,31719.000,1,20.520,110.19,-0.07,0.09,0.44,2.03572805551986,1000.00,0.040,0,0,0,0.109584197402
191616.240,16,39.08,250.8,24°52.872000 N,46°39.553884 E,0,0,0,0,689.92,0.79,1,31752.000,1,20.560,110.63,-0.01,0.12,0.45,2.02671579917089,916.87,0.040,0,0,0,0.116324901580811
191616.280,16,39.11,250.7,24°52.871922 N,46°39.553638 E,0,0,0,0,689.93,0.83,1,31785.000,1,20.600,111.06,0.08,0.02,0.45,2.1171055995909,1000.00,0.040,0,0,0,0.0692620873451233
191616.320,16,39.15,250.5,24°52.871844 N,46°39.553398 E,0,0,0,0,689.93,0.83,1,31819.000,1,20.640,111.49,0.10,0.03,0.46,2.11494252873563,1000.00,0.040,0,0,0,0.0539788007736206
191616.360,16,39.28,250.2,24°52.871760 N,46°39.553152 E,0,0,0,0,689.94,0.83,1,31885.000,1,20.680,111.93,0.13,0.09,0.47,2.10815765352887,966.64,0.040,0,0,0,0.082234188914299
191616.400,16,39.44,250.2,24°52.871682 N,46°39.552906 E,0,0,0,0,689.94,0.83,1,31919.000,1,20.720,112.37,-0.02,0.12,0.48,2.09928502611429,1000.00,0.040,0,0,0,0.0983142033219337
191616.440,16,39.66,250.3,24°52.871598 N,46°39.552660 E,0,0,0,0,689.96,0.83,1,31952.000,1,20.760,112.81,-0.06,0.16,0.49,2.08769319986889,1000.00,0.040,0,0,0,0.125109702348709
191616.480,16,39.92,250.3,24°52.871520 N,46°39.552414 E,0,0,0,0,689.97,0.86,1,31985.000,1,20.800,113.25,0.02,0.18,0.50,2.16432865731463,1000.00,0.040,0,0,0,0.154639899730682
191616.520,16,39.96,250.3,24°52.871436 N,46°39.552162 E,0,1,0,0,689.98,0.86,2,32019.000,1,20.840,113.69,0.01,0.03,0.51,2.16194575117606,1000.00,0.040,0,0,0,0.0931762307882309
191616.560,16,39.82,250.3,24°52.871358 N,46°39.551916 E,0,1,0,0,690.00,0.90,2,32085.000,1,20.880,114.14,0.02,-0.10,0.52,2.26017076845806,1000.00,0.040,0,0,0,0.015612879768014
191616.600,16,39.77,250.0,24°52.871268 N,46°39.551670 E,0,1,0,0,689.99,0.86,2,32119.000,1,20.920,114.58,0.10,-0.04,0.53,2.17254645578214,484.40,0.040,0,0,0,0.0382087416946888
191616.640,16,40.04,250.2,24°52.871190 N,46°39.551424 E,0,1,0,0,690.00,0.86,2,32152.000,1,20.960,115.02,-0.05,0.19,0.54,2.15768049346952,528.88,0.040,0,0,0,0.0881127864122391
191616.680,16,40.25,250.0,24°52.871106 N,46°39.551172 E,0,1,0,0,690.01,0.86,2,32185.000,1,21.000,115.47,0.05,0.15,0.55,2.14647719367982,559.50,0.040,0,0,0,0.119482398033142
191616.720,16,40.18,249.9,24°52.871022 N,46°39.550926 E,0,1,0,0,690.02,0.86,2,32219.000,1,21.040,115.91,0.08,-0.05,0.56,2.1505376344086,553.61,0.040,0,0,0,0.0461922511458397
191616.760,16,40.26,249.8,24°52.870932 N,46°39.550674 E,0,1,0,0,690.02,0.86,2,32285.000,1,21.080,116.36,0.04,0.06,0.57,2.14631722767358,445.95,0.040,0,0,0,0.0557671897113323
191616.800,16,40.50,250.1,24°52.870854 N,46°39.550422 E,0,1,0,0,690.03,0.86,2,32319.000,1,21.120,116.81,-0.12,0.17,0.58,2.1335440537337,510.84,0.040,0,0,0,0.10743360221386
191616.840,16,40.74,250.4,24°52.870770 N,46°39.550170 E,0,1,0,0,690.05,0.86,2,32352.000,1,21.160,117.26,-0.15,0.17,0.59,2.12086994943296,800.45,0.040,0,0,0,0.141641706228256
191616.880,16,40.84,250.2,24°52.870686 N,46°39.549912 E,0,1,0,0,690.06,0.90,2,32385.000,1,21.200,117.71,0.05,0.07,0.60,2.20361392684002,926.40,0.040,0,0,0,0.107029296457767
191616.920,16,40.89,250.0,24°52.870602 N,46°39.549660 E,0,1,0,0,690.07,0.90,2,32419.000,1,21.240,118.17,0.11,0.03,0.60,2.20129631894338,899.59,0.040,0,0,0,0.0699351504445076
191616.960,16,40.82,249.8,24°52.870512 N,46°39.549408 E,0,1,0,0,690.08,0.90,2,32485.000,1,21.280,118.62,0.13,-0.05,0.61,2.20480156785889,906.52,0.040,0,0,0,0.0393648408353329
191617.000,16,41.04,249.2,24°52.870422 N,46°39.549156 E,0,1,0,0,690.08,0.90,2,32519.000,1,21.320,119.08,0.26,0.16,0.62,2.19276873599064,394.31,0.040,0,0,0,0.118566803634167
191617.040,16,41.30,249.2,24°52.870332 N,46°39.548898 E,0,1,0,0,690.09,0.90,2,32552.000,1,21.360,119.54,0.01,0.18,0.63,2.17922952129591,347.16,0.040,0,0,0,0.149851098656654
191617.080,16,41.50,249.5,24°52.870242 N,46°39.548640 E,0,1,0,0,690.11,0.94,2,32585.000,1,21.400,120.00,-0.13,0.14,0.64,2.25558474106562,465.10,0.040,0,0,0,0.139762997627258
191617.120,16,41.60,249.6,24°52.870158 N,46°39.548382 E,0,1,0,0,690.13,0.94,2,32619.000,1,21.440,120.46,-0.05,0.07,0.65,2.2501081782778,536.80,0.040,0,0,0,0.104854397475719
191617.160,16,41.60,249.7,24°52.870074 N,46°39.548130 E,0,1,0,0,690.14,0.97,2,32685.000,1,21.480,120.92,-0.09,0.00,0.66,2.33642613335897,758.15,0.040,0,0,0,0.0536767616868019
191617.200,16,41.70,249.5,24°52.869984 N,46°39.547872 E,0,1,0,0,690.16,0.97,2,32719.000,1,21.520,121.38,0.10,0.07,0.68,2.33121477395371,773.12,0.040,0,0,0,0.0616826303303242
191617.240,16,41.52,249.1,24°52.869888 N,46°39.547620 E,0,1,0,0,690.15,0.94,2,32752.000,1,21.560,121.84,0.22,-0.13,0.69,2.25460676863784,376.49,0.040,0,0,0,0.0659322068095207
191617.280,16,41.62,248.8,24°52.869798 N,46°39.547362 E,0,1,0,0,690.15,0.94,2,32785.000,1,21.600,122.31,0.18,0.08,0.70,2.24875669701848,307.40,0.040,0,0,0,0.083400160074234
191617.320,16,41.72,248.7,24°52.869702 N,46°39.547104 E,0,1,0,0,690.16,0.94,2,32819.000,1,21.640,122.77,0.01,0.07,0.71,2.24368962293549,343.42,0.040,0,0,0,0.0797262489795685
191617.360,16,41.93,248.7,24°52.869612 N,46°39.546846 E,0,1,0,0,690.17,0.94,2,32885.000,1,21.680,123.23,0.00,0.15,0.72,2.23213221090788,371.11,0.040,0,0,0,0.111643202602863
191617.400,16,42.11,248.8,24°52.869516 N,46°39.546582 E,0,1,0,0,690.18,0.94,2,32919.000,1,21.720,123.70,-0.04,0.12,0.73,2.22280272625804,321.43,0.040,0,0,0,0.116921603679657
191617.440,16,42.32,249.0,24°52.869426 N,46°39.546318 E,0,1,0,0,690.20,0.94,2,32952.000,1,21.760,124.17,-0.11,0.15,0.74,2.21182475542322,303.38,0.040,0,0,0,0.129889696836472
191617.480,16,42.46,249.0,24°52.869336 N,46°39.546054 E,0,1,0,0,690.22,0.97,2,32985.000,1,21.800,124.64,0.01,0.10,0.75,2.28948298198092,328.01,0.040,0,0,0,0.113468803465366
191617.520,16,42.36,249.0,24°52.869246 N,46°39.545796 E,0,1,0,0,690.24,0.97,2,33019.000,1,21.840,125.11,-0.01,-0.07,0.76,2.2947259077388,402.48,0.040,0,0,0,0.0225391797721386
191617.560,16,42.52,248.7,24°52.869150 N,46°39.545538 E,0,1,0,0,690.25,0.97,2,33085.000,1,21.880,125.58,0.16,0.11,0.77,2.28619813717189,390.38,0.040,0,0,0,0.0754375606775284
191617.600,16,42.61,248.7,24°52.869054 N,46°39.545274 E,0,1,0,0,690.25,0.97,2,33119.000,1,21.920,126.06,0.03,0.06,0.78,2.28136882129278,705.13,0.040,0,0,0,0.0735801085829735
191617.640,16,42.66,248.5,24°52.868958 N,46°39.545016 E,0,0,0,0,690.26,0.97,1,33152.000,1,21.960,126.53,0.10,0.04,0.79,2.27826739171198,550.56,0.040,0,0,0,0.0709826499223709
191617.680,16,42.77,248.4,24°52.868862 N,46°39.544752 E,0,0,0,0,690.27,0.97,1,33185.000,1,22.000,127.00,0.05,0.07,0.80,2.27272727272727,375.72,0.040,0,0,0,0.0796707570552826
191617.720,16,42.98,248.4,24°52.868766 N,46°39.544488 E,0,0,0,0,690.28,1.01,1,33219.000,1,22.040,127.48,-0.02,0.15,0.81,2.34544058449869,355.02,0.040,0,0,0,0.111380197107792
191617.760,16,43.04,248.4,24°52.868670 N,46°39.544224 E,0,0,0,0,690.29,1.01,1,33285.000,1,22.080,127.96,0.00,0.05,0.82,2.34189861065936,310.91,0.040,0,0,0,0.0806218236684799
191617.800,16,43.15,248.6,24°52.868574 N,46°39.543960 E,0,0,0,0,690.30,1.01,1,33319.000,1,22.120,128.44,-0.08,0.08,0.83,2.33587467846963,423.08,0.040,0,0,0,0.0776534825563431
191617.840,16,43.33,248.4,24°52.868478 N,46°39.543696 E,0,0,0,0,690.31,1.01,1,33352.000,1,22.160,128.92,0.07,0.13,0.85,2.32617173978261,610.32,0.040,0,0,0,0.104300700128078
191617.880,16,43.48,248.4,24°52.868376 N,46°39.543426 E,0,0,0,0,690.32,1.01,1,33385.000,1,22.200,129.40,0.03,0.11,0.86,2.31809401159047,1000.00,0.040,0,0,0,0.106948301196098
191617.920,16,43.49,248.3,24°52.868280 N,46°39.543162 E,0,1,0,0,690.33,1.04,2,33419.000,1,22.240,129.88,0.02,0.01,0.87,2.40044146049848,1000.00,0.040,0,0,0,0.0585571303963661
191617.960,16,43.48,248.3,24°52.868184 N,46°39.542898 E,0,1,0,0,690.34,1.04,2,33485.000,1,22.280,130.37,0.01,-0.01,0.88,2.40126963681947,970.03,0.040,0,0,0,0.0294009801000357
191618.000,16,43.48,248.3,24°52.868088 N,46°39.542628 E,0,1,0,0,690.36,1.04,2,33519.000,1,22.320,130.85,0.02,0.00,0.89,2.40088308343299,766.13,0.040,0,0,0,0.0240936893969774
191618.040,16,43.48,248.3,24°52.867986 N,46°39.542364 E,0,1,0,0,690.36,1.04,2,33552.000,1,22.360,131.33,-0.01,0.00,0.90,2.40088308343299,568.82,0.040,0,0,0,0.015248510055244
191618.080,16,43.74,248.2,24°52.867890 N,46°39.542094 E,0,1,0,0,690.37,1.04,2,33585.000,1,22.400,131.82,0.04,0.18,0.91,2.38661302121434,528.77,0.040,0,0,0,0.0970158576965332
191618.120,16,43.88,248.1,24°52.867788 N,46°39.541824 E,0,1,0,0,690.37,1.01,2,33619.000,1,22.440,132.30,0.05,0.10,0.93,2.29696472518458,471.39,0.040,0,0,0,0.100333198904991
191618.160,16,44.00,248.3,24°52.867692 N,46°39.541554 E,0,1,0,0,690.37,1.01,2,33685.000,1,22.480,132.79,-0.07,0.08,0.94,2.29096115820814,897.78,0.040,0,0,0,0.0896641314029694
191618.200,16,44.11,248.1,24°52.867590 N,46°39.541284 E,0,0,0,0,690.39,1.01,1,33719.000,1,22.520,133.28,0.07,0.08,0.95,2.28514429507379,784.41,0.040,0,0,0,0.0863168686628342
191618.240,16,44.13,248.0,24°52.867488 N,46°39.541014 E,0,1,0,0,690.41,1.04,2,33752.000,1,22.560,133.77,0.09,0.01,0.96,2.36579120306374,829.53,0.040,0,0,0,0.0585659295320511
191618.280,16,44.23,247.7,24°52.867386 N,46°39.540744 E,0,1,0,0,690.42,1.04,2,33785.000,1,22.600,134.26,0.16,0.07,0.97,2.36038887632828,605.11,0.040,0,0,0,0.0832693725824356
191618.320,16,44.27,247.6,24°52.867284 N,46°39.540480 E,0,1,0,0,690.43,1.08,2,33819.000,1,22.640,134.75,0.06,0.03,0.98,2.4396304411665,504.46,0.040,0,0,0,0.0729420408606529
191618.360,16,44.34,247.5,24°52.867176 N,46°39.540210 E,0,1,0,0,690.44,1.04,2,33885.000,1,22.680,135.25,0.04,0.05,0.99,2.35463936127024,466.30,0.040,0,0,0,0.0706929564476013
191618.400,16,44.44,247.5,24°52.867074 N,46°39.539934 E,0,1,0,0,690.45,1.08,2,33919.000,1,22.720,135.74,0.03,0.07,1.01,2.43035240109816,383.68,0.040,0,0,0,0.0760903730988503
191618.440,16,44.51,247.2,24°52.866972 N,46°39.539664 E,0,1,0,0,690.48,1.08,2,33952.000,1,22.760,136.23,0.14,0.05,1.02,2.42658458220055,345.26,0.040,0,0,0,0.0862322896718979
191618.480,16,44.67,247.2,24°52.866864 N,46°39.539394 E,0,1,0,0,690.49,1.12,2,33985.000,1,22.800,136.73,-0.03,0.11,1.03,2.49860069405575,380.14,0.040,0,0,0,0.0957316383719444
191618.520,16,44.69,247.3,24°52.866762 N,46°39.539124 E,0,1,0,0,690.50,1.08,2,34019.000,1,22.840,137.23,-0.03,0.02,1.04,2.41643173580346,411.97,0.040,0,0,0,0.0607986599206924
191618.560,16,44.73,247.4,24°52.866660 N,46°39.538848 E,0,1,0,0,690.51,1.08,2,34085.000,1,22.880,137.72,-0.05,0.02,1.05,2.41470285739838,461.73,0.040,0,0,0,0.0406847111880779
191618.600,16,44.81,247.4,24°52.866552 N,46°39.538578 E,0,1,0,0,690.52,1.12,2,34119.000,1,22.920,138.22,0.01,0.06,1.07,2.4903487827193,474.43,0.040,0,0,0,0.0514797493815422
191618.640,16,45.09,247.1,24°52.866444 N,46°39.538302 E,0,1,0,0,690.54,1.12,2,34152.000,1,22.960,138.72,0.15,0.20,1.08,2.4750499001996,363.36,0.040,0,0,0,0.129553094506264
191618.680,16,45.29,246.8,24°52.866336 N,46°39.538026 E,0,1,0,0,690.56,1.15,2,34185.000,1,23.000,139.22,0.16,0.14,1.09,2.54349554005122,307.83,0.040,0,0,0,0.148126900196075
191618.720,16,45.42,246.8,24°52.866228 N,46°39.537750 E,0,1,0,0,690.58,1.15,2,34219.000,1,23.040,139.73,0.02,0.09,1.10,2.53643929719494,319.85,0.040,0,0,0,0.124743603169918
191618.760,16,45.61,247.1,24°52.866120 N,46°39.537468 E,0,1,0,0,690.60,1.19,2,34285.000,1,23.080,140.23,-0.17,0.14,1.12,2.60457774269929,372.91,0.040,0,0,0,0.124776996672153
191618.800,16,45.86,247.4,24°52.866012 N,46°39.537192 E,0,1,0,0,690.61,1.19,2,34319.000,1,23.120,140.74,-0.16,0.17,1.13,2.59066227620647,571.67,0.040,0,0,0,0.150565698742867
191618.840,16,45.95,247.7,24°52.865910 N,46°39.536910 E,0,1,0,0,690.62,1.19,2,34352.000,1,23.160,141.25,-0.18,0.07,1.14,2.58519388954172,1000.00,0.040,0,0,0,0.121679000556469
191618.880,16,45.85,247.5,24°52.865802 N,46°39.536628 E,0,1,0,0,690.62,1.15,2,34385.000,1,23.200,141.76,0.07,-0.08,1.15,2.51276010993325,1000.00,0.040,0,0,0,0.032777938991785
191618.920,16,45.71,247.2,24°52.865694 N,46°39.536352 E,0,1,0,0,690.63,1.15,2,34419.000,1,23.240,142.27,0.21,-0.10,1.17,2.52045683280094,1000.00,0.040,0,0,0,0.0457783006131649
191618.960,16,45.77,246.9,24°52.865586 N,46°39.536076 E,0,1,0,0,690.64,1.15,2,34485.000,1,23.280,142.78,0.17,0.04,1.18,2.51709747197763,695.93,0.040,0,0,0,0.0494267903268337
191619.000,16,45.82,246.8,24°52.865472 N,46°39.535800 E,0,1,0,0,690.64,1.12,2,34519.000,1,23.320,143.29,0.06,0.04,1.19,2.43577711329856,640.59,0.040,0,0,0,0.0545987114310265
191619.040,16,45.86,246.8,24°52.865364 N,46°39.535524 E,0,1,0,0,690.64,1.12,2,34552.000,1,23.360,143.79,0.00,0.03,1.21,2.43365244128486,1000.00,0.040,0,0,0,0.0476845093071461
191619.080,16,46.07,246.9,24°52.865256 N,46°39.535242 E,0,1,0,0,690.65,1.08,2,34585.000,1,23.400,144.31,-0.07,0.15,1.22,2.34446229323145,1000.00,0.040,0,0,0,0.0875755921006203
191619.120,16,46.24,247.0,24°52.865142 N,46°39.534960 E,0,1,0,0,690.66,1.12,2,34619.000,1,23.440,144.82,-0.05,0.12,1.23,2.41339042428961,1000.00,0.040,0,0,0,0.1053337007761
191619.160,16,46.45,246.9,24°52.865034 N,46°39.534678 E,0,1,0,0,690.67,1.12,2,34685.000,1,23.480,145.33,0.04,0.15,1.24,2.40273860529205,945.71,0.040,0,0,0,0.12575289607048
191619.200,16,46.37,246.7,24°52.864920 N,46°39.534396 E,0,1,0,0,690.68,1.08,2,34719.000,1,23.520,145.85,0.12,-0.05,1.26,2.32899163288191,667.90,0.040,0,0,0,0.0489030182361603
191619.240,16,46.31,246.7,24°52.864806 N,46°39.534120 E,0,1,0,0,690.69,1.08,2,34752.000,1,23.560,146.36,0.01,-0.04,1.27,2.33210969553012,1000.00,0.040,0,0,0,0.0290688406676054
191619.280,16,46.09,246.6,24°52.864698 N,46°39.533844 E,0,1,0,0,690.69,1.08,2,34785.000,1,23.600,146.88,0.02,-0.16,1.28,2.34319064459439,1000.00,0.040,0,0,0,0.0843212902545929
191619.320,16,46.01,246.9,24°52.864590 N,46°39.533562 E,0,1,0,0,690.69,1.04,2,34819.000,1,23.640,147.39,-0.14,-0.06,1.29,2.26897331131009,1000.00,0.040,0,0,0,0.0680399611592293
191619.360,16,46.24,247.0,24°52.864476 N,46°39.533280 E,0,1,0,0,690.69,1.04,2,34885.000,1,23.680,147.90,-0.05,0.16,1.30,2.2578831264328,1000.00,0.040,0,0,0,0.0487329289317131
191619.400,16,46.56,247.1,24°52.864368 N,46°39.532998 E,0,1,0,0,690.71,1.04,2,34919.000,1,23.720,148.42,-0.07,0.22,1.32,2.24250886048759,1000.00,0.040,0,0,0,0.137804597616196
191619.440,16,46.90,246.9,24°52.864254 N,46°39.532710 E,0,1,0,0,690.73,1.08,2,34952.000,1,23.760,148.94,0.11,0.25,1.33,2.30272275644443,576.41,0.040,0,0,0,0.190058097243309
191619.480,16,47.10,246.9,24°52.864140 N,46°39.532422 E,0,1,0,0,690.75,1.12,2,34985.000,1,23.800,149.46,0.02,0.14,1.34,2.36932614326356,656.63,0.040,0,0,0,0.166528597474098
191619.520,16,47.20,246.9,24°52.864032 N,46°39.532134 E,0,1,0,0,690.77,1.15,2,35019.000,1,23.840,149.98,0.00,0.07,1.35,2.44067796610169,1000.00,0.040,0,0,0,0.117724202573299
191619.560,16,47.33,246.9,24°52.863918 N,46°39.531846 E,0,1,0,0,690.78,1.15,2,35085.000,1,23.880,150.51,-0.03,0.09,1.36,2.43402565023558,1000.00,0.040,0,0,0,0.104700796306133
191619.600,16,47.42,246.9,24°52.863804 N,46°39.531558 E,0,1,0,0,690.80,1.15,2,35119.000,1,23.920,151.03,0.00,0.06,1.38,2.42955964231483,1000.00,0.040,0,0,0,0.0829422324895859
191619.640,16,47.29,247.0,24°52.863696 N,46°39.531276 E,0,1,0,0,690.81,1.15,2,35152.000,1,23.960,151.56,-0.04,-0.09,1.39,2.43623905595737,1000.00,0.040,0,0,0,0.00956666562706232
191619.680,16,47.14,246.8,24°52.863582 N,46°39.530988 E,0,1,0,0,690.81,1.15,2,35185.000,1,24.000,152.08,0.10,-0.10,1.40,2.44368079419626,1000.00,0.040,0,0,0,0.0546685382723808
191619.720,16,47.17,246.9,24°52.863468 N,46°39.530706 E,0,1,0,0,690.82,1.12,2,35219.000,1,24.040,152.61,-0.04,0.02,1.41,2.36586038031842,1000.00,0.040,0,0,0,0.0166257508099079
191619.760,16,47.23,246.7,24°52.863354 N,46°39.530418 E,0,1,0,0,690.83,1.12,2,35285.000,1,24.080,153.13,0.10,0.04,1.43,2.36300499703566,1000.00,0.040,0,0,0,0.0255584102123976
191619.800,16,47.37,246.6,24°52.863240 N,46°39.530130 E,0,1,0,0,690.84,1.12,2,35319.000,1,24.120,153.66,0.05,0.10,1.44,2.35597120479639,1000.00,0.040,0,0,0,0.0623972788453102
191619.840,16,47.42,246.6,24°52.863126 N,46°39.529842 E,0,1,0,0,690.85,1.12,2,35352.000,1,24.160,154.19,-0.01,0.03,1.45,2.35363590349249,1000.00,0.040,0,0,0,0.0491880103945732
191619.880,16,47.57,246.6,24°52.863012 N,46°39.529554 E,0,1,0,0,690.86,1.15,2,35385.000,1,24.200,154.71,0.04,0.11,1.46,2.4214907302308,1000.00,0.040,0,0,0,0.0818768218159676
191619.920,16,47.65,246.5,24°52.862892 N,46°39.529266 E,0,1,0,0,690.88,1.15,2,35419.000,1,24.240,155.24,0.06,0.05,1.48,2.41783150736683,1000.00,0.040,0,0,0,0.0713275521993637
191619.960,16,47.70,246.3,24°52.862778 N,46°39.528978 E,0,1,0,0,690.90,1.19,2,35485.000,1,24.280,155.77,0.12,0.04,1.49,2.49035720275029,639.80,0.040,0,0,0,0.0711952820420265
191620.000,16,47.69,246.2,24°52.862664 N,46°39.528690 E,0,1,0,0,690.91,1.19,2,35519.000,1,24.320,156.30,0.03,-0.01,1.50,2.49129723608606,518.64,0.040,0,0,0,0.0479651503264904
191620.040,16,47.75,246.2,24°52.862544 N,46°39.528402 E,0,1,0,0,690.92,1.15,2,35552.000,1,24.360,156.83,-0.01,0.05,1.52,2.41256544502618,682.60,0.040,0,0,0,0.0470361486077309
191620.080,16,47.93,246.2,24°52.862424 N,46°39.528114 E,0,1,0,0,690.93,1.15,2,35585.000,1,24.400,157.36,0.03,0.13,1.53,2.40365555949673,667.16,0.040,0,0,0,0.0857895687222481
191620.120,16,48.03,245.9,24°52.862304 N,46°39.527820 E,0,1,0,0,690.94,1.19,2,35619.000,1,24.440,157.90,0.15,0.07,1.54,2.47340259415794,485.36,0.040,0,0,0,0.0956902429461479
191620.160,16,48.00,245.8,24°52.862190 N,46°39.527532 E,0,1,0,0,690.96,1.19,2,35685.000,1,24.480,158.43,0.06,-0.02,1.55,2.47505156357424,422.45,0.040,0,0,0,0.0633810609579086
191620.200,16,47.98,245.8,24°52.862070 N,46°39.527244 E,0,1,0,0,690.97,1.19,2,35719.000,1,24.520,158.96,0.00,-0.01,1.57,2.47598007544653,423.07,0.040,0,0,0,0.0463992916047573
191620.240,16,48.01,245.6,24°52.861950 N,46°39.526956 E,0,1,0,0,690.98,1.22,2,35752.000,1,24.560,159.50,0.11,0.02,1.58,2.54968128983877,343.65,0.040,0,0,0,0.0598303005099297
191620.280,16,48.15,245.9,24°52.861830 N,46°39.526668 E,0,1,0,0,691.00,1.22,2,35785.000,1,24.600,160.03,-0.13,0.10,1.59,2.54226727038591,484.98,0.040,0,0,0,0.0595825612545013
191620.320,16,48.14,245.7,24°52.861710 N,46°39.526380 E,0,1,0,0,691.01,1.22,2,35819.000,1,24.640,160.57,0.09,0.00,1.61,2.54263694717381,398.35,0.040,0,0,0,0.0421079508960247
191620.360,16,48.25,245.4,24°52.861590 N,46°39.526086 E,0,1,0,0,691.02,1.22,2,35885.000,1,24.680,161.10,0.17,0.08,1.62,2.53657727856758,364.84,0.040,0,0,0,0.0808222368359566
191620.400,16,48.23,245.3,24°52.861464 N,46°39.525798 E,0,1,0,0,691.03,1.22,2,35919.000,1,24.720,161.64,0.09,-0.02,1.63,2.53789213958407,344.98,0.040,0,0,0,0.069463349878788
191620.440,16,48.17,245.4,24°52.861344 N,46°39.525510 E,0,1,0,0,691.04,1.22,2,35952.000,1,24.760,162.17,-0.09,-0.04,1.65,2.54089512579922,383.66,0.040,0,0,0,0.0378447100520134
191620.480,16,48.07,245.4,24°52.861224 N,46°39.525222 E,0,1,0,0,691.05,1.22,2,35985.000,1,24.800,162.71,0.04,-0.07,1.66,2.54623369599135,382.54,0.040,0,0,0,0.0549689307808876
191620.520,16,48.16,245.3,24°52.861104 N,46°39.524934 E,0,1,0,0,691.07,1.22,2,36019.000,1,24.840,163.24,0.06,0.06,1.67,2.54147546770208,381.03,0.040,0,0,0,0.0424459092319012
191620.560,16,48.19,245.3,24°52.860978 N,46°39.524646 E,0,1,0,0,691.08,1.22,2,36085.000,1,24.880,163.78,-0.03,0.02,1.69,2.54015689204333,483.85,0.040,0,0,0,0.0299926903098822
191620.600,16,48.21,245.2,24°52.860858 N,46°39.524358 E,0,1,0,0,691.10,1.22,2,36119.000,1,24.920,164.31,0.06,0.02,1.70,2.53883968388957,459.46,0.040,0,0,0,0.0362690612673759
191620.640,16,48.18,245.1,24°52.860732 N,46°39.524070 E,0,1,0,0,691.10,1.22,2,36152.000,1,24.960,164.85,0.10,-0.02,1.72,2.54036777219709,389.92,0.040,0,0,0,0.0458645299077034
191620.680,16,48.04,245.1,24°52.860612 N,46°39.523782 E,0,1,0,0,691.11,1.22,2,36185.000,1,25.000,165.38,-0.03,-0.10,1.73,2.54814197980639,429.09,0.040,0,0,0,0.0613142214715481
191620.720,16,48.00,245.1,24°52.860492 N,46°39.523500 E,0,1,0,0,691.12,1.22,2,36219.000,1,25.040,165.92,0.01,-0.02,1.74,2.5498937544269,548.96,0.040,0,0,0,0.0468119382858276
191620.760,16,48.00,245.0,24°52.860366 N,46°39.523212 E,0,1,0,0,691.13,1.22,2,36285.000,1,25.080,166.45,0.05,0.00,1.76,2.5498937544269,556.97,0.040,0,0,0,0.0369114615023136
191620.800,16,47.92,244.9,24°52.860246 N,46°39.522924 E,0,1,0,0,691.14,1.22,2,36319.000,1,25.120,166.98,0.04,-0.06,1.77,2.5542570951586,509.58,0.040,0,0,0,0.0516924597322941
191620.840,16,47.92,244.8,24°52.860120 N,46°39.522642 E,0,1,0,0,691.15,1.22,2,36352.000,1,25.160,167.51,0.05,0.00,1.78,2.5540971975878,569.19,0.040,0,0,0,0.0421128906309605
191620.880,16,47.92,244.9,24°52.860000 N,46°39.522354 E,0,1,0,0,691.17,1.22,2,36385.000,1,25.200,168.05,-0.02,0.00,1.80,2.5542570951586,464.57,0.040,0,0,0,0.0276953000575304
191620.920,16,47.97,244.9,24°52.859874 N,46°39.522066 E,0,1,0,0,691.18,1.22,2,36419.000,1,25.240,168.58,0.01,0.04,1.81,2.55138199858257,538.33,0.040,0,0,0,0.0257137008011341
191620.960,16,47.81,244.7,24°52.859748 N,46°39.521784 E,0,1,0,0,691.18,1.22,2,36485.000,1,25.280,169.11,0.07,-0.12,1.82,2.56024096385542,664.53,0.040,0,0,0,0.060448169708252
191621.000,16,47.71,244.7,24°52.859628 N,46°39.521502 E,0,1,0,0,691.19,1.22,2,36519.000,1,25.320,169.64,0.04,-0.07,1.84,2.56566122371979,764.38,0.040,0,0,0,0.0697649568319321
191621.040,16,47.89,244.5,24°52.859502 N,46°39.521214 E,0,1,0,0,691.21,1.22,2,36552.000,1,25.360,170.17,0.11,0.13,1.85,2.55580380447266,491.75,0.040,0,0,0,0.0592825189232826
191621.080,16,47.88,244.4,24°52.859376 N,46°39.520932 E,0,1,0,0,691.22,1.22,2,36585.000,1,25.400,170.71,0.07,0.00,1.87,2.55617742878623,460.48,0.040,0,0,0,0.0552440881729126
191621.120,16,47.84,244.3,24°52.859250 N,46°39.520650 E,0,1,0,0,691.23,1.22,2,36619.000,1,25.440,171.24,0.07,-0.03,1.88,2.55852842809365,452.32,0.040,0,0,0,0.0571851283311844
191621.160,16,47.77,244.2,24°52.859124 N,46°39.520368 E,0,1,0,0,691.24,1.22,2,36685.000,1,25.480,171.77,0.01,-0.05,1.89,2.56254579713179,420.00,0.040,0,0,0,0.0568626299500465
191621.200,16,47.62,244.2,24°52.858998 N,46°39.520086 E,0,1,0,0,691.25,1.22,2,36719.000,1,25.520,172.30,0.05,-0.10,1.91,2.57029461792066,425.79,0.040,0,0,0,0.0816649198532104
191621.240,16,47.59,243.9,24°52.858872 N,46°39.519804 E,0,1,0,0,691.27,1.26,2,36752.000,1,25.560,172.83,0.12,-0.02,1.92,2.64772631755905,410.88,0.040,0,0,0,0.0764111503958702
191621.280,16,47.60,243.8,24°52.858740 N,46°39.519528 E,0,1,0,0,691.27,1.26,2,36785.000,1,25.600,173.36,0.08,0.01,1.93,2.64689200260488,349.94,0.040,0,0,0,0.0683468207716942
191621.320,16,47.59,243.8,24°52.858614 N,46°39.519246 E,0,1,0,0,691.28,1.26,2,36819.000,1,25.640,173.89,0.01,-0.01,1.95,2.64750378214826,351.49,0.040,0,0,0,0.0563439093530178
191621.360,16,47.46,243.7,24°52.858488 N,46°39.518964 E,0,1,0,0,691.29,1.22,2,36885.000,1,25.680,174.41,0.06,-0.10,1.96,2.57928563902645,345.93,0.040,0,0,0,0.0781209468841553
191621.400,16,47.42,243.7,24°52.858362 N,46°39.518688 E,0,1,0,0,691.30,1.22,2,36919.000,1,25.720,174.94,0.00,-0.03,1.97,2.58140711995951,367.82,0.040,0,0,0,0.0604758001863956
191621.440,16,47.33,243.9,24°52.858236 N,46°39.518406 E,0,1,0,0,691.31,1.22,2,36952.000,1,25.760,175.47,-0.10,-0.06,1.99,2.58615225337531,462.13,0.040,0,0,0,0.0537641495466232
191621.480,16,47.13,243.8,24°52.858110 N,46°39.518130 E,0,1,0,0,691.32,1.22,2,36985.000,1,25.800,175.99,0.04,-0.14,2.00,2.59701682544397,417.12,0.040,0,0,0,0.0978362709283829
191621.520,16,46.93,243.8,24°52.857984 N,46°39.517854 E,0,1,0,0,691.32,1.22,2,37018.000,1,25.840,176.51,-0.02,-0.15,2.02,2.60836210203299,431.71,0.040,0,0,0,0.121162101626396
191621.560,16,46.80,243.8,24°52.857864 N,46°39.517578 E,0,1,0,0,691.33,1.22,2,37085.000,1,25.880,177.04,0.04,-0.09,2.03,2.6156081716386,453.21,0.040,0,0,0,0.107621103525162
191621.600,16,46.84,243.8,24°52.857738 N,46°39.517302 E,0,1,0,0,691.34,1.22,2,37118.000,1,25.920,177.56,-0.04,0.03,2.04,2.6131511528608,529.96,0.040,0,0,0,0.0381547696888447
191621.640,16,47.02,243.8,24°52.857612 N,46°39.517026 E,0,1,0,0,691.36,1.22,2,37152.000,1,25.960,178.08,0.00,0.13,2.06,2.60314759676733,678.26,0.040,0,0,0,0.0450910702347755
191621.680,16,47.04,244.0,24°52.857486 N,46°39.516744 E,0,1,0,0,691.37,1.22,2,37185.000,1,26.000,178.60,-0.08,0.01,2.07,2.60215145201752,1000.00,0.040,0,0,0,0.0311311203986406
191621.720,16,46.98,244.0,24°52.857360 N,46°39.516468 E,0,1,0,0,691.38,1.22,2,37218.000,1,26.040,179.12,-0.04,-0.04,2.08,2.60536398467433,1000.00,0.040,0,0,0,0.0175703298300505
191621.760,16,47.01,244.0,24°52.857240 N,46°39.516192 E,0,1,0,0,691.40,1.26,2,37285.000,1,26.080,179.64,0.02,0.02,2.10,2.68056589724497,1000.00,0.040,0,0,0,0.0105556100606918
191621.800,16,46.92,244.0,24°52.857114 N,46°39.515910 E,0,1,0,0,691.42,1.26,2,37318.000,1,26.120,180.17,0.02,-0.06,2.11,2.68570819567303,1000.00,0.040,0,0,0,0.0290883891284466
191621.840,16,46.79,243.8,24°52.856988 N,46°39.515640 E,0,1,0,0,691.44,1.30,2,37352.000,1,26.160,180.69,0.09,-0.09,2.13,2.77005941948446,1000.00,0.040,0,0,0,0.0623527318239212
191621.880,16,46.85,243.7,24°52.856862 N,46°39.515364 E,0,1,0,0,691.45,1.30,2,37385.000,1,26.200,181.21,0.06,0.05,2.14,2.76603918555513,1000.00,0.040,0,0,0,0.0256724897772074
191621.920,16,46.81,243.7,24°52.856742 N,46°39.515088 E,0,1,0,0,691.46,1.26,2,37418.000,1,26.240,181.73,-0.02,-0.03,2.15,2.69150254197462,1000.00,0.040,0,0,0,0.023879449814558
191621.960,16,46.65,243.8,24°52.856616 N,46°39.514812 E,0,1,0,0,691.46,1.26,2,37485.000,1,26.280,182.25,-0.05,-0.11,2.17,2.70084883820629,1000.00,0.040,0,0,0,0.065958559513092
191622.000,16,46.46,243.9,24°52.856496 N,46°39.514536 E,0,1,0,0,691.47,1.26,2,37518.000,1,26.320,182.76,-0.06,-0.14,2.18,2.71212708252615,1000.00,0.040,0,0,0,0.10210569947958
191622.040,16,46.41,243.9,24°52.856370 N,46°39.514266 E,0,1,0,0,691.48,1.26,2,37552.000,1,26.360,183.28,-0.02,-0.04,2.20,2.71504912946044,1000.00,0.040,0,0,0,0.0695588663220406
191622.080,16,46.37,244.0,24°52.856250 N,46°39.513990 E,0,1,0,0,691.49,1.22,2,37585.000,1,26.400,183.79,-0.02,-0.03,2.21,2.6395238505995,1000.00,0.040,0,0,0,0.0486532002687454
191622.120,16,46.22,243.9,24°52.856124 N,46°39.513720 E,0,1,0,0,691.50,1.22,2,37618.000,1,26.440,184.31,0.04,-0.10,2.22,2.64797507788162,1000.00,0.040,0,0,0,0.0758465081453323
191622.160,16,46.09,244.1,24°52.856004 N,46°39.513444 E,0,1,0,0,691.50,1.22,2,37685.000,1,26.480,184.82,-0.09,-0.09,2.24,2.65544322471471,1000.00,0.040,0,0,0,0.0862381830811501
191622.200,16,45.99,244.0,24°52.855884 N,46°39.513174 E,0,1,0,0,691.51,1.22,2,37718.000,1,26.520,185.33,0.02,-0.07,2.25,2.6614481409002,1000.00,0.040,0,0,0,0.079747773706913
191622.240,16,45.89,243.9,24°52.855758 N,46°39.512904 E,0,1,0,0,691.52,1.22,2,37752.000,1,26.560,185.84,0.05,-0.07,2.26,2.66707340988822,1000.00,0.040,0,0,0,0.0738467574119568
191622.280,16,45.87,244.1,24°52.855638 N,46°39.512634 E,0,1,0,0,691.53,1.22,2,37785.000,1,26.600,186.35,-0.09,-0.02,2.28,2.66835255390116,1000.00,0.040,0,0,0,0.047808799892664
191622.320,16,45.75,244.2,24°52.855518 N,46°39.512364 E,0,1,0,0,691.54,1.22,2,37818.000,1,26.640,186.86,-0.05,-0.09,2.29,2.67570226254235,1000.00,0.040,0,0,0,0.0713507607579231
191622.360,16,45.75,244.3,24°52.855404 N,46°39.512094 E,0,1,0,0,691.55,1.22,2,37885.000,1,26.680,187.37,-0.07,0.00,2.31,2.67570226254235,1000.00,0.040,0,0,0,0.0473043099045753
191622.400,16,45.70,244.4,24°52.855284 N,46°39.511818 E,0,1,0,0,691.56,1.22,2,37918.000,1,26.720,187.88,-0.07,-0.03,2.32,2.6784541993085,918.70,0.040,0,0,0,0.0521763302385807
191622.440,16,45.57,244.6,24°52.855164 N,46°39.511548 E,0,1,0,0,691.57,1.22,2,37952.000,1,26.760,188.39,-0.10,-0.09,2.33,2.68585973843588,537.92,0.040,0,0,0,0.0802348032593727
191622.480,16,45.45,244.6,24°52.855050 N,46°39.511278 E,0,1,0,0,691.58,1.22,2,37985.000,1,26.800,188.89,-0.01,-0.09,2.35,2.69330634159222,468.15,0.040,0,0,0,0.0865195468068123
191622.520,16,45.41,244.6,24°52.854930 N,46°39.511008 E,0,1,0,0,691.59,1.22,2,38018.000,1,26.840,189.40,-0.01,-0.02,2.36,2.69520412207689,470.87,0.040,0,0,0,0.0612588189542294
191622.560,16,45.34,244.6,24°52.854816 N,46°39.510744 E,0,1,0,0,691.61,1.22,2,38085.000,1,26.880,189.90,0.02,-0.06,2.37,2.69990073894342,543.87,0.040,0,0,0,0.0581089705228806
191622.600,16,45.12,244.7,24°52.854696 N,46°39.510474 E,0,1,0,0,691.62,1.22,2,38118.000,1,26.920,190.40,-0.04,-0.15,2.39,2.71264571605868,565.46,0.040,0,0,0,0.105030298233032
191622.640,16,45.03,244.7,24°52.854582 N,46°39.510210 E,0,1,0,0,691.63,1.22,2,38152.000,1,26.960,190.90,-0.04,-0.07,2.40,2.71848972792893,535.44,0.040,0,0,0,0.0903289765119553
191622.680,16,44.92,244.7,24°52.854468 N,46°39.509940 E,0,1,0,0,691.64,1.22,2,38185.000,1,27.000,191.40,0.03,-0.08,2.41,2.7250261593606,591.62,0.040,0,0,0,0.0829882472753525
191622.720,16,44.77,244.9,24°52.854354 N,46°39.509676 E,0,1,0,0,691.65,1.22,2,38218.000,1,27.040,191.90,-0.09,-0.10,2.43,2.7337904540683,444.90,0.040,0,0,0,0.0974691286683083
191622.760,16,44.46,244.9,24°52.854240 N,46°39.509412 E,0,1,0,0,691.66,1.22,2,38285.000,1,27.080,192.40,-0.05,-0.22,2.44,2.75278877293991,482.50,0.040,0,0,0,0.159495502710342
191622.800,16,44.19,244.9,24°52.854132 N,46°39.509148 E,0,1,0,0,691.68,1.22,2,38318.000,1,27.120,192.89,0.03,-0.19,2.46,2.76985743380855,490.11,0.040,0,0,0,0.175988003611565
191622.840,16,43.92,244.9,24°52.854018 N,46°39.508890 E,0,1,0,0,691.69,1.22,2,38352.000,1,27.160,193.38,0.01,-0.19,2.47,2.78663145433021,453.94,0.040,0,0,0,0.182298600673676
191622.880,16,43.73,245.0,24°52.853910 N,46°39.508632 E,0,1,0,0,691.70,1.22,2,38385.000,1,27.200,193.87,-0.05,-0.14,2.48,2.79880182013582,485.04,0.040,0,0,0,0.159930005669594
191622.920,16,43.54,245.2,24°52.853802 N,46°39.508374 E,0,1,0,0,691.71,1.22,2,38418.000,1,27.240,194.35,-0.14,-0.14,2.50,2.81107895824721,404.08,0.040,0,0,0,0.153900504112244
191622.960,16,43.28,245.3,24°52.853694 N,46°39.508116 E,0,1,0,0,691.71,1.22,2,38485.000,1,27.280,194.83,-0.06,-0.19,2.51,2.82835751917922,408.36,0.040,0,0,0,0.174483999609947
191623.000,16,43.02,245.5,24°52.853586 N,46°39.507858 E,0,1,0,0,691.73,1.22,2,38518.000,1,27.320,195.31,-0.09,-0.18,2.52,2.84518828451883,386.46,0.040,0,0,0,0.183305293321609
191623.040,16,42.92,245.6,24°52.853478 N,46°39.507600 E,0,1,0,0,691.74,1.22,2,38552.000,1,27.360,195.79,-0.06,-0.07,2.54,2.85208313915556,411.46,0.040,0,0,0,0.136496305465698
191623.080,16,42.54,245.6,24°52.853376 N,46°39.507348 E,0,1,0,0,691.74,1.22,2,38585.000,1,27.400,196.27,0.00,-0.27,2.55,2.87722432476905,416.23,0.040,0,0,0,0.199646100401878
191623.120,16,42.43,245.6,24°52.853268 N,46°39.507096 E,0,1,0,0,691.75,1.22,2,38618.000,1,27.440,196.74,-0.01,-0.08,2.56,2.88502333474756,415.10,0.040,0,0,0,0.143197193741798
191623.160,16,42.37,245.8,24°52.853166 N,46°39.506844 E,0,1,0,0,691.76,1.22,2,38685.000,1,27.480,197.21,-0.12,-0.04,2.58,2.88870008496177,325.78,0.040,0,0,0,0.103299103677273
191623.200,16,42.25,246.1,24°52.853064 N,46°39.506586 E,0,1,0,0,691.77,1.22,2,38718.000,1,27.520,197.68,-0.14,-0.08,2.59,2.89683572764064,280.98,0.040,0,0,0,0.111084297299385
191623.240,16,42.03,246.3,24°52.852962 N,46°39.506334 E,0,1,0,0,691.78,1.22,2,38752.000,1,27.560,198.15,-0.11,-0.16,2.60,2.91192843888281,255.99,0.040,0,0,0,0.143650203943253
191623.280,16,41.84,246.4,24°52.852866 N,46°39.506088 E,0,1,0,0,691.78,1.19,2,38785.000,1,27.600,198.61,-0.05,-0.14,2.62,2.83965962329095,233.63,0.040,0,0,0,0.149085596203804
191623.320,16,41.66,246.6,24°52.852764 N,46°39.505836 E,0,1,0,0,691.80,1.22,2,38818.000,1,27.640,199.08,-0.08,-0.12,2.63,2.93785853155078,234.31,0.040,0,0,0,0.146456301212311
191623.360,16,41.41,246.5,24°52.852668 N,46°39.505584 E,0,1,0,0,691.82,1.22,2,38885.000,1,27.680,199.54,0.03,-0.18,2.65,2.95552228714927,253.35,0.040,0,0,0,0.160372003912926
191623.400,16,41.26,246.5,24°52.852566 N,46°39.505338 E,0,1,0,0,691.82,1.22,2,38918.000,1,27.720,200.00,0.01,-0.11,2.66,2.96633788139495,246.12,0.040,0,0,0,0.135434105992317
191623.440,16,41.11,246.5,24°52.852470 N,46°39.505092 E,0,1,0,0,691.83,1.22,2,38952.000,1,27.760,200.46,-0.02,-0.11,2.67,2.97723292469352,237.21,0.040,0,0,0,0.123568803071976
191623.480,16,40.89,246.9,24°52.852374 N,46°39.504846 E,0,1,0,0,691.83,1.19,2,38985.000,1,27.800,200.91,-0.18,-0.16,2.69,2.90571114100526,203.56,0.040,0,0,0,0.153582394123077
191623.520,16,40.64,246.9,24°52.852278 N,46°39.504600 E,0,1,0,0,691.84,1.19,2,39018.000,1,27.840,201.36,-0.02,-0.17,2.70,2.92322834645669,229.36,0.040,0,0,0,0.165943592786789
191623.560,16,40.30,247.0,24°52.852182 N,46°39.504360 E,0,1,0,0,691.85,1.19,2,39085.000,1,27.880,201.81,-0.03,-0.24,2.71,2.9477445288075,234.53,0.040,0,0,0,0.204114899039268
191623.600,16,40.23,247.2,24°52.852092 N,46°39.504114 E,0,1,0,0,691.87,1.22,2,39118.000,1,27.920,202.26,-0.10,-0.05,2.73,3.04280813404266,230.85,0.040,0,0,0,0.138900503516197
191623.640,16,40.19,247.3,24°52.851996 N,46°39.503874 E,0,1,0,0,691.88,1.22,2,39152.000,1,27.960,202.71,-0.07,-0.03,2.74,3.04576106701172,225.87,0.040,0,0,0,0.0983695387840271
191623.680,16,39.98,247.4,24°52.851906 N,46°39.503628 E,0,1,0,0,691.88,1.19,2,39185.000,1,28.000,203.15,-0.05,-0.15,2.75,2.97163439891941,211.97,0.040,0,0,0,0.126578196883202
191623.720,16,39.83,247.6,24°52.851816 N,46°39.503388 E,0,1,0,0,691.89,1.19,2,39218.000,1,28.040,203.60,-0.11,-0.11,2.77,2.9829010470284,189.88,0.040,0,0,0,0.129445403814316
191623.760,16,39.69,247.7,24°52.851726 N,46°39.503148 E,0,1,0,0,691.89,1.19,2,39285.000,1,28.080,204.04,-0.06,-0.09,2.78,2.99289565173578,200.13,0.040,0,0,0,0.12167090177536
191623.800,16,39.56,247.8,24°52.851636 N,46°39.502908 E,0,1,0,0,691.90,1.19,2,39318.000,1,28.120,204.48,-0.06,-0.09,2.79,3.00272975432211,216.14,0.040,0,0,0,0.11616999655962
191623.840,16,39.38,247.7,24°52.851546 N,46°39.502668 E,0,1,0,0,691.92,1.19,2,39352.000,1,28.160,204.92,0.07,-0.13,2.81,3.01675977653631,271.13,0.040,0,0,0,0.119159303605556
191623.880,16,39.34,247.7,24°52.851456 N,46°39.502428 E,0,1,0,0,691.93,1.19,2,39385.000,1,28.200,205.35,0.02,-0.03,2.82,3.0195201301342,298.18,0.040,0,0,0,0.074183776974678
191623.920,16,39.07,247.7,24°52.851366 N,46°39.502194 E,0,1,0,0,691.94,1.19,2,39418.000,1,28.240,205.79,-0.04,-0.20,2.83,3.0409296849003,315.89,0.040,0,0,0,0.135882303118706
191623.960,16,38.89,248.1,24°52.851282 N,46°39.501954 E,0,1,0,0,691.94,1.19,2,39485.000,1,28.280,206.22,-0.16,-0.13,2.85,3.05500552883997,236.07,0.040,0,0,0,0.141405999660492
191624.000,16,38.66,248.2,24°52.851192 N,46°39.501720 E,0,1,0,0,691.94,1.15,2,39518.000,1,28.320,206.65,-0.07,-0.16,2.86,2.97982410760476,212.90,0.040,0,0,0,0.156435593962669
191624.040,16,38.61,248.2,24°52.851108 N,46°39.501486 E,0,1,0,0,691.96,1.15,2,39552.000,1,28.360,207.08,0.03,-0.04,2.87,2.98399212557633,224.52,0.040,0,0,0,0.100493401288986
191624.080,16,38.36,248.2,24°52.851024 N,46°39.501252 E,0,1,0,0,691.97,1.15,2,39585.000,1,28.400,207.51,-0.03,-0.18,2.88,3.00328484279681,270.93,0.040,0,0,0,0.139292493462563
191624.120,16,38.20,248.4,24°52.850940 N,46°39.501018 E,0,1,0,0,691.98,1.15,2,39618.000,1,28.440,207.94,-0.09,-0.11,2.90,3.01546998926786,242.88,0.040,0,0,0,0.131103903055191
191624.160,16,38.04,248.6,24°52.850856 N,46°39.500784 E,0,1,0,0,691.98,1.15,2,39685.000,1,28.480,208.36,-0.07,-0.11,2.91,3.02831155858153,226.33,0.040,0,0,0,0.129768401384354
191624.200,16,37.87,248.7,24°52.850772 N,46°39.500556 E,0,1,0,0,691.98,1.12,2,39718.000,1,28.520,208.78,-0.05,-0.12,2.92,2.9467680608365,237.30,0.040,0,0,0,0.130380094051361
191624.240,16,37.72,248.7,24°52.850688 N,46°39.500322 E,0,1,0,0,691.99,1.12,2,39752.000,1,28.560,209.20,-0.03,-0.10,2.94,2.9583289152794,251.04,0.040,0,0,0,0.121493399143219
191624.280,16,37.67,248.8,24°52.850610 N,46°39.500094 E,0,1,0,0,692.01,1.12,2,39785.000,1,28.600,209.62,-0.02,-0.04,2.95,2.96280563888815,259.52,0.040,0,0,0,0.0871646925806999
191624.320,16,37.69,248.8,24°52.850526 N,46°39.499860 E,0,1,0,0,692.01,1.12,2,39818.000,1,28.640,210.04,0.00,0.01,2.96,2.96139047366326,310.50,0.040,0,0,0,0.0462038107216358
191624.360,16,37.55,249.0,24°52.850442 N,46°39.499632 E,0,1,0,0,692.02,1.12,2,39885.000,1,28.680,210.46,-0.12,-0.10,2.97,2.97219558964525,277.09,0.040,0,0,0,0.0815384909510612
191624.400,16,37.29,249.0,24°52.850364 N,46°39.499404 E,0,1,0,0,692.02,1.12,2,39918.000,1,28.720,210.87,-0.01,-0.18,2.99,2.99283971144305,296.74,0.040,0,0,0,0.13078910112381
191624.440,16,37.00,249.1,24°52.850286 N,46°39.499176 E,0,1,0,0,692.04,1.12,2,39952.000,1,28.760,211.29,-0.03,-0.20,3.00,3.01613469906219,250.24,0.040,0,0,0,0.168482303619385
191624.480,16,36.90,249.3,24°52.850208 N,46°39.498954 E,0,1,0,0,692.05,1.12,2,39985.000,1,28.800,211.70,-0.08,-0.07,3.01,3.02439024390244,217.65,0.040,0,0,0,0.126718997955322
191624.520,16,36.69,249.3,24°52.850130 N,46°39.498726 E,0,1,0,0,692.05,1.08,2,40018.000,1,28.840,212.10,-0.01,-0.15,3.02,2.94350113106756,222.88,0.040,0,0,0,0.138819098472595
191624.560,16,36.48,249.1,24°52.850052 N,46°39.498504 E,0,1,0,0,692.06,1.08,2,40085.000,1,28.880,212.51,0.10,-0.15,3.04,2.96036401513075,347.34,0.040,0,0,0,0.140790805220604
191624.600,16,36.41,249.3,24°52.849974 N,46°39.498282 E,0,1,0,0,692.07,1.08,2,40118.000,1,28.920,212.92,-0.08,-0.05,3.05,2.96589223924864,336.95,0.040,0,0,0,0.097542867064476
191624.640,16,36.32,249.9,24°52.849902 N,46°39.498054 E,0,1,0,0,692.07,1.08,2,40152.000,1,28.960,213.32,-0.30,-0.07,3.06,2.97356828193833,196.28,0.040,0,0,0,0.113868497312069
191624.680,16,36.18,250.8,24°52.849836 N,46°39.497832 E,0,1,0,0,692.08,1.08,2,40185.000,1,29.000,213.72,-0.40,-0.10,3.07,2.98507462686567,132.58,0.040,0,0,0,0.170605599880219
191624.720,16,36.11,251.0,24°52.849764 N,46°39.497604 E,0,1,0,0,692.08,1.04,2,40218.000,1,29.040,214.12,-0.09,-0.05,3.08,2.89100575985822,131.57,0.040,0,0,0,0.151004403829575
191624.760,16,35.94,250.7,24°52.849686 N,46°39.497382 E,0,1,0,0,692.10,1.08,2,40285.000,1,29.080,214.52,0.16,-0.13,3.10,3.0054264644497,163.25,0.040,0,0,0,0.122668698430061
191624.800,16,35.69,250.0,24°52.849614 N,46°39.497166 E,0,1,0,0,692.11,1.08,2,40318.000,1,29.120,214.92,0.31,-0.17,3.11,3.02605771924909,266.26,0.040,0,0,0,0.135217607021332
191624.840,16,35.65,249.3,24°52.849530 N,46°39.496944 E,0,1,0,0,692.13,1.12,2,40352.000,1,29.160,215.32,0.30,-0.03,3.12,3.13069823547564,625.74,0.040,0,0,0,0.103623799979687
191624.880,16,35.53,249.1,24°52.849458 N,46°39.496728 E,0,1,0,0,692.14,1.12,2,40385.000,1,29.200,215.71,0.07,-0.08,3.13,3.14083080040527,966.68,0.040,0,0,0,0.10346519947052
191624.920,16,35.31,249.6,24°52.849386 N,46°39.496512 E,0,1,0,0,692.16,1.12,2,40418.000,1,29.240,216.11,-0.19,-0.16,3.14,3.16066725197542,433.39,0.040,0,0,0,0.120878398418427
191624.960,16,35.27,250.0,24°52.849314 N,46°39.496290 E,0,1,0,0,692.18,1.15,2,40485.000,1,29.280,216.50,-0.21,-0.03,3.16,3.26632453429357,330.19,0.040,0,0,0,0.0808552131056786
191625.000,16,35.20,250.4,24°52.849242 N,46°39.496074 E,0,1,0,0,692.18,1.12,2,40518.000,1,29.320,216.89,-0.16,-0.05,3.17,3.17009430746506,244.13,0.040,0,0,0,0.0838971510529518
191625.040,16,34.98,250.6,24°52.849176 N,46°39.495858 E,0,1,0,0,692.19,1.12,2,40552.000,1,29.360,217.28,-0.07,-0.16,3.18,3.19057693407285,225.69,0.040,0,0,0,0.125997602939606
191625.080,16,34.66,250.3,24°52.849104 N,46°39.495648 E,0,1,0,0,692.18,1.08,2,40585.000,1,29.400,217.67,0.13,-0.22,3.19,3.11589394420242,329.01,0.040,0,0,0,0.168909102678299
191625.120,16,34.26,249.8,24°52.849032 N,46°39.495438 E,0,1,0,0,692.18,1.08,2,40618.000,1,29.440,218.05,0.19,-0.29,3.21,3.15254830988382,626.70,0.040,0,0,0,0.227285996079445
191625.160,16,34.02,249.5,24°52.848954 N,46°39.495234 E,0,1,0,0,692.18,1.08,2,40685.000,1,29.480,218.43,0.13,-0.17,3.22,3.17497648165569,725.06,0.040,0,0,0,0.202890396118164
191625.200,16,33.83,249.4,24°52.848882 N,46°39.495030 E,0,1,0,0,692.19,1.08,2,40718.000,1,29.520,218.81,0.07,-0.13,3.23,3.19214967635149,1000.00,0.040,0,0,0,0.170970499515533
191625.240,16,33.79,249.6,24°52.848810 N,46°39.494820 E,0,1,0,0,692.20,1.08,2,40752.000,1,29.560,219.18,-0.10,-0.03,3.24,3.19621189701095,977.79,0.040,0,0,0,0.0990518480539322
191625.280,16,33.64,250.1,24°52.848744 N,46°39.494610 E,0,1,0,0,692.20,1.04,2,40785.000,1,29.600,219.56,-0.20,-0.11,3.25,3.10363279624234,435.85,0.040,0,0,0,0.105708502233028
191625.320,16,33.52,250.1,24°52.848672 N,46°39.494406 E,0,1,0,0,692.20,1.04,2,40818.000,1,29.640,219.93,-0.01,-0.09,3.27,3.11493018259935,352.09,0.040,0,0,0,0.0974826887249947
191625.360,16,33.33,250.0,24°52.848606 N,46°39.494202 E,0,1,0,0,692.20,1.01,2,40885.000,1,29.680,220.30,0.04,-0.13,3.28,3.02412096483859,496.56,0.040,0,0,0,0.112813703715801
191625.400,16,33.11,250.0,24°52.848540 N,46°39.493998 E,0,1,0,0,692.21,1.01,2,40918.000,1,29.720,220.67,0.02,-0.16,3.29,3.04412164406728,1000.00,0.040,0,0,0,0.134008005261421
191625.440,16,32.97,250.0,24°52.848468 N,46°39.493800 E,0,1,0,0,692.22,1.04,2,40952.000,1,29.760,221.04,0.01,-0.10,3.30,3.16699529804338,451.64,0.040,0,0,0,0.119247898459435
191625.480,16,32.83,250.0,24°52.848402 N,46°39.493596 E,0,1,0,0,692.22,1.01,2,40985.000,1,29.800,221.40,-0.01,-0.09,3.31,3.07017543859649,363.29,0.040,0,0,0,0.106842800974846
191625.520,16,32.64,250.0,24°52.848330 N,46°39.493398 E,0,1,0,0,692.23,1.01,2,41018.000,1,29.840,221.77,0.00,-0.14,3.32,3.08842453581715,694.14,0.040,0,0,0,0.122280903160572
191625.560,16,32.45,250.1,24°52.848264 N,46°39.493194 E,0,1,0,0,692.23,1.01,2,41085.000,1,29.880,222.13,-0.04,-0.13,3.33,3.10593455352191,1000.00,0.040,0,0,0,0.126612797379494
191625.600,16,32.28,250.1,24°52.848198 N,46°39.492996 E,0,1,0,0,692.24,1.01,2,41118.000,1,29.920,222.49,0.01,-0.12,3.35,3.12287006629903,917.36,0.040,0,0,0,0.125757798552513
191625.640,16,32.11,250.1,24°52.848138 N,46°39.492798 E,0,1,0,0,692.26,1.04,2,41152.000,1,29.960,222.85,0.01,-0.12,3.36,3.25182993303224,590.71,0.040,0,0,0,0.124023996293545
191625.680,16,31.83,249.9,24°52.848072 N,46°39.492606 E,0,1,0,0,692.27,1.04,2,41185.000,1,30.000,223.20,0.07,-0.20,3.37,3.28013070252608,765.58,0.040,0,0,0,0.160446107387543
191625.720,16,31.66,249.9,24°52.848006 N,46°39.492414 E,0,1,0,0,692.28,1.04,2,41218.000,1,30.040,223.55,-0.01,-0.12,3.38,3.29732802728823,1000.00,0.040,0,0,0,0.138863995671272
191625.760,16,31.51,250.1,24°52.847940 N,46°39.492216 E,0,1,0,0,692.28,1.04,2,41285.000,1,30.080,223.91,-0.08,-0.11,3.39,3.31312874869093,527.91,0.040,0,0,0,0.12325169891119
191625.800,16,31.18,250.2,24°52.847874 N,46°39.492030 E,0,1,0,0,692.28,1.01,2,41318.000,1,30.120,224.25,-0.02,-0.23,3.40,3.23284156510584,373.12,0.040,0,0,0,0.179130107164383
191625.840,16,30.81,250.0,24°52.847814 N,46°39.491838 E,0,1,0,0,692.29,1.04,2,41352.000,1,30.160,224.60,0.05,-0.26,3.41,3.38862020838067,705.53,0.040,0,0,0,0.220644399523735
191625.880,16,30.39,250.0,24°52.847754 N,46°39.491658 E,0,1,0,0,692.31,1.04,2,41385.000,1,30.200,224.94,0.02,-0.30,3.43,3.43522753446744,1000.00,0.040,0,0,0,0.258212000131607
191625.920,16,30.27,250.0,24°52.847688 N,46°39.491472 E,0,1,0,0,692.32,1.04,2,41418.000,1,30.240,225.28,-0.02,-0.09,3.44,3.44952915909466,1000.00,0.040,0,0,0,0.173703193664551
191625.960,16,29.96,250.2,24°52.847628 N,46°39.491286 E,0,1,0,0,692.32,1.04,2,41485.000,1,30.280,225.61,-0.08,-0.22,3.45,3.48476250876197,1000.00,0.040,0,0,0,0.195879593491554
191626.000,16,29.57,250.2,24°52.847568 N,46°39.491106 E,0,1,0,0,692.33,1.01,2,41518.000,1,30.320,225.94,0.00,-0.27,3.46,3.40839926962873,1000.00,0.040,0,0,0,0.234321996569633
191626.040,16,29.10,250.1,24°52.847508 N,46°39.490932 E,0,1,0,0,692.34,1.01,2,41552.000,1,30.360,226.27,0.06,-0.34,3.47,3.46403656483041,1000.00,0.040,0,0,0,0.285248011350632
191626.080,16,28.79,250.1,24°52.847454 N,46°39.490752 E,0,1,0,0,692.35,1.04,2,41585.000,1,30.400,226.59,0.00,-0.22,3.48,3.62588129059146,1000.00,0.040,0,0,0,0.250973612070084
191626.120,16,28.63,250.1,24°52.847388 N,46°39.490578 E,0,1,0,0,692.35,1.01,2,41618.000,1,30.440,226.91,0.00,-0.12,3.50,3.52115136060363,1000.00,0.040,0,0,0,0.184120804071426
191626.160,16,28.33,250.2,24°52.847334 N,46°39.490404 E,0,1,0,0,692.36,1.01,2,41685.000,1,30.480,227.22,-0.05,-0.21,3.51,3.55831685964417,1000.00,0.040,0,0,0,0.198057696223259
191626.200,16,27.95,250.3,24°52.847280 N,46°39.490236 E,0,1,0,0,692.37,1.01,2,41718.000,1,30.520,227.54,-0.02,-0.26,3.52,3.60592401802962,1000.00,0.040,0,0,0,0.231756806373596
191626.240,16,27.69,250.3,24°52.847226 N,46°39.490062 E,0,1,0,0,692.38,1.01,2,41752.000,1,30.560,227.85,0.00,-0.19,3.53,3.64056631031494,1000.00,0.040,0,0,0,0.210259199142456
191626.280,16,27.32,250.5,24°52.847172 N,46°39.489900 E,0,1,0,0,692.39,1.01,2,41785.000,1,30.600,228.15,-0.07,-0.26,3.54,3.6896046852123,445.20,0.040,0,0,0,0.235997393727303
191626.320,16,26.91,250.7,24°52.847118 N,46°39.489732 E,0,1,0,0,692.39,1.01,2,41818.000,1,30.640,228.45,-0.06,-0.29,3.55,3.74526268856357,339.96,0.040,0,0,0,0.263203591108322
191626.360,16,26.51,250.4,24°52.847064 N,46°39.489570 E,0,1,0,0,692.40,1.01,2,41885.000,1,30.680,228.75,0.09,-0.28,3.56,3.80176510522743,879.13,0.040,0,0,0,0.27232038974762
191626.400,16,26.26,250.4,24°52.847010 N,46°39.489414 E,0,1,0,0,692.40,1.01,2,41918.000,1,30.720,229.04,-0.02,-0.18,3.57,3.83926871072177,895.42,0.040,0,0,0,0.228037893772125
191626.440,16,26.15,250.5,24°52.846956 N,46°39.489252 E,0,1,0,0,692.41,1.01,2,41952.000,1,30.760,229.33,-0.02,-0.07,3.59,3.8546845124283,529.06,0.040,0,0,0,0.151218593120575
191626.480,16,25.95,250.7,24°52.846908 N,46°39.489090 E,0,1,0,0,692.41,1.01,2,41985.000,1,30.800,229.62,-0.07,-0.15,3.60,3.88514164578917,330.78,0.040,0,0,0,0.149821102619171
191626.520,16,25.81,251.0,24°52.846860 N,46°39.488934 E,0,1,0,0,692.41,0.97,2,42018.000,1,30.840,229.91,-0.09,-0.10,3.61,3.76671187754311,250.68,0.040,0,0,0,0.128924801945686
191626.560,16,25.69,250.9,24°52.846806 N,46°39.488772 E,0,1,0,0,692.41,0.97,2,42085.000,1,30.880,230.20,0.03,-0.08,3.62,3.78313159226248,369.50,0.040,0,0,0,0.103819102048874
191626.600,16,25.35,251.2,24°52.846758 N,46°39.488616 E,0,1,0,0,692.41,0.94,2,42118.000,1,30.920,230.48,-0.08,-0.24,3.63,3.69259902161906,261.68,0.040,0,0,0,0.176335707306862
191626.640,16,25.06,251.0,24°52.846710 N,46°39.488466 E,0,1,0,0,692.42,0.94,2,42152.000,1,30.960,230.76,0.04,-0.20,3.64,3.73503591380686,251.64,0.040,0,0,0,0.189462900161743
191626.680,16,24.77,250.9,24°52.846662 N,46°39.488310 E,0,1,0,0,692.42,0.94,2,42185.000,1,31.000,231.04,0.03,-0.21,3.65,3.77906976744186,276.30,0.040,0,0,0,0.19768950343132
191626.720,16,24.54,251.0,24°52.846614 N,46°39.488160 E,0,1,0,0,692.44,0.97,2,42218.000,1,31.040,231.31,-0.02,-0.16,3.66,3.96120303203195,257.50,0.040,0,0,0,0.180630102753639
191626.760,16,24.43,250.7,24°52.846560 N,46°39.488010 E,0,1,0,0,692.43,0.94,2,42285.000,1,31.080,231.58,0.07,-0.07,3.67,3.83088445954242,442.73,0.040,0,0,0,0.127281293272972
191626.800,16,24.28,251.0,24°52.846518 N,46°39.487860 E,0,1,0,0,692.44,0.94,2,42318.000,1,31.120,231.85,-0.07,-0.11,3.68,3.85581874356334,325.57,0.040,0,0,0,0.12002419680357
191626.840,16,24.18,251.2,24°52.846470 N,46°39.487710 E,0,1,0,0,692.44,0.94,2,42352.000,1,31.160,232.12,-0.06,-0.07,3.69,3.87128794772107,254.28,0.040,0,0,0,0.0962134674191475
191626.880,16,24.16,251.3,24°52.846422 N,46°39.487560 E,0,1,0,0,692.45,0.94,2,42385.000,1,31.200,232.39,-0.05,-0.01,3.70,3.87369118073087,269.24,0.040,0,0,0,0.0578226707875729
191626.920,16,24.07,251.3,24°52.846374 N,46°39.487416 E,0,1,0,0,692.45,0.90,2,42418.000,1,31.240,232.66,0.01,-0.07,3.71,3.73909430826755,355.26,0.040,0,0,0,0.0620680190622807
191626.960,16,24.00,251.3,24°52.846332 N,46°39.487266 E,0,1,0,0,692.45,0.90,2,42485.000,1,31.280,232.93,0.02,-0.05,3.72,3.75031252604384,263.71,0.040,0,0,0,0.0563310794532299
191627.000,16,23.85,251.2,24°52.846284 N,46°39.487116 E,0,1,0,0,692.46,0.90,2,42518.000,1,31.320,233.19,0.02,-0.10,3.73,3.7729521254297,298.94,0.040,0,0,0,0.0787794068455696
191627.040,16,23.73,251.3,24°52.846236 N,46°39.486972 E,0,1,0,0,692.46,0.86,2,42552.000,1,31.360,233.46,-0.03,-0.09,3.74,3.64126770060688,281.12,0.040,0,0,0,0.0845290422439575
191627.080,16,23.71,251.1,24°52.846188 N,46°39.486828 E,0,1,0,0,692.46,0.90,2,42585.000,1,31.400,233.72,0.07,-0.01,3.75,3.79538649685826,667.97,0.040,0,0,0,0.0473444499075413
191627.120,16,23.57,251.0,24°52.846140 N,46°39.486678 E,0,1,0,0,692.47,0.90,2,42618.000,1,31.440,233.98,0.03,-0.10,3.76,3.81906135958584,1000.00,0.040,0,0,0,0.0765017420053482
191627.160,16,23.43,251.0,24°52.846098 N,46°39.486534 E,0,1,0,0,692.47,0.86,2,42685.000,1,31.480,234.24,-0.01,-0.09,3.77,3.68726527825196,1000.00,0.040,0,0,0,0.0852240994572639
191627.200,16,23.44,250.9,24°52.846050 N,46°39.486390 E,0,1,0,0,692.48,0.86,2,42718.000,1,31.520,234.50,0.02,0.00,3.78,3.68663594470046,1000.00,0.040,0,0,0,0.0420773588120937
191627.240,16,23.25,251.0,24°52.846002 N,46°39.486246 E,0,1,0,0,692.48,0.86,2,42752.000,1,31.560,234.76,-0.02,-0.14,3.79,3.71692837169284,1000.00,0.040,0,0,0,0.0881968513131142
191627.280,16,23.08,251.1,24°52.845960 N,46°39.486108 E,0,1,0,0,692.48,0.86,2,42785.000,1,31.600,235.02,-0.02,-0.12,3.80,3.74350086655113,1000.00,0.040,0,0,0,0.102747701108456
191627.320,16,23.15,251.0,24°52.845912 N,46°39.485964 E,0,1,0,0,692.48,0.83,2,42818.000,1,31.640,235.28,0.03,0.05,3.81,3.57636489288182,1000.00,0.040,0,0,0,0.0262062400579453
191627.360,16,23.17,250.5,24°52.845864 N,46°39.485820 E,0,1,0,0,692.49,0.83,2,42885.000,1,31.680,235.54,0.14,0.01,3.82,3.57420357420357,921.75,0.040,0,0,0,0.0321854911744595
191627.400,16,22.91,250.1,24°52.845816 N,46°39.485682 E,0,1,0,0,692.49,0.86,2,42918.000,1,31.720,235.79,0.11,-0.18,3.83,3.77062058130401,248.93,0.040,0,0,0,0.104530297219753
191627.440,16,22.81,250.0,24°52.845768 N,46°39.485538 E,0,1,0,0,692.50,0.86,2,42952.000,1,31.760,236.05,0.03,-0.08,3.84,3.78847671665351,185.98,0.040,0,0,0,0.0952379703521729
191627.480,16,22.65,249.9,24°52.845720 N,46°39.485400 E,0,1,0,0,692.51,0.86,2,42985.000,1,31.800,236.30,0.03,-0.11,3.85,3.81440113019293,149.69,0.040,0,0,0,0.105600699782372
191627.520,16,22.50,250.0,24°52.845672 N,46°39.485262 E,0,1,0,0,692.50,0.83,2,43018.000,1,31.840,236.55,-0.02,-0.10,3.86,3.67934589406328,161.09,0.040,0,0,0,0.104703903198242
191627.560,16,22.42,249.6,24°52.845624 N,46°39.485130 E,0,1,0,0,692.50,0.83,2,43085.000,1,31.880,236.80,0.09,-0.06,3.87,3.69296641541412,133.07,0.040,0,0,0,0.0895130783319473
191627.600,16,22.40,249.6,24°52.845576 N,46°39.484992 E,0,1,0,0,692.51,0.83,2,43118.000,1,31.920,237.05,0.02,-0.02,3.88,3.69708876585104,131.61,0.040,0,0,0,0.0609324313700199
191627.640,16,22.17,249.6,24°52.845534 N,46°39.484854 E,0,1,0,0,692.52,0.83,2,43152.000,1,31.960,237.29,-0.01,-0.16,3.89,3.7344398340249,124.69,0.040,0,0,0,0.107136197388172
191627.680,16,21.95,249.4,24°52.845486 N,46°39.484722 E,0,1,0,0,692.52,0.83,2,43185.000,1,32.000,237.54,0.05,-0.16,3.90,3.77169407370291,128.14,0.040,0,0,0,0.133298605680466
191627.720,16,21.71,249.1,24°52.845438 N,46°39.484590 E,0,1,0,0,692.53,0.83,2,43218.000,1,32.040,237.78,0.09,-0.17,3.91,3.81426202321725,112.17,0.040,0,0,0,0.157240092754364
191627.760,16,21.58,248.9,24°52.845390 N,46°39.484458 E,0,1,0,0,692.53,0.83,2,43285.000,1,32.080,238.02,0.05,-0.09,3.92,3.837775202781,99.39,0.040,0,0,0,0.130238592624664
191627.800,16,21.42,248.7,24°52.845342 N,46°39.484326 E,0,1,0,0,692.55,0.83,2,43318.000,1,32.120,238.26,0.07,-0.11,3.93,3.8662682106836,90.13,0.040,0,0,0,0.127144902944565
191627.840,16,21.23,248.3,24°52.845294 N,46°39.484200 E,0,1,0,0,692.55,0.83,2,43352.000,1,32.160,238.50,0.11,-0.13,3.93,3.90087628380288,73.36,0.040,0,0,0,0.139930993318558
191627.880,16,20.98,248.1,24°52.845246 N,46°39.484074 E,0,1,0,0,692.55,0.83,2,43385.000,1,32.200,238.73,0.05,-0.18,3.94,3.94718024503027,66.00,0.040,0,0,0,0.162264600396156
191627.920,16,20.74,247.8,24°52.845198 N,46°39.483948 E,0,1,0,0,692.56,0.83,2,43418.000,1,32.240,238.96,0.06,-0.17,3.95,3.99305555555556,62.60,0.040,0,0,0,0.171485096216202
191627.960,16,20.67,247.5,24°52.845150 N,46°39.483822 E,0,1,0,0,692.56,0.83,2,43485.000,1,32.280,239.19,0.07,-0.05,3.96,4.00561172657346,66.71,0.040,0,0,0,0.120441198348999
191628.000,16,20.67,247.1,24°52.845102 N,46°39.483702 E,0,1,0,0,692.56,0.79,2,43518.000,1,32.320,239.42,0.12,0.00,3.97,3.83201083801045,64.86,0.040,0,0,0,0.0909868031740189
191628.040,16,20.48,246.4,24°52.845048 N,46°39.483582 E,0,1,0,0,692.56,0.76,2,43552.000,1,32.360,239.65,0.18,-0.14,3.98,3.69194706255799,53.69,0.040,0,0,0,0.133182302117348
191628.080,16,20.24,245.8,24°52.845000 N,46°39.483462 E,0,1,0,0,692.56,0.76,2,43585.000,1,32.400,239.88,0.14,-0.17,3.99,3.73536241909185,47.43,0.040,0,0,0,0.166770100593567
191628.120,16,19.83,245.1,24°52.844946 N,46°39.483348 E,0,1,0,0,692.56,0.76,2,43618.000,1,32.440,240.10,0.18,-0.29,4.00,3.81259771042413,38.76,0.040,0,0,0,0.241552099585533
191628.160,16,19.52,244.3,24°52.844892 N,46°39.483234 E,0,1,0,0,692.56,0.76,2,43685.000,1,32.480,240.32,0.20,-0.22,4.01,3.87314923920283,34.73,0.040,0,0,0,0.253034800291061
191628.200,16,19.42,243.7,24°52.844838 N,46°39.483120 E,0,1,0,0,692.57,0.76,2,43718.000,1,32.520,240.54,0.15,-0.07,4.01,3.89249304911955,31.32,0.040,0,0,0,0.197061598300934
191628.240,16,19.29,242.9,24°52.844784 N,46°39.483006 E,0,1,0,0,692.58,0.76,2,43752.000,1,32.560,240.75,0.19,-0.09,4.02,3.91933226191093,27.39,0.040,0,0,0,0.188264593482018
191628.280,16,19.12,242.5,24°52.844730 N,46°39.482898 E,0,1,0,0,692.58,0.76,2,43785.000,1,32.600,240.97,0.10,-0.12,4.03,3.95397489539749,26.18,0.040,0,0,0,0.181629493832588
191628.320,16,19.05,241.4,24°52.844670 N,46°39.482790 E,0,1,0,0,692.59,0.76,2,43818.000,1,32.640,241.18,0.26,-0.05,4.04,3.96892062158757,23.45,0.040,0,0,0,0.182574704289436
191628.360,16,18.93,240.2,24°52.844610 N,46°39.482688 E,0,1,0,0,692.59,0.76,2,43885.000,1,32.680,241.39,0.27,-0.09,4.05,3.99471598414795,20.64,0.040,0,0,0,0.203091502189636
191628.400,16,18.71,239.3,24°52.844550 N,46°39.482586 E,0,1,0,0,692.58,0.72,2,43918.000,1,32.720,241.60,0.21,-0.15,4.06,3.84841520124004,18.99,0.040,0,0,0,0.224176794290543
191628.440,16,18.49,238.7,24°52.844496 N,46°39.482484 E,0,1,0,0,692.58,0.72,2,43952.000,1,32.760,241.80,0.12,-0.15,4.06,3.89336505704861,18.50,0.040,0,0,0,0.223072797060013
191628.480,16,18.16,238.2,24°52.844436 N,46°39.482382 E,0,1,0,0,692.58,0.72,2,43985.000,1,32.800,242.01,0.11,-0.24,4.07,3.96519440467012,17.64,0.040,0,0,0,0.248121693730354
191628.520,16,17.82,237.6,24°52.844376 N,46°39.482286 E,0,1,0,0,692.58,0.72,2,44018.000,1,32.840,242.21,0.14,-0.24,4.08,4.04131118096093,16.62,0.040,0,0,0,0.266862004995346
191628.560,16,17.36,236.9,24°52.844322 N,46°39.482196 E,0,1,0,0,692.58,0.68,2,44085.000,1,32.880,242.40,0.15,-0.32,4.09,3.94031914280776,15.54,0.040,0,0,0,0.311928600072861
191628.600,16,17.26,236.0,24°52.844256 N,46°39.482106 E,0,1,0,0,692.57,0.68,2,44118.000,1,32.920,242.60,0.19,-0.07,4.10,3.96246089676747,14.85,0.040,0,0,0,0.236217007040977
191628.640,16,17.15,235.2,24°52.844196 N,46°39.482016 E,0,1,0,0,692.56,0.65,2,44152.000,1,32.960,242.79,0.16,-0.08,4.10,3.77908672070916,14.65,0.040,0,0,0,0.207107096910477
191628.680,16,16.83,234.1,24°52.844136 N,46°39.481932 E,0,1,0,0,692.56,0.65,2,44185.000,1,33.000,242.98,0.22,-0.22,4.11,3.84935250089105,13.74,0.040,0,0,0,0.247647807002068
191628.720,16,16.72,233.0,24°52.844076 N,46°39.481848 E,0,1,0,0,692.57,0.65,2,44218.000,1,33.040,243.16,0.23,-0.08,4.12,3.8751345532831,13.19,0.040,0,0,0,0.226328805088997
191628.760,16,16.53,231.6,24°52.844010 N,46°39.481764 E,0,1,0,0,692.57,0.65,2,44285.000,1,33.080,243.35,0.27,-0.14,4.13,3.91990805153953,12.50,0.040,0,0,0,0.243010804057121
191628.800,16,16.30,230.6,24°52.843944 N,46°39.481686 E,0,1,0,0,692.57,0.65,2,44318.000,1,33.120,243.53,0.21,-0.16,4.13,3.97521624440218,11.93,0.040,0,0,0,0.252997606992722
191628.840,16,16.16,229.2,24°52.843878 N,46°39.481608 E,0,1,0,0,692.57,0.65,2,44352.000,1,33.160,243.71,0.28,-0.10,4.14,4.00990099009901,11.27,0.040,0,0,0,0.253600597381592
191628.880,16,16.06,227.6,24°52.843812 N,46°39.481536 E,0,1,0,0,692.55,0.61,2,44385.000,1,33.200,243.89,0.30,-0.07,4.15,3.8107098381071,10.36,0.040,0,0,0,0.257217794656754
191628.920,16,15.70,226.2,24°52.843740 N,46°39.481470 E,0,1,0,0,692.54,0.61,2,44418.000,1,33.240,244.06,0.28,-0.25,4.16,3.89734445647329,9.90,0.040,0,0,0,0.302214294672012
191628.960,16,15.48,224.4,24°52.843674 N,46°39.481404 E,0,1,0,0,692.54,0.61,2,44485.000,1,33.280,244.24,0.35,-0.16,4.16,3.95451020935642,9.36,0.040,0,0,0,0.315060406923294
191629.000,16,15.44,222.5,24°52.843602 N,46°39.481338 E,0,1,0,0,692.55,0.61,2,44518.000,1,33.320,244.41,0.36,-0.03,4.17,3.96450087452225,8.79,0.040,0,0,0,0.301893413066864
191629.040,16,15.31,221.4,24°52.843530 N,46°39.481278 E,0,1,0,0,692.55,0.61,2,44552.000,1,33.360,244.58,0.21,-0.09,4.18,3.99712624910195,8.44,0.040,0,0,0,0.286051690578461
191629.080,16,15.22,220.1,24°52.843458 N,46°39.481218 E,0,1,0,0,692.54,0.58,2,44585.000,1,33.400,244.75,0.25,-0.06,4.18,3.78349973725696,8.01,0.040,0,0,0,0.276573985815048
191629.120,16,15.22,218.7,24°52.843380 N,46°39.481158 E,0,1,0,0,692.54,0.58,2,44618.000,1,33.440,244.92,0.25,0.00,4.19,3.78424545036463,7.71,0.040,0,0,0,0.266151785850525
191629.160,16,15.16,217.3,24°52.843308 N,46°39.481104 E,0,0,0,0,692.54,0.58,1,44685.000,1,33.480,245.09,0.26,-0.04,4.20,3.79872056980809,7.42,0.040,0,0,0,0.265540689229965
191629.200,16,15.28,216.5,24°52.843230 N,46°39.481044 E,0,0,0,0,692.54,0.58,1,44718.000,1,33.520,245.26,0.17,0.08,4.20,3.76914016489988,7.48,0.040,0,0,0,0.244797706604004
191629.240,16,15.10,215.0,24°52.843152 N,46°39.480996 E,0,0,0,0,692.54,0.58,1,44752.000,1,33.560,245.43,0.27,-0.13,4.21,3.81583305730374,7.14,0.040,0,0,0,0.255243003368378
191629.280,16,15.08,213.8,24°52.843074 N,46°39.480942 E,0,1,0,0,692.53,0.54,2,44785.000,1,33.600,245.59,0.23,-0.01,4.22,3.5799522673031,7.08,0.040,0,0,0,0.247402504086494
191629.320,16,14.84,212.3,24°52.842996 N,46°39.480894 E,0,1,0,0,692.53,0.50,2,44818.000,1,33.640,245.76,0.27,-0.17,4.22,3.39645528674439,6.84,0.040,0,0,0,0.27104240655899
191629.360,16,14.55,210.7,24°52.842924 N,46°39.480852 E,0,1,0,0,692.52,0.50,2,44885.000,1,33.680,245.92,0.27,-0.21,4.23,3.46439373109706,6.65,0.040,0,0,0,0.298707097768784
191629.400,16,14.36,208.9,24°52.842846 N,46°39.480810 E,0,0,0,0,692.53,0.50,1,44918.000,1,33.720,246.08,0.32,-0.13,4.23,3.50877192982456,6.33,0.040,0,0,0,0.304179400205612
191629.440,16,14.44,207.0,24°52.842768 N,46°39.480774 E,0,0,0,0,692.54,0.54,1,44952.000,1,33.760,246.24,0.35,0.05,4.24,3.74064837905237,6.20,0.040,0,0,0,0.289241999387741
191629.480,16,14.21,205.1,24°52.842690 N,46°39.480744 E,0,0,0,0,692.55,0.54,1,44985.000,1,33.800,246.40,0.33,-0.16,4.25,3.79933863364525,6.01,0.040,0,0,0,0.3124018907547
191629.520,16,14.04,203.6,24°52.842612 N,46°39.480708 E,0,0,0,0,692.54,0.54,1,45018.000,1,33.840,246.56,0.25,-0.12,4.25,3.84505838792367,5.93,0.040,0,0,0,0.307681292295456
191629.560,16,14.00,201.9,24°52.842528 N,46°39.480684 E,0,0,0,0,692.54,0.54,1,45085.000,1,33.880,246.72,0.29,-0.03,4.26,3.85714285714286,5.95,0.040,0,0,0,0.296299308538437
191629.600,16,13.99,200.3,24°52.842450 N,46°39.480654 E,0,0,0,0,692.53,0.50,1,45118.000,1,33.920,246.87,0.27,-0.01,4.26,3.6036036036036,6.03,0.040,0,0,0,0.287440806627274
191629.640,16,14.12,198.8,24°52.842360 N,46°39.480630 E,0,0,0,0,692.53,0.50,1,45152.000,1,33.960,247.03,0.27,0.09,4.27,3.56965790778384,5.96,0.040,0,0,0,0.283500999212265
191629.680,16,13.95,197.5,24°52.842282 N,46°39.480606 E,0,0,0,0,692.52,0.50,1,45185.000,1,34.000,247.18,0.22,-0.12,4.28,3.61290322580645,5.90,0.040,0,0,0,0.273265510797501
191629.720,16,13.66,196.0,24°52.842198 N,46°39.480588 E,0,0,0,0,692.52,0.47,1,45218.000,1,34.040,247.34,0.26,-0.21,4.28,3.42656318641089,5.74,0.040,0,0,0,0.295014292001724
191629.760,16,13.41,194.7,24°52.842120 N,46°39.480570 E,0,0,0,0,692.51,0.47,1,45285.000,1,34.080,247.49,0.22,-0.17,4.29,3.48889220217683,5.65,0.040,0,0,0,0.298279702663422
191629.800,16,13.28,192.9,24°52.842042 N,46°39.480552 E,0,0,0,0,692.51,0.47,1,45318.000,1,34.120,247.64,0.30,-0.10,4.29,3.52489267153724,5.37,0.040,0,0,0,0.292667090892792
191629.840,16,13.38,191.3,24°52.841964 N,46°39.480540 E,0,0,0,0,692.51,0.47,1,45352.000,1,34.160,247.78,0.26,0.07,4.30,3.49828075945582,5.39,0.040,0,0,0,0.265257090330124
191629.880,16,13.52,190.1,24°52.841880 N,46°39.480528 E,0,0,0,0,692.51,0.43,1,45385.000,1,34.200,247.93,0.19,0.10,4.30,3.19573901464714,5.47,0.040,0,0,0,0.252148896455765
191629.920,16,13.57,189.3,24°52.841796 N,46°39.480516 E,0,1,0,0,692.51,0.43,2,45418.000,1,34.240,248.08,0.14,0.04,4.31,3.18396226415094,5.65,0.040,0,0,0,0.230044096708298
191629.960,16,13.45,188.3,24°52.841718 N,46°39.480510 E,0,0,0,0,692.50,0.43,1,45485.000,1,34.280,248.23,0.18,-0.08,4.31,3.2111796625288,5.71,0.040,0,0,0,0.218302205204964
191630.000,16,13.23,187.1,24°52.841640 N,46°39.480498 E,0,0,0,0,692.50,0.43,1,45518.000,1,34.320,248.38,0.19,-0.16,4.32,3.26629366399516,5.78,0.040,0,0,0,0.230840295553207
191630.040,16,12.96,185.6,24°52.841562 N,46°39.480498 E,0,0,0,0,692.49,0.43,1,45552.000,1,34.360,248.53,0.23,-0.19,4.32,3.33436245754863,5.80,0.040,0,0,0,0.258335590362549
191630.080,16,12.65,183.2,24°52.841484 N,46°39.480498 E,0,0,0,0,692.50,0.43,1,45585.000,1,34.400,248.67,0.38,-0.22,4.33,3.41582984106903,5.53,0.040,0,0,0,0.306976288557053
191630.120,16,12.34,180.6,24°52.841412 N,46°39.480504 E,0,0,0,0,692.50,0.43,1,45618.000,1,34.440,248.81,0.40,-0.22,4.33,3.50166166815271,5.12,0.040,0,0,0,0.34367299079895
191630.160,16,12.21,178.3,24°52.841340 N,46°39.480510 E,0,0,0,0,692.51,0.43,1,45685.000,1,34.480,248.94,0.34,-0.09,4.34,3.53866317169069,4.94,0.040,0,0,0,0.326002687215805
191630.200,16,12.22,176.9,24°52.841268 N,46°39.480516 E,0,0,0,0,692.51,0.40,1,45718.000,1,34.520,249.08,0.22,0.00,4.34,3.24191567744576,4.97,0.040,0,0,0,0.286162286996841
191630.240,16,12.05,176.1,24°52.841196 N,46°39.480522 E,0,0,0,0,692.52,0.43,1,45752.000,1,34.560,249.21,0.11,-0.12,4.35,3.58625269799103,5.07,0.040,0,0,0,0.262440890073776
191630.280,16,11.80,174.5,24°52.841130 N,46°39.480534 E,0,0,0,0,692.52,0.43,1,45785.000,1,34.600,249.35,0.24,-0.18,4.35,3.66194795286937,4.88,0.040,0,0,0,0.2787005007267
191630.320,16,11.49,172.3,24°52.841064 N,46°39.480552 E,0,0,0,0,692.52,0.40,1,45818.000,1,34.640,249.48,0.31,-0.22,4.36,3.44707520891365,4.62,0.040,0,0,0,0.312009304761887
191630.360,16,11.12,170.5,24°52.840998 N,46°39.480564 E,0,0,0,0,692.52,0.40,1,45885.000,1,34.680,249.60,0.25,-0.26,4.36,3.55987055016181,4.39,0.040,0,0,0,0.335226088762283
191630.400,16,10.93,168.8,24°52.840932 N,46°39.480582 E,0,0,0,0,692.52,0.36,1,45918.000,1,34.720,249.72,0.22,-0.14,4.36,3.29368709972553,4.35,0.040,0,0,0,0.304989010095596
191630.440,16,10.76,167.7,24°52.840872 N,46°39.480600 E,0,0,0,0,692.51,0.36,1,45952.000,1,34.760,249.85,0.15,-0.12,4.37,3.34665799014595,4.36,0.040,0,0,0,0.273046404123306
191630.480,16,10.67,166.8,24°52.840806 N,46°39.480618 E,0,0,0,0,692.51,0.32,1,45985.000,1,34.800,249.96,0.12,-0.06,4.37,3.035413153457,4.37,0.040,0,0,0,0.231328293681145
191630.520,16,10.44,166.1,24°52.840746 N,46°39.480636 E,0,0,0,0,692.51,0.32,1,46018.000,1,34.840,250.08,0.09,-0.17,4.38,3.10463779225757,4.29,0.040,0,0,0,0.228249102830887
191630.560,16,10.15,165.0,24°52.840692 N,46°39.480654 E,0,0,0,0,692.52,0.32,1,46085.000,1,34.880,250.20,0.14,-0.20,4.38,3.19274733937722,4.17,0.040,0,0,0,0.243087098002434
191630.600,16,10.07,163.8,24°52.840638 N,46°39.480672 E,0,0,0,0,692.53,0.36,1,46118.000,1,34.920,250.31,0.16,-0.06,4.38,3.57639578780052,4.12,0.040,0,0,0,0.205615103244781
191630.640,16,9.90,162.9,24°52.840578 N,46°39.480696 E,0,0,0,0,692.53,0.32,1,46152.000,1,34.960,250.42,0.10,-0.12,4.39,3.27405012126112,4.16,0.040,0,0,0,0.196180000901222
191630.680,16,9.62,161.8,24°52.840530 N,46°39.480714 E,0,0,0,0,692.53,0.32,1,46185.000,1,35.000,250.53,0.13,-0.19,4.39,3.36693338875611,4.30,0.040,0,0,0,0.216975495219231
191630.720,16,9.44,160.5,24°52.840476 N,46°39.480738 E,0,0,0,0,692.54,0.32,1,46218.000,1,35.040,250.63,0.15,-0.13,4.40,3.43256700921708,4.50,0.040,0,0,0,0.208061099052429
191630.760,16,9.20,159.3,24°52.840428 N,46°39.480762 E,0,1,0,0,692.55,0.32,2,46285.000,1,35.080,250.74,0.14,-0.17,4.40,3.52097370136927,4.62,0.040,0,0,0,0.215587005019188
191630.800,16,8.92,158.7,24°52.840380 N,46°39.480780 E,0,1,0,0,692.56,0.32,2,46318.000,1,35.120,250.84,0.06,-0.20,4.40,3.63187983409932,4.69,0.040,0,0,0,0.221129298210144
191630.840,16,8.60,157.5,24°52.840338 N,46°39.480804 E,0,1,0,0,692.57,0.32,2,46351.000,1,35.160,250.93,0.12,-0.23,4.41,3.76875654298011,4.43,0.040,0,0,0,0.241686597466469
191630.880,16,8.27,155.5,24°52.840296 N,46°39.480828 E,0,1,0,0,692.58,0.32,2,46385.000,1,35.200,251.03,0.21,-0.23,4.41,3.91824888136413,4.16,0.040,0,0,0,0.262839406728745
191630.920,16,8.19,153.7,24°52.840254 N,46°39.480858 E,0,1,0,0,692.59,0.36,2,46418.000,1,35.240,251.12,0.18,-0.06,4.41,4.3956043956044,4.20,0.040,0,0,0,0.206086099147797
191630.960,16,7.84,152.2,24°52.840218 N,46°39.480882 E,0,1,0,0,692.59,0.32,2,46485.000,1,35.280,251.21,0.14,-0.25,4.42,4.13423503891795,4.10,0.040,0,0,0,0.245771706104279
191631.000,16,7.45,151.8,24°52.840182 N,46°39.480900 E,0,1,0,0,692.60,0.32,2,46518.000,1,35.320,251.29,0.04,-0.27,4.42,4.34782608695652,4.18,0.040,0,0,0,0.266122490167618
191631.040,16,7.14,151.5,24°52.840146 N,46°39.480924 E,0,1,0,0,692.61,0.32,2,46551.000,1,35.360,251.38,0.03,-0.22,4.43,4.54099509460406,4.20,0.040,0,0,0,0.253011912107468
191631.080,16,6.87,151.1,24°52.840116 N,46°39.480942 E,0,1,0,0,692.62,0.32,2,46585.000,1,35.400,251.45,0.03,-0.19,4.43,4.71478463329453,4.19,0.040,0,0,0,0.227140605449677
191631.120,16,6.55,150.0,24°52.840080 N,46°39.480966 E,0,1,0,0,692.62,0.32,2,46618.000,1,35.440,251.53,0.09,-0.23,4.43,4.95034377387319,3.88,0.040,0,0,0,0.238223493099213
191631.160,16,6.25,148.8,24°52.840056 N,46°39.480990 E,0,1,0,0,692.62,0.29,2,46685.000,1,35.480,251.60,0.09,-0.21,4.44,4.60578922117384,3.68,0.040,0,0,0,0.232380598783493
191631.200,16,5.94,147.6,24°52.840026 N,46°39.481008 E,0,0,0,0,692.62,0.29,1,46718.000,1,35.520,251.67,0.09,-0.22,4.44,4.85175202156334,3.51,0.040,0,0,0,0.237209498882294
191631.240,16,5.72,147.3,24°52.840002 N,46°39.481026 E,0,0,0,0,692.62,0.25,1,46751.000,1,35.560,251.73,0.02,-0.15,4.44,4.40251572327044,3.50,0.040,0,0,0,0.200277805328369
191631.280,16,5.40,147.3,24°52.839978 N,46°39.481044 E,0,0,0,0,692.63,0.25,1,46785.000,1,35.600,251.79,0.00,-0.23,4.45,4.67012601927354,3.55,0.040,0,0,0,0.217274606227875
191631.320,16,5.07,147.1,24°52.839954 N,46°39.481062 E,0,0,0,0,692.64,0.25,1,46818.000,1,35.640,251.85,0.01,-0.23,4.45,4.96845425867508,3.61,0.040,0,0,0,0.224963307380676
191631.360,16,4.67,146.3,24°52.839930 N,46°39.481080 E,0,0,0,0,692.64,0.25,1,46885.000,1,35.680,251.91,0.05,-0.28,4.45,5.39268136101006,3.44,0.040,0,0,0,0.256014287471771
191631.400,16,4.35,146.4,24°52.839912 N,46°39.481092 E,0,1,0,0,692.66,0.29,2,46918.000,1,35.720,251.96,-0.01,-0.23,4.45,6.6283084004603,3.38,0.040,0,0,0,0.244622901082039
191631.440,16,4.12,146.7,24°52.839894 N,46°39.481104 E,0,1,0,0,692.67,0.29,2,46951.000,1,35.760,252.00,-0.01,-0.16,4.46,6.98689956331878,3.61,0.040,0,0,0,0.201889902353287
191631.480,16,3.79,146.7,24°52.839876 N,46°39.481116 E,0,1,0,0,692.68,0.29,2,46985.000,1,35.800,252.05,0.00,-0.23,4.46,7.59694012134002,4.13,0.040,0,0,0,0.218369007110596
191631.520,16,3.52,146.8,24°52.839864 N,46°39.481128 E,0,1,0,0,692.67,0.25,2,47018.000,1,35.840,252.09,0.00,-0.19,4.46,7.15096481271283,4.91,0.040,0,0,0,0.203648999333382
191631.560,16,3.18,147.5,24°52.839852 N,46°39.481134 E,0,1,0,0,692.68,0.25,2,47085.000,1,35.880,252.12,-0.03,-0.24,4.47,7.91954745443118,6.52,0.040,0,0,0,0.222692295908928
191631.600,16,2.82,147.7,24°52.839840 N,46°39.481146 E,0,1,0,0,692.69,0.25,2,47118.000,1,35.920,252.16,-0.01,-0.25,4.47,8.92983699503898,6.56,0.040,0,0,0,0.238795801997185
191631.640,16,2.51,147.5,24°52.839828 N,46°39.481152 E,0,1,0,0,692.71,0.25,2,47151.000,1,35.960,252.19,0.01,-0.22,4.47,10.0558659217877,6.00,0.040,0,0,0,0.231601893901825
191631.680,16,2.25,146.2,24°52.839822 N,46°39.481158 E,0,1,0,0,692.71,0.25,2,47185.000,1,36.000,252.21,0.04,-0.18,4.48,11.2,4.36,0.040,0,0,0,0.206593796610832
191631.720,16,2.01,145.7,24°52.839810 N,46°39.481164 E,0,1,0,0,692.71,0.22,2,47218.000,1,36.040,252.24,0.01,-0.17,4.48,10.7355864811133,4.42,0.040,0,0,0,0.187642306089401
191631.760,16,1.73,145.6,24°52.839804 N,46°39.481170 E,0,1,0,0,692.71,0.22,2,47285.000,1,36.080,252.26,0.00,-0.20,4.48,12.5,5.23,0.040,0,0,0,0.194570407271385
191631.800,16,1.34,146.8,24°52.839804 N,46°39.481170 E,0,1,0,0,692.72,0.22,2,47318.000,1,36.120,252.27,-0.02,-0.27,4.48,16.0833953834698,16.74,0.040,0,0,0,0.233582302927971
191631.840,16,1.16,149.4,24°52.839798 N,46°39.481170 E,0,1,0,0,692.73,0.22,2,47351.000,1,36.160,252.29,-0.04,-0.13,4.49,18.6851211072664,5.14,0.040,0,0,0,0.183109104633331
191631.880,16,0.99,151.5,24°52.839792 N,46°39.481176 E,0,1,0,0,692.74,0.22,2,47385.000,1,36.200,252.30,-0.03,-0.12,4.49,21.8181818181818,2.24,0.040,0,0,0,0.150410503149033
191631.920,16,0.85,152.7,24°52.839792 N,46°39.481176 E,0,1,0,0,692.74,0.22,2,47418.000,1,36.240,252.31,-0.01,-0.10,4.49,25.3223915592028,1.47,0.040,0,0,0,0.12386579811573
191631.960,16,0.67,151.9,24°52.839792 N,46°39.481176 E,0,1,0,0,692.74,0.18,2,47485.000,1,36.280,252.32,0.01,-0.13,4.49,27.027027027027,1.14,0.040,0,0,0,0.128187105059624
191632.000,16,0.42,151.9,24°52.839792 N,46°39.481176 E,0,1,0,0,692.75,0.18,2,47518.000,1,36.320,252.32,0.00,-0.18,4.50,0,0.00,0.040,0,0,0,0.12862640619278
191632.040,16,0.32,151.9,24°52.839792 N,46°39.481176 E,0,1,0,0,692.76,0.18,2,47551.000,1,36.360,252.32,0.00,-0.07,4.50,0,0.00,0.040,0,0,0,0.00613227998837829
191632.080,16,0.13,151.9,24°52.839792 N,46°39.481176 E,0,1,0,0,692.76,0.18,2,47585.000,1,36.400,252.32,0.00,-0.13,4.50,0,0.00,0.040,0,0,0,0.00306613999418914
191632.120,16,0.02,151.9,24°52.839798 N,46°39.481176 E,0,1,0,0,692.77,0.18,2,47618.000,1,36.440,252.32,0.00,-0.08,4.50,0,0.00,0.040,0,0,0,0.00153306999709457
191632.160,16,0.13,151.9,24°52.839798 N,46°39.481176 E,0,1,0,0,692.77,0.18,2,47685.000,1,36.480,252.32,0.00,0.08,4.50,0,0.00,0.040,0,0,0,0.000766535114962608
191632.200,16,0.16,151.9,24°52.839798 N,46°39.481176 E,0,1,0,0,692.78,0.18,2,47718.000,1,36.520,252.32,0.00,0.02,4.51,0,0.00,0.040,0,0,0,0.000383267499273643
191632.240,16,0.26,151.9,24°52.839804 N,46°39.481170 E,0,1,0,0,692.79,0.18,2,47751.000,1,36.560,252.32,0.00,0.07,4.51,0,0.00,0.040,0,0,0,0.000191633793292567
191632.280,16,0.22,151.9,24°52.839804 N,46°39.481170 E,0,1,0,0,692.80,0.18,2,47785.000,1,36.600,252.32,0.00,-0.03,4.51,0,0.00,0.040,0,0,0,9.58168820943683E-05
191632.320,16,0.15,151.9,24°52.839804 N,46°39.481170 E,0,1,0,0,692.80,0.14,2,47818.000,1,36.640,252.32,0.00,-0.05,4.51,0,0.00,0.040,0,0,0,4.79084410471842E-05
191632.360,16,0.15,151.9,24°52.839810 N,46°39.481170 E,0,1,0,0,692.81,0.14,2,47885.000,1,36.680,252.32,0.00,0.00,4.51,0,0.00,0.040,0,0,0,2.39542205235921E-05
191632.400,16,0.07,151.9,24°52.839810 N,46°39.481170 E,0,1,0,0,692.81,0.14,2,47918.000,1,36.720,252.32,0.00,-0.06,4.52,0,0.00,0.040,0,0,0,1.1977110261796E-05
191632.440,16,0.04,151.9,24°52.839810 N,46°39.481170 E,0,1,0,0,692.82,0.14,2,47951.000,1,36.760,252.32,0.00,-0.02,4.52,0,0.00,0.040,0,0,0,5.98855513089802E-06
191632.480,16,0.09,151.9,24°52.839816 N,46°39.481164 E,0,1,0,0,692.83,0.14,2,47985.000,1,36.800,252.32,0.00,0.04,4.52,0,0.00,0.040,0,0,0,2.99427802019636E-06
191632.520,16,0.07,151.9,24°52.839816 N,46°39.481164 E,0,1,0,0,692.83,0.14,2,48018.000,1,36.840,252.32,0.00,-0.01,4.52,0,0.00,0.040,0,0,0,1.49713901009818E-06
191632.560,16,0.05,151.9,24°52.839816 N,46°39.481164 E,0,1,0,0,692.84,0.14,2,48085.000,1,36.880,252.32,0.00,-0.01,4.52,0,0.00,0.040,0,0,0,7.48569391362253E-07
191632.600,16,0.05,151.9,24°52.839816 N,46°39.481164 E,0,1,0,0,692.85,0.14,2,48118.000,1,36.920,252.32,0.00,0.00,4.52,0,0.00,0.040,0,0,0,3.74284695681126E-07
191632.640,16,0.10,151.9,24°52.839822 N,46°39.481164 E,0,1,0,0,692.85,0.14,2,48151.000,1,36.960,252.32,0.00,0.03,4.53,0,0.00,0.040,0,0,0,1.87142305207999E-07
191632.680,16,0.09,151.9,24°52.839822 N,46°39.481164 E,0,1,0,0,692.86,0.14,2,48185.000,1,37.000,252.32,0.00,0.00,4.53,0,0.00,0.040,0,0,0,9.35711668148542E-08
191632.720,16,0.05,151.9,24°52.839822 N,46°39.481164 E,0,1,0,0,692.87,0.14,2,48218.000,1,37.040,252.32,0.00,-0.03,4.53,0,0.00,0.040,0,0,0,4.67855905128545E-08
191632.760,16,0.07,151.9,24°52.839822 N,46°39.481158 E,0,1,0,0,692.87,0.14,2,48285.000,1,37.080,252.32,0.00,0.01,4.53,0,0.00,0.040,0,0,0,2.33927899273567E-08
191632.800,16,0.10,151.9,24°52.839822 N,46°39.481158 E,0,1,0,0,692.88,0.14,2,48318.000,1,37.120,252.32,0.00,0.02,4.53,0,0.00,0.040,0,0,0,1.16964002927489E-08
191632.840,16,0.15,151.9,24°52.839828 N,46°39.481158 E,0,1,0,0,692.88,0.11,2,48351.000,1,37.160,252.32,0.00,0.04,4.53,0,0.00,0.040,0,0,0,5.84819792592839E-09
191632.880,16,0.12,151.9,24°52.839828 N,46°39.481158 E,0,1,0,0,692.90,0.11,2,48385.000,1,37.200,252.32,0.00,-0.02,4.53,0,0.00,0.040,0,0,0,2.92409896296419E-09
191632.920,16,0.26,151.9,24°52.839828 N,46°39.481158 E,0,1,0,0,692.90,0.11,2,48418.000,1,37.240,252.32,0.00,0.10,4.54,0,0.00,0.040,0,0,0,1.46205003659361E-09
191632.960,16,0.17,151.9,24°52.839828 N,46°39.481158 E,0,1,0,0,692.91,0.11,2,48485.000,1,37.280,252.32,0.00,-0.06,4.54,0,0.00,0.040,0,0,0,7.310247962522E-10
191633.000,16,0.07,151.9,24°52.839834 N,46°39.481158 E,0,1,0,0,692.92,0.11,2,48518.000,1,37.320,252.32,0.00,-0.07,4.54,0,0.00,0.040,0,0,0,3.655123981261E-10
191633.040,16,0.14,151.9,24°52.839834 N,46°39.481158 E,0,1,0,0,692.93,0.11,2,48551.000,1,37.360,252.32,0.00,0.05,4.54,0,0.00,0.040,0,0,0,1.8275619906305E-10
191633.080,16,0.18,151.9,24°52.839834 N,46°39.481158 E,0,1,0,0,692.94,0.11,2,48585.000,1,37.400,252.32,0.00,0.03,4.54,0,0.00,0.040,0,0,0,9.1378099531525E-11
191633.120,16,0.13,151.9,24°52.839834 N,46°39.481158 E,0,1,0,0,692.95,0.11,2,48618.000,1,37.440,252.32,0.00,-0.04,4.54,0,0.00,0.040,0,0,0,4.56890497657625E-11
191633.160,16,0.06,151.9,24°52.839840 N,46°39.481152 E,0,1,0,0,692.96,0.11,2,48685.000,1,37.480,252.32,0.00,-0.05,4.54,0,0.00,0.040,0,0,0,2.28445196787108E-11
191633.200,16,0.10,151.9,24°52.839840 N,46°39.481152 E,0,1,0,0,692.97,0.11,2,48718.000,1,37.520,252.32,0.00,0.03,4.54,0,0.00,0.040,0,0,0,1.14222598393554E-11
191633.240,16,0.07,151.9,24°52.839840 N,46°39.481158 E,0,1,0,0,692.97,0.11,2,48751.000,1,37.560,252.32,0.00,-0.02,4.55,0,0.00,0.040,0,0,0,5.71113078703944E-12
191633.280,16,0.09,151.9,24°52.839846 N,46°39.481152 E,0,1,0,0,692.98,0.11,2,48785.000,1,37.600,252.32,0.00,0.01,4.55,0,0.00,0.040,0,0,0,2.85556604404102E-12
191633.320,16,0.03,151.9,24°52.839846 N,46°39.481152 E,0,1,0,0,692.99,0.11,2,48818.000,1,37.640,252.32,0.00,-0.04,4.55,0,0.00,0.040,0,0,0,1.42778302202051E-12
191633.360,16,0.14,151.9,24°52.839852 N,46°39.481152 E,0,1,0,0,693.00,0.11,2,48885.000,1,37.680,252.32,0.00,0.08,4.55,0,0.00,0.040,0,0,0,7.13891402590039E-13
191633.400,16,0.12,151.9,24°52.839852 N,46°39.481152 E,0,1,0,0,693.01,0.11,2,48918.000,1,37.720,252.32,0.00,-0.02,4.55,0,0.00,0.040,0,0,0,3.56945701295019E-13
191633.440,16,0.13,151.9,24°52.839858 N,46°39.481152 E,0,1,0,0,693.02,0.11,2,48951.000,1,37.760,252.32,0.00,0.01,4.55,0,0.00,0.040,0,0,0,1.78472904857618E-13
191633.480,16,0.23,151.9,24°52.839858 N,46°39.481146 E,0,1,0,0,693.02,0.07,2,48985.000,1,37.800,252.32,0.00,0.07,4.55,0,0.00,0.040,0,0,0,8.92364321000184E-14
191633.520,16,0.34,151.9,24°52.839864 N,46°39.481146 E,0,1,0,0,693.03,0.07,2,49018.000,1,37.840,252.32,0.00,0.08,4.55,0,0.00,0.040,0,0,0,4.46182092737456E-14
191633.560,16,0.35,151.9,24°52.839864 N,46°39.481146 E,0,1,0,0,693.03,0.07,2,49085.000,1,37.880,252.32,0.00,0.01,4.56,0,0.00,0.040,0,0,0,2.23091097190705E-14
191633.600,16,0.32,151.9,24°52.839870 N,46°39.481140 E,0,1,0,0,693.04,0.07,2,49118.000,1,37.920,252.32,0.00,-0.02,4.56,0,0.00,0.040,0,0,0,1.11545497773376E-14
191633.640,16,0.52,254.3,24°52.839876 N,46°39.481140 E,0,1,0,0,693.05,0.11,2,49151.000,1,37.960,252.33,-0.66,0.14,4.56,20.8494208494208,0.05,0.040,0,0,0,0.148786097764969
191633.680,16,0.66,297.7,24°52.839882 N,46°39.481134 E,0,1,0,0,693.06,0.07,2,49185.000,1,38.000,252.33,-0.36,0.10,4.56,10.8761329305136,0.04,0.040,0,0,0,0.19595530629158
191633.720,16,0.84,317.8,24°52.839888 N,46°39.481134 E,0,1,0,0,693.07,0.07,2,49218.000,1,38.040,252.34,-0.21,0.13,4.56,8.55106888361045,0.05,0.040,0,0,0,0.211619794368744
191633.760,16,0.95,325.7,24°52.839894 N,46°39.481128 E,0,1,0,0,693.07,0.07,2,49285.000,1,38.080,252.35,-0.09,0.07,4.56,7.60295670538543,0.05,0.040,0,0,0,0.187878400087357
191633.800,16,1.09,329.0,24°52.839900 N,46°39.481122 E,0,1,0,0,693.08,0.07,2,49318.000,1,38.120,252.36,-0.04,0.10,4.56,6.59945004582951,0.06,0.040,0,0,0,0.170216903090477
191633.840,16,1.31,334.7,24°52.839912 N,46°39.481116 E,0,1,0,0,693.09,0.07,2,49351.000,1,38.160,252.38,-0.09,0.16,4.56,5.49618320610687,0.07,0.040,0,0,0,0.181594401597977
191633.880,16,1.43,335.0,24°52.839924 N,46°39.481110 E,0,1,0,0,693.10,0.07,2,49385.000,1,38.200,252.39,-0.01,0.08,4.56,5.04908835904628,0.07,0.040,0,0,0,0.148304000496864
191633.920,16,1.56,334.4,24°52.839936 N,46°39.481104 E,0,1,0,0,693.11,0.07,2,49418.000,1,38.240,252.41,0.01,0.09,4.56,4.63022508038585,0.08,0.040,0,0,0,0.127760902047157
191633.960,16,1.76,333.2,24°52.839948 N,46°39.481098 E,0,1,0,0,693.11,0.07,2,49485.000,1,38.280,252.43,0.03,0.14,4.56,4.09789413773477,0.09,0.040,0,0,0,0.134608894586563
191634.000,16,1.87,330.7,24°52.839960 N,46°39.481092 E,0,1,0,0,693.12,0.07,2,49518.000,1,38.320,252.45,0.06,0.08,4.56,3.84615384615385,0.10,0.040,0,0,0,0.107432402670383
191634.040,16,2.10,330.1,24°52.839972 N,46°39.481080 E,0,1,0,0,693.13,0.07,2,49551.000,1,38.360,252.47,0.02,0.16,4.57,3.42530922930542,0.11,0.040,0,0,0,0.134644195437431
191634.080,16,2.14,330.9,24°52.839984 N,46°39.481074 E,0,1,0,0,693.13,0.04,2,49585.000,1,38.400,252.49,-0.02,0.03,4.57,1.68381665107577,0.11,0.040,0,0,0,0.0828591585159302
191634.120,16,2.28,333.1,24°52.840002 N,46°39.481068 E,0,1,0,0,693.14,0.04,2,49618.000,1,38.440,252.52,-0.06,0.10,4.57,1.57756354075372,0.12,0.040,0,0,0,0.0962002202868462
191634.160,16,2.41,334.6,24°52.840020 N,46°39.481062 E,0,1,0,0,693.14,0.04,2,49685.000,1,38.480,252.54,-0.04,0.09,4.57,1.49253731343284,0.13,0.040,0,0,0,0.0974910706281662
191634.200,16,2.37,334.6,24°52.840032 N,46°39.481056 E,0,1,0,0,693.15,0.04,2,49718.000,1,38.520,252.57,0.00,-0.03,4.57,1.52219873150106,0.12,0.040,0,0,0,0.0404866896569729
191634.240,16,2.57,333.1,24°52.840050 N,46°39.481044 E,0,1,0,0,693.16,0.04,2,49751.000,1,38.560,252.60,0.05,0.15,4.57,1.3986013986014,0.31,0.040,0,0,0,0.0893924906849861
191634.280,16,2.79,332.8,24°52.840068 N,46°39.481032 E,0,1,0,0,693.16,0.04,2,49785.000,1,38.600,252.63,0.01,0.15,4.57,1.29032258064516,0.76,0.040,0,0,0,0.120949797332287
191634.320,16,3.00,333.8,24°52.840086 N,46°39.481026 E,0,1,0,0,693.17,0.04,2,49818.000,1,38.640,252.66,-0.04,0.15,4.57,1.20040013337779,1.79,0.040,0,0,0,0.135025203227997
191634.360,16,3.04,334.5,24°52.840104 N,46°39.481014 E,0,1,0,0,693.18,0.04,2,49885.000,1,38.680,252.69,-0.02,0.03,4.57,1.18616144975288,3.32,0.040,0,0,0,0.0814986899495125
191634.400,16,3.11,333.6,24°52.840122 N,46°39.481008 E,0,1,0,0,693.17,0.00,2,49918.000,1,38.720,252.73,0.03,0.05,4.57,0,6.39,0.040,0,0,0,0.0670026391744614
191634.440,16,3.24,332.6,24°52.840140 N,46°39.480996 E,0,1,0,0,693.18,0.00,2,49951.000,1,38.760,252.76,0.04,0.09,4.57,0,15.10,0.040,0,0,0,0.07801353931427
191634.480,16,3.49,331.8,24°52.840164 N,46°39.480984 E,0,1,0,0,693.19,0.04,2,49985.000,1,38.800,252.80,0.04,0.18,4.57,1.03092783505155,10.33,0.040,0,0,0,0.129813402891159
191634.520,16,3.61,332.0,24°52.840182 N,46°39.480972 E,0,1,0,0,693.20,0.04,2,50018.000,1,38.840,252.84,-0.01,0.08,4.57,0.996953752423151,14.36,0.040,0,0,0,0.10696779936552
191634.560,16,3.77,332.1,24°52.840206 N,46°39.480960 E,0,1,0,0,693.19,0.00,2,50085.000,1,38.880,252.88,-0.01,0.11,4.57,0,34.91,0.040,0,0,0,0.110813498497009
191634.600,16,3.87,333.0,24°52.840230 N,46°39.480948 E,0,1,0,0,693.19,0.00,2,50118.000,1,38.920,252.92,-0.04,0.07,4.57,0,15.78,0.040,0,0,0,0.0912512019276619
191634.640,16,3.91,333.2,24°52.840254 N,46°39.480936 E,0,1,0,0,693.20,0.04,2,50151.000,1,38.960,252.96,-0.01,0.02,4.57,0.921658986175115,11.96,0.040,0,0,0,0.057354710996151
191634.680,16,4.01,332.7,24°52.840272 N,46°39.480924 E,0,1,0,0,693.20,0.00,2,50185.000,1,39.000,253.01,0.02,0.07,4.57,0,21.45,0.040,0,0,0,0.0641954988241196
191634.720,16,3.96,331.8,24°52.840296 N,46°39.480912 E,0,1,0,0,693.20,0.00,2,50218.000,1,39.040,253.05,0.04,-0.04,4.57,0,28.97,0.040,0,0,0,0.0164986196905375
191634.760,16,4.03,330.5,24°52.840320 N,46°39.480894 E,0,1,0,0,693.21,0.00,2,50285.000,1,39.080,253.10,0.07,0.05,4.57,0,9.52,0.040,0,0,0,0.0393164604902267
191634.800,16,4.15,330.3,24°52.840344 N,46°39.480882 E,0,1,0,0,693.22,0.00,2,50318.000,1,39.120,253.14,0.01,0.08,4.57,0,9.07,0.040,0,0,0,0.0618377514183521
191634.840,16,4.10,330.5,24°52.840362 N,46°39.480870 E,0,1,0,0,693.22,0.00,2,50351.000,1,39.160,253.19,-0.01,-0.04,4.57,0,14.59,0.040,0,0,0,0.0163872297853231
191634.880,16,4.14,329.9,24°52.840386 N,46°39.480852 E,0,1,0,0,693.23,0.00,2,50385.000,1,39.200,253.23,0.03,0.03,4.57,0,13.84,0.040,0,0,0,0.0268715005367994
191634.920,16,4.32,328.9,24°52.840410 N,46°39.480840 E,0,1,0,0,693.23,-0.04,2,50418.000,1,39.240,253.28,0.05,0.13,4.57,-0.832562442183164,8.37,0.040,0,0,0,0.0782168731093407
191634.960,16,4.26,329.2,24°52.840434 N,46°39.480822 E,0,1,0,0,693.23,-0.04,2,50485.000,1,39.280,253.33,-0.01,-0.05,4.57,-0.846063454759107,7.67,0.040,0,0,0,0.0206101406365633
191635.000,16,4.25,328.5,24°52.840458 N,46°39.480810 E,0,1,0,0,693.23,-0.04,2,50518.000,1,39.320,253.38,0.03,0.00,4.57,-0.846660395108184,8.00,0.040,0,0,0,0.0202389508485794
191635.040,16,4.33,327.1,24°52.840482 N,46°39.480792 E,0,1,0,0,693.24,-0.04,2,50551.000,1,39.360,253.42,0.08,0.05,4.57,-0.831985209151837,7.44,0.040,0,0,0,0.0427491515874863
191635.080,16,4.24,326.6,24°52.840500 N,46°39.480774 E,0,1,0,0,693.24,-0.04,2,50585.000,1,39.400,253.47,0.02,-0.06,4.57,-0.84885640179203,7.81,0.040,0,0,0,0.0336111597716808
191635.120,16,4.32,326.0,24°52.840524 N,46°39.480756 E,0,1,0,0,693.25,-0.04,2,50618.000,1,39.440,253.52,0.03,0.05,4.57,-0.834105653382762,6.90,0.040,0,0,0,0.0356075502932072
191635.160,16,4.42,325.8,24°52.840548 N,46°39.480738 E,0,1,0,0,693.25,-0.04,2,50685.000,1,39.480,253.57,0.01,0.07,4.57,-0.815032827711116,6.70,0.040,0,0,0,0.052168220281601
191635.200,16,4.55,326.0,24°52.840572 N,46°39.480720 E,0,1,0,0,693.26,-0.04,2,50718.000,1,39.520,253.62,-0.01,0.09,4.57,-0.791208791208791,6.18,0.040,0,0,0,0.0723506212234497
191635.240,16,4.75,325.8,24°52.840602 N,46°39.480702 E,0,1,0,0,693.27,-0.04,2,50751.000,1,39.560,253.67,0.01,0.14,4.57,-0.758693361433087,6.12,0.040,0,0,0,0.105179198086262
191635.280,16,4.75,325.3,24°52.840626 N,46°39.480684 E,0,1,0,0,693.27,-0.04,2,50785.000,1,39.600,253.72,0.03,0.00,4.57,-0.758693361433087,6.07,0.040,0,0,0,0.0556659288704395
191635.320,16,4.77,323.8,24°52.840650 N,46°39.480660 E,0,1,0,0,693.28,-0.04,2,50818.000,1,39.640,253.77,0.09,0.01,4.57,-0.755350398657155,5.65,0.040,0,0,0,0.0475829616189003
191635.360,16,4.77,321.7,24°52.840674 N,46°39.480636 E,0,1,0,0,693.28,-0.04,2,50885.000,1,39.680,253.83,0.12,0.00,4.57,-0.754716981132075,5.16,0.040,0,0,0,0.0547256805002689
191635.400,16,4.89,320.0,24°52.840698 N,46°39.480612 E,0,1,0,0,693.29,-0.07,2,50918.000,1,39.720,253.88,0.10,0.08,4.57,-1.47269380241358,4.54,0.040,0,0,0,0.0803547203540802
191635.440,16,4.82,319.0,24°52.840716 N,46°39.480594 E,0,1,0,0,693.29,-0.07,2,50951.000,1,39.760,253.94,0.05,-0.05,4.57,-1.49377593360996,4.03,0.040,0,0,0,0.0606361404061317
191635.480,16,4.80,318.7,24°52.840740 N,46°39.480570 E,0,1,0,0,693.29,-0.07,2,50985.000,1,39.800,253.99,0.02,-0.01,4.57,-1.4993752603082,4.07,0.040,0,0,0,0.0535076186060905
191635.520,16,4.64,317.9,24°52.840764 N,46°39.480552 E,0,1,0,0,693.29,-0.07,2,51018.000,1,39.840,254.04,0.04,-0.11,4.57,-1.55172413793103,4.03,0.040,0,0,0,0.0789453834295273
191635.560,16,4.58,317.7,24°52.840782 N,46°39.480528 E,0,1,0,0,693.30,-0.07,2,51085.000,1,39.880,254.09,0.01,-0.04,4.56,-1.57239571958943,3.80,0.040,0,0,0,0.0677679926156998
191635.600,16,4.58,316.3,24°52.840806 N,46°39.480504 E,0,1,0,0,693.31,-0.07,2,51118.000,1,39.920,254.14,0.08,0.00,4.56,-1.57239571958943,3.58,0.040,0,0,0,0.0565550103783607
191635.640,16,4.50,315.1,24°52.840824 N,46°39.480480 E,0,1,0,0,693.31,-0.07,2,51151.000,1,39.960,254.19,0.07,-0.06,4.56,-1.60142348754448,3.59,0.040,0,0,0,0.0681542605161667
191635.680,16,4.31,315.0,24°52.840842 N,46°39.480462 E,0,1,0,0,693.32,-0.04,2,51185.000,1,40.000,254.24,0.00,-0.13,4.56,-0.834685833526548,3.56,0.040,0,0,0,0.0964790806174278
191635.720,16,4.13,315.2,24°52.840860 N,46°39.480444 E,0,1,0,0,693.32,-0.04,2,51218.000,1,40.040,254.29,-0.01,-0.13,4.56,-0.871881811576653,3.66,0.040,0,0,0,0.112931601703167
191635.760,16,3.83,315.2,24°52.840878 N,46°39.480426 E,0,1,0,0,693.32,-0.07,2,51285.000,1,40.080,254.33,0.00,-0.21,4.56,-1.88136921870917,3.44,0.040,0,0,0,0.163293898105621
191635.800,16,3.63,315.1,24°52.840890 N,46°39.480408 E,0,1,0,0,693.33,-0.04,2,51318.000,1,40.120,254.37,0.00,-0.14,4.56,-0.993103448275862,3.18,0.040,0,0,0,0.153552904725075
191635.840,16,3.48,314.6,24°52.840908 N,46°39.480390 E,0,1,0,0,693.34,-0.04,2,51351.000,1,40.160,254.41,0.02,-0.10,4.56,-1.03418557885665,2.97,0.040,0,0,0,0.128856092691422
191635.880,16,3.31,313.2,24°52.840920 N,46°39.480378 E,0,1,0,0,693.34,-0.04,2,51385.000,1,40.200,254.45,0.06,-0.12,4.56,-1.08827085852479,2.62,0.040,0,0,0,0.127959802746773
191635.920,16,2.91,312.7,24°52.840932 N,46°39.480366 E,0,1,0,0,693.34,-0.04,2,51418.000,1,40.240,254.49,0.02,-0.29,4.56,-1.23924268502582,2.51,0.040,0,0,0,0.206821903586388
191635.960,16,2.55,312.9,24°52.840944 N,46°39.480354 E,0,1,0,0,693.34,-0.04,2,51485.000,1,40.280,254.52,-0.01,-0.25,4.56,-1.41453831041257,2.76,0.040,0,0,0,0.230909004807472
191636.000,16,2.29,312.2,24°52.840950 N,46°39.480342 E,0,1,0,0,693.34,-0.07,2,51518.000,1,40.320,254.54,0.02,-0.18,4.56,-3.14410480349345,2.82,0.040,0,0,0,0.206475600600243
191636.040,16,2.09,310.6,24°52.840956 N,46°39.480330 E,0,1,0,0,693.35,-0.04,2,51551.000,1,40.360,254.57,0.04,-0.14,4.56,-1.7208413001912,2.37,0.040,0,0,0,0.174569800496101
191636.080,16,1.91,309.6,24°52.840968 N,46°39.480318 E,0,1,0,0,693.35,-0.04,2,51585.000,1,40.400,254.59,0.02,-0.13,4.56,-1.88284518828452,2.01,0.040,0,0,0,0.152143999934196
191636.120,16,1.84,311.4,24°52.840974 N,46°39.480312 E,0,1,0,0,693.36,-0.04,2,51618.000,1,40.440,254.61,-0.04,-0.05,4.56,-1.96078431372549,2.71,0.040,0,0,0,0.102441899478436
191636.160,16,1.87,311.7,24°52.840980 N,46°39.480300 E,0,1,0,0,693.36,-0.04,2,51685.000,1,40.480,254.63,-0.01,0.02,4.56,-1.93029490616622,3.01,0.040,0,0,0,0.0413938388228416
191636.200,16,1.84,312.4,24°52.840992 N,46°39.480294 E,0,1,0,0,693.37,-0.04,2,51718.000,1,40.520,254.65,-0.01,-0.02,4.56,-1.95333695062398,4.51,0.040,0,0,0,0.0281674396246672
191636.240,16,1.87,313.7,24°52.840998 N,46°39.480282 E,0,1,0,0,693.37,-0.04,2,51751.000,1,40.560,254.67,-0.03,0.02,4.56,-1.92307692307692,12.48,0.040,0,0,0,0.00521617522463202
191636.280,16,1.74,312.8,24°52.841010 N,46°39.480270 E,0,1,0,0,693.38,-0.04,2,51785.000,1,40.600,254.69,0.02,-0.10,4.56,-2.07492795389049,7.44,0.040,0,0,0,0.0503476113080978
191636.320,16,1.63,311.9,24°52.841016 N,46°39.480264 E,0,1,0,0,693.38,-0.04,2,51818.000,1,40.640,254.71,0.02,-0.07,4.55,-2.203182374541,4.72,0.040,0,0,0,0.0610080286860466
191636.360,16,1.57,311.6,24°52.841022 N,46°39.480258 E,0,1,0,0,693.38,-0.04,2,51885.000,1,40.680,254.73,0.01,-0.05,4.55,-2.29299363057325,4.12,0.040,0,0,0,0.0535928010940552
191636.400,16,1.54,311.3,24°52.841028 N,46°39.480246 E,0,0,0,0,693.38,-0.04,1,51918.000,1,40.720,254.75,0.01,-0.02,4.55,-2.34222511385817,3.83,0.040,0,0,0,0.0384883806109428
191636.440,16,1.49,308.5,24°52.841034 N,46°39.480240 E,0,0,0,0,693.38,-0.04,1,51951.000,1,40.760,254.76,0.05,-0.03,4.55,-2.40963855421687,2.36,0.040,0,0,0,0.0371354818344116
191636.480,16,1.35,305.9,24°52.841040 N,46°39.480228 E,0,0,0,0,693.39,-0.04,1,51985.000,1,40.800,254.78,0.04,-0.10,4.55,-2.67459138187221,1.74,0.040,0,0,0,0.0723283067345619
191636.520,16,1.13,306.1,24°52.841040 N,46°39.480228 E,0,0,0,0,693.39,-0.04,1,52018.000,1,40.840,254.79,0.00,-0.15,4.55,-3.1858407079646,1.62,0.040,0,0,0,0.11228259652853
191636.560,16,1.05,306.3,24°52.841046 N,46°39.480222 E,0,0,0,0,693.39,-0.04,1,52085.000,1,40.880,254.81,0.00,-0.06,4.55,-3.43511450381679,1.53,0.040,0,0,0,0.0857306867837906
191636.600,16,0.87,302.8,24°52.841046 N,46°39.480216 E,0,0,0,0,693.39,-0.04,1,52118.000,1,40.920,254.82,0.04,-0.13,4.55,-4.13318025258324,0.89,0.040,0,0,0,0.106276400387287
191636.640,16,0.55,300.1,24°52.841052 N,46°39.480216 E,0,0,0,0,693.39,-0.04,1,52151.000,1,40.960,254.82,0.02,-0.22,4.55,-6.49819494584837,0.50,0.040,0,0,0,0.165529906749725
191636.680,16,0.37,300.1,24°52.841052 N,46°39.480216 E,0,0,0,0,693.39,-0.04,1,52185.000,1,41.000,254.83,0.00,-0.13,4.55,0,0.00,0.040,0,0,0,0.168209105730057
191636.720,16,0.15,300.1,24°52.841052 N,46°39.480216 E,0,0,0,0,693.40,-0.04,1,52218.000,1,41.040,254.83,0.00,-0.16,4.55,0,0.00,0.040,0,0,0,0.0172640606760979
191636.760,16,0.13,300.1,24°52.841052 N,46°39.480216 E,0,0,0,0,693.40,-0.04,1,52285.000,1,41.080,254.83,0.00,-0.01,4.55,0,0.00,0.040,0,0,0,0.00863203126937151
191636.800,16,0.34,300.1,24°52.841052 N,46°39.480216 E,0,1,0,0,693.40,-0.04,2,52318.000,1,41.120,254.83,0.00,0.15,4.55,0,0.00,0.040,0,0,0,0.00431601516902447
191636.840,16,0.53,18.4,24°52.841052 N,46°39.480222 E,0,1,0,0,693.41,-0.04,2,52351.000,1,41.160,254.83,1.83,0.13,4.55,-6.84410646387833,0.08,0.040,0,0,0,0.372846305370331
191636.880,16,0.68,85.9,24°52.841046 N,46°39.480228 E,0,0,0,0,693.41,-0.04,1,52385.000,1,41.200,254.84,-0.57,0.11,4.55,-5.26315789473684,0.05,0.040,0,0,0,0.200372099876404
191636.920,16,0.78,108.4,24°52.841046 N,46°39.480228 E,0,1,0,0,693.42,0.00,2,52418.000,1,41.240,254.84,-0.22,0.07,4.55,0,0.05,0.040,0,0,0,0.127543807029724
191636.960,16,0.96,116.2,24°52.841040 N,46°39.480234 E,0,1,0,0,693.42,-0.04,2,52485.000,1,41.280,254.85,-0.09,0.13,4.55,-3.75782881002088,0.06,0.040,0,0,0,0.119074396789074
191637.000,16,1.25,123.2,24°52.841034 N,46°39.480240 E,0,1,0,0,693.41,-0.04,2,52518.000,1,41.320,254.87,-0.11,0.20,4.55,-2.8892455858748,0.07,0.040,0,0,0,0.155436903238297
191637.040,16,1.45,126.7,24°52.841028 N,46°39.480252 E,0,1,0,0,693.42,-0.04,2,52551.000,1,41.360,254.88,-0.06,0.15,4.55,-2.48104755341144,0.08,0.040,0,0,0,0.149453401565552
191637.080,16,1.58,127.2,24°52.841028 N,46°39.480258 E,0,1,0,0,693.42,-0.04,2,52585.000,1,41.400,254.90,-0.01,0.09,4.55,-2.28281547241598,0.08,0.040,0,0,0,0.11932460218668
191637.120,16,1.69,126.2,24°52.841022 N,46°39.480270 E,0,0,0,0,693.42,-0.04,1,52618.000,1,41.440,254.92,0.02,0.08,4.55,-2.13270142180095,0.09,0.040,0,0,0,0.0994898825883865
191637.160,16,1.92,126.8,24°52.841010 N,46°39.480276 E,0,1,0,0,693.43,-0.04,2,52685.000,1,41.480,254.94,-0.01,0.16,4.55,-1.87597707139135,0.10,0.040,0,0,0,0.13119800388813
191637.200,16,2.10,126.9,24°52.841004 N,46°39.480288 E,0,1,0,0,693.44,0.00,2,52718.000,1,41.520,254.96,0.00,0.12,4.55,0,0.11,0.040,0,0,0,0.128051206469536
191637.240,16,2.41,125.6,24°52.840998 N,46°39.480306 E,0,0,0,0,693.44,-0.04,1,52751.000,1,41.560,254.98,0.04,0.22,4.55,-1.49253731343284,0.12,0.040,0,0,0,0.176447004079819
191637.280,16,2.67,124.6,24°52.840986 N,46°39.480318 E,0,1,0,0,693.44,-0.04,2,52785.000,1,41.600,255.01,0.04,0.18,4.55,-1.34780980906028,0.14,0.040,0,0,0,0.180471003055573
191637.320,16,2.90,124.6,24°52.840980 N,46°39.480336 E,0,1,0,0,693.45,0.00,2,52818.000,1,41.640,255.04,0.00,0.16,4.55,0,0.15,0.040,0,0,0,0.170641094446182
191637.360,16,3.13,124.0,24°52.840968 N,46°39.480354 E,0,1,0,0,693.45,0.00,2,52885.000,1,41.680,255.08,0.02,0.16,4.55,0,0.16,0.040,0,0,0,0.16729049384594
191637.400,16,3.43,122.4,24°52.840956 N,46°39.480378 E,0,1,0,0,693.45,0.00,2,52918.000,1,41.720,255.11,0.07,0.21,4.55,0,0.18,0.040,0,0,0,0.190765500068665
191637.440,16,3.51,121.5,24°52.840950 N,46°39.480396 E,0,1,0,0,693.45,0.00,2,52951.000,1,41.760,255.15,0.04,0.06,4.55,0,0.33,0.040,0,0,0,0.128061801195145
191637.480,16,3.76,121.6,24°52.840938 N,46°39.480414 E,0,1,0,0,693.46,0.00,2,52985.000,1,41.800,255.19,0.00,0.18,4.55,0,1.01,0.040,0,0,0,0.152015194296837
191637.520,16,4.03,122.3,24°52.840920 N,46°39.480438 E,0,1,0,0,693.46,0.00,2,53018.000,1,41.840,255.24,-0.04,0.19,4.55,0,2.75,0.040,0,0,0,0.168590605258942
191637.560,16,4.31,122.3,24°52.840908 N,46°39.480468 E,0,1,0,0,693.46,0.00,2,53085.000,1,41.880,255.28,0.00,0.20,4.55,0,6.79,0.040,0,0,0,0.183767393231392
191637.600,16,4.52,121.4,24°52.840896 N,46°39.480492 E,0,1,0,0,693.47,0.00,2,53118.000,1,41.920,255.33,0.05,0.15,4.55,0,23.15,0.040,0,0,0,0.16784979403019
191637.640,16,4.74,120.8,24°52.840884 N,46°39.480522 E,0,1,0,0,693.48,0.00,2,53151.000,1,41.960,255.38,0.03,0.16,4.55,0,7.69,0.040,0,0,0,0.162523597478867
191637.680,16,5.00,121.1,24°52.840866 N,46°39.480546 E,0,1,0,0,693.48,0.00,2,53185.000,1,42.000,255.44,-0.02,0.19,4.55,0,7.92,0.040,0,0,0,0.175356894731522
191637.720,16,5.25,120.6,24°52.840848 N,46°39.480582 E,0,1,0,0,693.48,0.00,2,53218.000,1,42.040,255.49,0.03,0.17,4.55,0,9.02,0.040,0,0,0,0.173602297902107
191637.760,16,5.45,119.5,24°52.840836 N,46°39.480612 E,0,1,0,0,693.48,0.00,2,53285.000,1,42.080,255.55,0.08,0.14,4.55,0,7.14,0.040,0,0,0,0.160329103469849
191637.800,16,5.58,118.3,24°52.840824 N,46°39.480648 E,0,1,0,0,693.48,-0.04,2,53318.000,1,42.120,255.61,0.08,0.10,4.55,-0.644699140401146,6.19,0.040,0,0,0,0.133232995867729
191637.840,16,5.69,117.9,24°52.840806 N,46°39.480678 E,0,1,0,0,693.48,0.00,2,53351.000,1,42.160,255.68,0.03,0.07,4.54,0,7.01,0.040,0,0,0,0.107154197990894
191637.880,16,5.90,117.4,24°52.840794 N,46°39.480714 E,0,1,0,0,693.49,0.00,2,53385.000,1,42.200,255.74,0.04,0.15,4.54,0,7.87,0.040,0,0,0,0.130708694458008
191637.920,16,6.34,116.9,24°52.840776 N,46°39.480756 E,0,1,0,0,693.49,0.00,2,53418.000,1,42.240,255.81,0.04,0.31,4.54,0,7.93,0.040,0,0,0,0.221283704042435
191637.960,16,6.53,116.8,24°52.840758 N,46°39.480798 E,0,1,0,0,693.49,-0.04,2,53485.000,1,42.280,255.88,0.01,0.13,4.54,-0.551555078903018,8.74,0.040,0,0,0,0.178102403879166
191638.000,16,6.74,115.9,24°52.840740 N,46°39.480840 E,0,1,0,0,693.48,-0.04,2,53518.000,1,42.320,255.95,0.08,0.15,4.54,-0.53388699391962,9.98,0.040,0,0,0,0.168996006250381
191638.040,16,6.93,114.5,24°52.840728 N,46°39.480882 E,0,1,0,0,693.48,-0.04,2,53551.000,1,42.360,256.03,0.12,0.13,4.54,-0.519780537106555,9.46,0.040,0,0,0,0.157230094075203
191638.080,16,7.02,114.1,24°52.840710 N,46°39.480924 E,0,1,0,0,693.48,-0.04,2,53585.000,1,42.400,256.11,0.04,0.07,4.54,-0.5125284738041,8.99,0.040,0,0,0,0.119660302996635
191638.120,16,7.36,113.8,24°52.840692 N,46°39.480972 E,0,1,0,0,693.49,-0.04,2,53618.000,1,42.440,256.19,0.03,0.24,4.54,-0.489263386789889,8.25,0.040,0,0,0,0.178867101669312
191638.160,16,7.61,113.3,24°52.840674 N,46°39.481020 E,0,1,0,0,693.49,-0.04,2,53685.000,1,42.480,256.27,0.05,0.18,4.54,-0.473061760840999,8.10,0.040,0,0,0,0.181746393442154
191638.200,16,7.94,112.6,24°52.840662 N,46°39.481068 E,0,1,0,0,693.49,-0.04,2,53718.000,1,42.520,256.36,0.07,0.23,4.54,-0.453514739229025,8.65,0.040,0,0,0,0.210244193673134
191638.240,16,8.19,111.5,24°52.840644 N,46°39.481122 E,0,1,0,0,693.49,-0.04,2,53751.000,1,42.560,256.45,0.11,0.18,4.54,-0.439775225995602,8.39,0.040,0,0,0,0.200439304113388
191638.280,16,8.41,111.2,24°52.840626 N,46°39.481176 E,0,1,0,0,693.49,-0.04,2,53785.000,1,42.600,256.54,0.02,0.16,4.54,-0.428061831153389,8.13,0.040,0,0,0,0.18274250626564
191638.320,16,8.63,110.5,24°52.840608 N,46°39.481230 E,0,1,0,0,693.49,-0.07,2,53818.000,1,42.640,256.63,0.08,0.16,4.54,-0.834395642600533,8.13,0.040,0,0,0,0.175507098436356
191638.360,16,8.89,110.2,24°52.840590 N,46°39.481290 E,0,1,0,0,693.50,-0.07,2,53885.000,1,42.680,256.73,0.03,0.19,4.54,-0.809716599190283,9.20,0.040,0,0,0,0.183537200093269
191638.400,16,9.11,109.4,24°52.840578 N,46°39.481344 E,0,1,0,0,693.51,-0.04,2,53918.000,1,42.720,256.83,0.09,0.15,4.54,-0.395256916996047,9.82,0.040,0,0,0,0.175427705049515
191638.440,16,9.34,108.4,24°52.840560 N,46°39.481410 E,0,1,0,0,693.51,-0.04,2,53951.000,1,42.760,256.93,0.12,0.17,4.54,-0.385356454720617,9.40,0.040,0,0,0,0.180393695831299
191638.480,16,9.59,107.5,24°52.840542 N,46°39.481470 E,0,1,0,0,693.51,-0.04,2,53985.000,1,42.800,257.04,0.11,0.17,4.54,-0.375508501095233,9.23,0.040,0,0,0,0.187093794345856
191638.520,16,9.84,106.6,24°52.840530 N,46°39.481536 E,0,1,0,0,693.51,-0.07,2,54018.000,1,42.840,257.15,0.11,0.18,4.54,-0.732079308591764,9.07,0.040,0,0,0,0.192728906869888
191638.560,16,9.96,105.7,24°52.840518 N,46°39.481602 E,0,1,0,0,693.52,-0.04,2,54085.000,1,42.880,257.26,0.11,0.09,4.54,-0.36140949703845,8.53,0.040,0,0,0,0.159205600619316
191638.600,16,10.12,104.5,24°52.840506 N,46°39.481668 E,0,1,0,0,693.52,-0.07,2,54118.000,1,42.920,257.37,0.15,0.11,4.54,-0.711251605255359,8.48,0.040,0,0,0,0.159605905413628
191638.640,16,10.46,103.6,24°52.840494 N,46°39.481740 E,0,1,0,0,693.52,-0.07,2,54151.000,1,42.960,257.48,0.12,0.24,4.54,-0.688204932135347,9.09,0.040,0,0,0,0.210185095667839
191638.680,16,10.67,103.0,24°52.840482 N,46°39.481812 E,0,1,0,0,693.51,-0.11,2,54185.000,1,43.000,257.60,0.07,0.15,4.54,-1.01218369259606,9.15,0.040,0,0,0,0.192563593387604
191638.720,16,10.88,102.3,24°52.840470 N,46°39.481884 E,0,1,0,0,693.52,-0.07,2,54218.000,1,43.040,257.72,0.09,0.15,4.54,-0.661825535435242,9.04,0.040,0,0,0,0.184451699256897
191638.760,16,11.10,101.1,24°52.840458 N,46°39.481956 E,0,1,0,0,693.53,-0.07,2,54285.000,1,43.080,257.84,0.17,0.15,4.53,-0.648940964398378,8.68,0.040,0,0,0,0.190879493951797
191638.800,16,11.26,100.2,24°52.840452 N,46°39.482028 E,0,1,0,0,693.53,-0.07,2,54318.000,1,43.120,257.97,0.13,0.11,4.53,-0.639602025406414,8.67,0.040,0,0,0,0.177184104919434
191638.840,16,11.56,99.4,24°52.840440 N,46°39.482106 E,0,1,0,0,693.54,-0.07,2,54351.000,1,43.160,258.09,0.11,0.22,4.53,-0.622675776182651,9.17,0.040,0,0,0,0.209375500679016
191638.880,16,11.75,98.4,24°52.840434 N,46°39.482184 E,0,1,0,0,693.54,-0.07,2,54385.000,1,43.200,258.22,0.14,0.13,4.53,-0.612922448284668,8.77,0.040,0,0,0,0.193928793072701
191638.920,16,11.89,98.0,24°52.840428 N,46°39.482262 E,0,1,0,0,693.56,-0.07,2,54418.000,1,43.240,258.35,0.07,0.10,4.53,-0.605347233899445,9.05,0.040,0,0,0,0.169255197048187
191638.960,16,12.12,97.5,24°52.840422 N,46°39.482340 E,0,1,0,0,693.56,-0.07,2,54485.000,1,43.280,258.49,0.08,0.16,4.53,-0.594157451724707,9.04,0.040,0,0,0,0.17659530043602
191639.000,16,12.42,96.8,24°52.840410 N,46°39.482424 E,0,1,0,0,693.57,-0.04,2,54518.000,1,43.320,258.62,0.10,0.22,4.53,-0.289761751448809,9.40,0.040,0,0,0,0.207093998789787
191639.040,16,12.66,95.9,24°52.840410 N,46°39.482508 E,0,1,0,0,693.58,-0.04,2,54551.000,1,43.360,258.76,0.14,0.17,4.53,-0.284405119292147,9.69,0.040,0,0,0,0.204532593488693
191639.080,16,12.98,95.0,24°52.840404 N,46°39.482598 E,0,1,0,0,693.58,-0.07,2,54585.000,1,43.400,258.90,0.15,0.23,4.53,-0.55461408103528,9.91,0.040,0,0,0,0.233090698719025
191639.120,16,13.30,93.8,24°52.840404 N,46°39.482694 E,0,1,0,0,693.57,-0.07,2,54618.000,1,43.440,259.05,0.20,0.22,4.53,-0.541556976306882,9.92,0.040,0,0,0,0.250013202428818
191639.160,16,13.52,92.5,24°52.840404 N,46°39.482784 E,0,1,0,0,693.56,-0.11,2,54685.000,1,43.480,259.20,0.22,0.16,4.53,-0.798934753661784,9.76,0.040,0,0,0,0.238457605242729
191639.200,16,13.64,91.1,24°52.840410 N,46°39.482874 E,0,1,0,0,693.57,-0.11,2,54718.000,1,43.520,259.35,0.22,0.09,4.53,-0.79155672823219,9.74,0.040,0,0,0,0.214697197079659
191639.240,16,13.87,90.0,24°52.840410 N,46°39.482964 E,0,1,0,0,693.59,-0.07,2,54751.000,1,43.560,259.50,0.19,0.16,4.53,-0.518956321176301,9.78,0.040,0,0,0,0.227500796318054
191639.280,16,14.16,89.2,24°52.840416 N,46°39.483060 E,0,1,0,0,693.59,-0.07,2,54785.000,1,43.600,259.66,0.14,0.20,4.52,-0.508510488028815,9.81,0.040,0,0,0,0.240864500403404
191639.320,16,14.53,88.0,24°52.840422 N,46°39.483162 E,0,1,0,0,693.58,-0.11,2,54818.000,1,43.640,259.82,0.22,0.26,4.52,-0.743289745354439,9.68,0.040,0,0,0,0.281158804893494
191639.360,16,14.73,86.8,24°52.840434 N,46°39.483264 E,0,1,0,0,693.57,-0.11,2,54885.000,1,43.680,259.98,0.22,0.14,4.52,-0.733147783585636,9.83,0.040,0,0,0,0.258419811725616
191639.400,16,15.03,85.2,24°52.840446 N,46°39.483366 E,0,1,0,0,693.56,-0.14,2,54918.000,1,43.720,260.15,0.29,0.21,4.52,-0.957828921112146,9.59,0.040,0,0,0,0.285397112369537
191639.440,16,15.30,83.9,24°52.840464 N,46°39.483468 E,0,1,0,0,693.55,-0.14,2,54951.000,1,43.760,260.31,0.26,0.19,4.52,-0.940930475692629,9.39,0.040,0,0,0,0.29083439707756
191639.480,16,15.61,82.7,24°52.840476 N,46°39.483570 E,0,1,0,0,693.55,-0.14,2,54985.000,1,43.800,260.49,0.22,0.22,4.52,-0.922485586162716,9.48,0.040,0,0,0,0.298550695180893
191639.520,16,15.84,81.1,24°52.840494 N,46°39.483672 E,0,1,0,0,693.55,-0.18,2,55018.000,1,43.840,260.66,0.32,0.16,4.52,-1.13636363636364,8.98,0.040,0,0,0,0.299762696027756
191639.560,16,16.17,79.9,24°52.840518 N,46°39.483780 E,0,1,0,0,693.55,-0.18,2,55085.000,1,43.880,260.84,0.24,0.23,4.52,-1.11331024245423,8.81,0.040,0,0,0,0.314981788396835
191639.600,16,16.37,78.7,24°52.840542 N,46°39.483888 E,0,1,0,0,693.55,-0.18,2,55118.000,1,43.920,261.02,0.25,0.14,4.51,-1.09963956258782,8.62,0.040,0,0,0,0.29720801115036
191639.640,16,16.68,77.9,24°52.840566 N,46°39.483996 E,0,1,0,0,693.54,-0.18,2,55151.000,1,43.960,261.20,0.16,0.22,4.51,-1.07946026986507,8.83,0.040,0,0,0,0.29772961139679
191639.680,16,16.88,77.5,24°52.840590 N,46°39.484104 E,0,1,0,0,693.54,-0.22,2,55185.000,1,44.000,261.39,0.07,0.14,4.51,-1.27984831427386,9.24,0.040,0,0,0,0.257524788379669
191639.720,16,17.04,77.2,24°52.840614 N,46°39.484212 E,0,1,0,0,693.54,-0.22,2,55218.000,1,44.040,261.58,0.08,0.11,4.51,-1.26797769298503,9.79,0.040,0,0,0,0.221061497926712
191639.760,16,17.12,76.7,24°52.840638 N,46°39.484326 E,0,1,0,0,693.54,-0.22,2,55285.000,1,44.080,261.77,0.11,0.06,4.51,-1.26182965299685,10.33,0.040,0,0,0,0.187481194734573
191639.800,16,17.22,76.1,24°52.840662 N,46°39.484434 E,0,1,0,0,693.54,-0.22,2,55318.000,1,44.120,261.96,0.12,0.07,4.50,-1.2547197211734,10.90,0.040,0,0,0,0.173636704683304
191639.840,16,17.47,75.1,24°52.840692 N,46°39.484548 E,0,1,0,0,693.52,-0.25,2,55351.000,1,44.160,262.15,0.21,0.18,4.50,-1.44272055876796,11.18,0.040,0,0,0,0.209556400775909
191639.880,16,17.74,74.5,24°52.840728 N,46°39.484662 E,0,1,0,0,693.52,-0.25,2,55385.000,1,44.200,262.35,0.14,0.19,4.50,-1.42043853221352,11.49,0.040,0,0,0,0.226564303040504
191639.920,16,18.03,74.0,24°52.840758 N,46°39.484776 E,0,1,0,0,693.52,-0.25,2,55418.000,1,44.240,262.55,0.10,0.20,4.50,-1.39805825242718,12.32,0.040,0,0,0,0.233823493123055
191639.960,16,18.27,73.5,24°52.840788 N,46°39.484890 E,0,1,0,0,693.52,-0.25,2,55485.000,1,44.280,262.75,0.11,0.17,4.49,-1.37961239461294,13.15,0.040,0,0,0,0.225163295865059
191640.000,16,18.54,72.7,24°52.840824 N,46°39.485010 E,0,1,0,0,693.51,-0.25,2,55518.000,1,44.320,262.95,0.18,0.19,4.49,-1.3595166163142,14.18,0.040,0,0,0,0.23595879971981
191640.040,16,18.68,72.0,24°52.840866 N,46°39.485124 E,0,1,0,0,693.51,-0.25,2,55551.000,1,44.360,263.16,0.16,0.10,4.49,-1.34874759152216,15.10,0.040,0,0,0,0.208333402872086
191640.080,16,18.90,70.8,24°52.840902 N,46°39.485244 E,0,1,0,0,693.50,-0.25,2,55585.000,1,44.400,263.37,0.28,0.15,4.48,-1.33333333333333,15.18,0.040,0,0,0,0.230627506971359
191640.120,16,19.17,70.1,24°52.840944 N,46°39.485364 E,0,1,0,0,693.50,-0.25,2,55618.000,1,44.440,263.58,0.17,0.19,4.48,-1.31427975383332,16.63,0.040,0,0,0,0.245580703020096
191640.160,16,19.39,69.6,24°52.840986 N,46°39.485484 E,0,1,0,0,693.50,-0.25,2,55685.000,1,44.480,263.79,0.11,0.15,4.48,-1.29990714948932,17.96,0.040,0,0,0,0.229515805840492
191640.200,16,19.57,69.4,24°52.841028 N,46°39.485604 E,0,1,0,0,693.50,-0.25,2,55718.000,1,44.520,264.01,0.05,0.13,4.48,-1.28794848206072,20.18,0.040,0,0,0,0.201585605740547
191640.240,16,19.72,69.1,24°52.841076 N,46°39.485730 E,0,1,0,0,693.50,-0.25,2,55751.000,1,44.560,264.23,0.08,0.11,4.47,-1.27808490135416,21.40,0.040,0,0,0,0.179599896073341
191640.280,16,20.07,68.6,24°52.841118 N,46°39.485850 E,0,1,0,0,693.49,-0.25,2,55784.000,1,44.600,264.45,0.12,0.25,4.47,-1.25585567626831,21.43,0.040,0,0,0,0.225781694054604
191640.320,16,20.19,68.1,24°52.841166 N,46°39.485976 E,0,1,0,0,693.49,-0.29,2,55818.000,1,44.640,264.67,0.13,0.08,4.47,-1.42680208075303,21.22,0.040,0,0,0,0.185551598668098
191640.360,16,20.28,67.7,24°52.841214 N,46°39.486102 E,0,1,0,0,693.48,-0.29,2,55884.000,1,44.680,264.90,0.10,0.06,4.46,-1.42046855733662,21.59,0.040,0,0,0,0.157679796218872
191640.400,16,20.47,67.7,24°52.841262 N,46°39.486222 E,0,1,0,0,693.49,-0.25,2,55918.000,1,44.720,265.12,0.01,0.14,4.46,-1.23106985832926,23.25,0.040,0,0,0,0.15458670258522
191640.440,16,20.72,67.4,24°52.841310 N,46°39.486354 E,0,1,0,0,693.48,-0.29,2,55951.000,1,44.760,265.35,0.07,0.18,4.46,-1.39009556907037,25.68,0.040,0,0,0,0.174028694629669
191640.480,16,20.82,66.9,24°52.841364 N,46°39.486474 E,0,1,0,0,693.48,-0.29,2,55984.000,1,44.800,265.58,0.14,0.07,4.46,-1.3831524349246,26.11,0.040,0,0,0,0.150165498256683
191640.520,16,21.05,66.4,24°52.841418 N,46°39.486606 E,0,1,0,0,693.48,-0.25,2,56018.000,1,44.840,265.82,0.12,0.16,4.45,-1.19737717380975,26.37,0.040,0,0,0,0.170875206589699
191640.560,16,21.13,66.2,24°52.841466 N,46°39.486732 E,0,1,0,0,693.48,-0.25,2,56084.000,1,44.880,266.05,0.06,0.06,4.45,-1.19273002650511,27.44,0.040,0,0,0,0.136479899287224
191640.600,16,21.32,65.8,24°52.841520 N,46°39.486858 E,0,1,0,0,693.47,-0.25,2,56118.000,1,44.920,266.29,0.09,0.14,4.45,-1.18204418593743,29.52,0.040,0,0,0,0.14950929582119
191640.640,16,21.35,65.5,24°52.841574 N,46°39.486984 E,0,1,0,0,693.47,-0.25,2,56151.000,1,44.960,266.52,0.10,0.02,4.44,-1.18043844856661,31.03,0.040,0,0,0,0.116880998015404
191640.680,16,21.46,65.0,24°52.841634 N,46°39.487110 E,0,1,0,0,693.47,-0.29,2,56184.000,1,45.000,266.76,0.11,0.08,4.44,-1.34203168685927,35.36,0.040,0,0,0,0.123010903596878
191640.720,16,21.59,64.7,24°52.841688 N,46°39.487242 E,0,1,0,0,693.46,-0.29,2,56218.000,1,45.040,267.00,0.10,0.09,4.44,-1.33401269164852,37.92,0.040,0,0,0,0.129003301262856
191640.760,16,21.72,64.3,24°52.841748 N,46°39.487368 E,0,1,0,0,693.46,-0.29,2,56284.000,1,45.080,267.24,0.11,0.09,4.44,-1.32627216209993,38.71,0.040,0,0,0,0.13234880566597
191640.800,16,21.82,64.0,24°52.841808 N,46°39.487500 E,0,1,0,0,693.45,-0.29,2,56318.000,1,45.120,267.48,0.06,0.07,4.43,-1.32013201320132,38.72,0.040,0,0,0,0.121673002839088
191640.840,16,21.89,63.9,24°52.841862 N,46°39.487626 E,0,1,0,0,693.45,-0.29,2,56351.000,1,45.160,267.73,0.05,0.05,4.43,-1.31554905901699,39.91,0.040,0,0,0,0.106849998235703
191640.880,16,22.03,63.9,24°52.841922 N,46°39.487758 E,0,1,0,0,693.45,-0.29,2,56384.000,1,45.200,267.97,0.00,0.10,4.43,-1.30742691120392,44.41,0.040,0,0,0,0.105473197996616
191640.920,16,22.06,63.7,24°52.841982 N,46°39.487890 E,0,1,0,0,693.44,-0.32,2,56418.000,1,45.240,268.21,0.05,0.02,4.42,-1.46892143083828,47.52,0.040,0,0,0,0.0820871219038963
191640.960,16,22.03,63.3,24°52.842042 N,46°39.488016 E,0,1,0,0,693.44,-0.32,2,56484.000,1,45.280,268.46,0.10,-0.02,4.42,-1.47105561861521,48.10,0.040,0,0,0,0.0721251964569092
191641.000,16,22.20,63.0,24°52.842108 N,46°39.488148 E,0,1,0,0,693.44,-0.32,2,56518.000,1,45.320,268.70,0.08,0.12,4.42,-1.45939372100356,45.79,0.040,0,0,0,0.100138902664185
191641.040,16,22.11,62.9,24°52.842168 N,46°39.488274 E,0,1,0,0,693.43,-0.32,2,56551.000,1,45.360,268.95,0.05,-0.07,4.41,-1.46553283879139,46.49,0.040,0,0,0,0.0672058612108231
191641.080,16,22.12,62.8,24°52.842228 N,46°39.488406 E,0,1,0,0,693.42,-0.32,2,56584.000,1,45.400,269.20,0.02,0.00,4.41,-1.465068957721,51.68,0.040,0,0,0,0.0581021383404732
191641.120,16,22.10,62.7,24°52.842288 N,46°39.488532 E,0,1,0,0,693.42,-0.32,2,56618.000,1,45.440,269.44,0.02,-0.01,4.41,-1.46626238855953,57.03,0.040,0,0,0,0.0511019490659237
191641.160,16,22.17,62.6,24°52.842348 N,46°39.488658 E,0,1,0,0,693.42,-0.32,2,56684.000,1,45.480,269.69,0.02,0.05,4.40,-1.4617640424092,59.62,0.040,0,0,0,0.0500932708382607
191641.200,16,22.24,62.7,24°52.842414 N,46°39.488790 E,0,1,0,0,693.41,-0.32,2,56718.000,1,45.520,269.93,-0.03,0.05,4.40,-1.45676903016951,68.45,0.040,0,0,0,0.0479228012263775
191641.240,16,22.31,62.7,24°52.842474 N,46°39.488922 E,0,1,0,0,693.42,-0.32,2,56751.000,1,45.560,270.18,0.02,0.05,4.39,-1.45206830099045,75.91,0.040,0,0,0,0.0522200390696526
191641.280,16,22.32,62.5,24°52.842534 N,46°39.489048 E,0,1,0,0,693.41,-0.36,2,56784.000,1,45.600,270.43,0.03,0.00,4.39,-1.61319232837426,85.21,0.040,0,0,0,0.0370248481631279
191641.320,16,22.29,62.5,24°52.842600 N,46°39.489180 E,0,1,0,0,693.40,-0.36,2,56818.000,1,45.640,270.68,0.01,-0.02,4.39,-1.61500157014042,98.46,0.040,0,0,0,0.0252321008592844
191641.360,16,22.35,62.3,24°52.842660 N,46°39.489312 E,0,1,0,0,693.39,-0.36,2,56884.000,1,45.680,270.93,0.07,0.04,4.38,-1.61109867979414,105.90,0.040,0,0,0,0.0397221706807613
191641.400,16,22.32,62.4,24°52.842726 N,46°39.489444 E,0,1,0,0,693.38,-0.40,2,56918.000,1,45.720,271.17,-0.05,-0.02,4.38,-1.7741935483871,133.30,0.040,0,0,0,0.0168508291244507
191641.440,16,22.31,62.6,24°52.842786 N,46°39.489570 E,0,1,0,0,693.38,-0.40,2,56951.000,1,45.760,271.42,-0.04,-0.01,4.38,-1.77506835806177,165.92,0.040,0,0,0,0.00675866194069386
191641.480,16,22.40,62.5,24°52.842846 N,46°39.489702 E,0,1,0,0,693.39,-0.36,2,56984.000,1,45.800,271.67,0.02,0.06,4.37,-1.60742989819611,156.79,0.040,0,0,0,0.0303744208067656
191641.520,16,22.37,62.3,24°52.842912 N,46°39.489828 E,0,1,0,0,693.38,-0.36,2,57018.000,1,45.840,271.92,0.06,-0.02,4.37,-1.60901045856798,156.30,0.040,0,0,0,0.0195253491401672
191641.560,16,22.35,62.2,24°52.842972 N,46°39.489960 E,0,1,0,0,693.37,-0.40,2,57084.000,1,45.880,272.17,0.01,-0.02,4.36,-1.77189135979238,200.39,0.040,0,0,0,0.018318260088563
191641.600,16,22.27,62.5,24°52.843032 N,46°39.490092 E,0,1,0,0,693.36,-0.40,2,57118.000,1,45.920,272.42,-0.06,-0.06,4.36,-1.77817691962281,373.75,0.040,0,0,0,0.0308740008622408
191641.640,16,22.35,62.7,24°52.843092 N,46°39.490218 E,0,1,0,0,693.35,-0.43,2,57151.000,1,45.960,272.66,-0.06,0.05,4.35,-1.93331841575296,1000.00,0.040,0,0,0,0.0156562495976686
191641.680,16,22.33,63.1,24°52.843152 N,46°39.490350 E,0,1,0,0,693.35,-0.43,2,57184.000,1,46.000,272.91,-0.13,-0.01,4.35,-1.93487705468715,574.68,0.040,0,0,0,0.0340636782348156
191641.720,16,22.31,63.5,24°52.843212 N,46°39.490482 E,0,1,0,0,693.35,-0.40,2,57218.000,1,46.040,273.16,-0.10,-0.01,4.35,-1.77506835806177,258.22,0.040,0,0,0,0.0482550784945488
191641.760,16,22.19,63.9,24°52.843266 N,46°39.490614 E,0,1,0,0,693.35,-0.40,2,57284.000,1,46.080,273.41,-0.09,-0.08,4.34,-1.78458765209554,170.20,0.040,0,0,0,0.0727703496813774
191641.800,16,22.10,64.0,24°52.843326 N,46°39.490740 E,0,1,0,0,693.34,-0.43,2,57318.000,1,46.120,273.65,-0.03,-0.07,4.34,-1.95501651807938,169.21,0.040,0,0,0,0.0763410627841949
191641.840,16,21.95,64.1,24°52.843380 N,46°39.490872 E,0,1,0,0,693.34,-0.43,2,57351.000,1,46.160,273.90,-0.03,-0.11,4.33,-1.96846805796045,147.27,0.040,0,0,0,0.0941991284489632
191641.880,16,21.94,64.3,24°52.843440 N,46°39.490998 E,0,1,0,0,693.33,-0.43,2,57384.000,1,46.200,274.14,-0.05,-0.01,4.33,-1.96945520857078,122.57,0.040,0,0,0,0.0646602213382721
191641.920,16,21.68,64.6,24°52.843494 N,46°39.491124 E,0,1,0,0,693.33,-0.43,2,57418.000,1,46.240,274.38,-0.09,-0.18,4.32,-1.99271184095207,100.01,0.040,0,0,0,0.125356197357178
191641.960,16,21.53,64.9,24°52.843548 N,46°39.491256 E,0,1,0,0,693.31,-0.43,2,57484.000,1,46.280,274.62,-0.09,-0.11,4.32,-2.0066889632107,76.77,0.040,0,0,0,0.126582503318787
191642.000,16,21.43,65.5,24°52.843596 N,46°39.491382 E,0,1,0,0,693.30,-0.47,2,57518.000,1,46.320,274.86,-0.15,-0.07,4.31,-2.18375250804909,67.10,0.040,0,0,0,0.119864799082279
191642.040,16,21.37,66.1,24°52.843644 N,46°39.491514 E,0,1,0,0,693.30,-0.47,2,57551.000,1,46.360,275.10,-0.16,-0.04,4.31,-2.18967856641557,58.23,0.040,0,0,0,0.115243501961231
191642.080,16,21.31,66.8,24°52.843692 N,46°39.491640 E,0,1,0,0,693.30,-0.47,2,57584.000,1,46.400,275.34,-0.18,-0.05,4.30,-2.19666744895564,47.84,0.040,0,0,0,0.125095203518867
191642.120,16,21.27,67.4,24°52.843740 N,46°39.491766 E,0,1,0,0,693.29,-0.47,2,57618.000,1,46.440,275.57,-0.16,-0.03,4.30,-2.20038553763694,40.08,0.040,0,0,0,0.128255501389503
191642.160,16,21.06,67.5,24°52.843788 N,46°39.491898 E,0,1,0,0,693.28,-0.47,2,57684.000,1,46.480,275.81,-0.04,-0.15,4.29,-2.22180022787695,38.23,0.040,0,0,0,0.140035197138786
191642.200,16,20.84,67.5,24°52.843836 N,46°39.492018 E,0,1,0,0,693.28,-0.47,2,57718.000,1,46.520,276.04,-0.01,-0.16,4.29,-2.24525043177893,39.16,0.040,0,0,0,0.150870904326439
191642.240,16,20.80,68.0,24°52.843884 N,46°39.492150 E,0,1,0,0,693.27,-0.50,2,57751.000,1,46.560,276.27,-0.11,-0.03,4.28,-2.42296043459449,37.48,0.040,0,0,0,0.119678802788258
191642.280,16,20.66,68.3,24°52.843926 N,46°39.492270 E,0,1,0,0,693.27,-0.47,2,57784.000,1,46.600,276.50,-0.07,-0.10,4.28,-2.26557583385777,38.47,0.040,0,0,0,0.125429406762123
191642.320,16,20.69,68.8,24°52.843968 N,46°39.492402 E,0,1,0,0,693.26,-0.47,2,57818.000,1,46.640,276.73,-0.13,0.02,4.27,-2.26207163226836,37.48,0.040,0,0,0,0.102154701948166
191642.360,16,20.57,69.5,24°52.844010 N,46°39.492528 E,0,1,0,0,693.25,-0.50,2,57884.000,1,46.680,276.96,-0.18,-0.08,4.27,-2.44969378827647,34.81,0.040,0,0,0,0.127195298671722
191642.400,16,20.36,70.3,24°52.844046 N,46°39.492654 E,0,1,0,0,693.25,-0.50,2,57918.000,1,46.720,277.19,-0.20,-0.15,4.26,-2.47568523430592,30.85,0.040,0,0,0,0.167168602347374
191642.440,16,20.28,71.0,24°52.844082 N,46°39.492780 E,0,1,0,0,693.25,-0.50,2,57951.000,1,46.760,277.42,-0.19,-0.06,4.26,-2.48532965136348,27.84,0.040,0,0,0,0.16333369910717
191642.480,16,20.12,71.9,24°52.844118 N,46°39.492906 E,0,1,0,0,693.24,-0.50,2,57984.000,1,46.800,277.64,-0.21,-0.11,4.25,-2.50534373912611,25.12,0.040,0,0,0,0.184279695153236
191642.520,16,19.85,72.6,24°52.844148 N,46°39.493026 E,0,1,0,0,693.23,-0.50,2,58018.000,1,46.840,277.86,-0.17,-0.19,4.24,-2.53942661359399,23.67,0.040,0,0,0,0.214385107159615
191642.560,16,19.80,73.0,24°52.844184 N,46°39.493152 E,0,1,0,0,693.22,-0.50,2,58084.000,1,46.880,278.08,-0.09,-0.03,4.24,-2.54545454545455,23.54,0.040,0,0,0,0.170405298471451
191642.600,16,19.82,73.7,24°52.844214 N,46°39.493278 E,0,1,0,0,693.22,-0.50,2,58118.000,1,46.920,278.30,-0.18,0.01,4.23,-2.54314259763851,23.01,0.040,0,0,0,0.157755196094513
191642.640,16,19.75,74.5,24°52.844244 N,46°39.493404 E,0,1,0,0,693.21,-0.50,2,58151.000,1,46.960,278.52,-0.19,-0.05,4.23,-2.55189873417722,22.40,0.040,0,0,0,0.166519492864609
191642.680,16,19.62,75.4,24°52.844268 N,46°39.493524 E,0,1,0,0,693.20,-0.50,2,58184.000,1,47.000,278.74,-0.22,-0.09,4.22,-2.56828373420302,21.65,0.040,0,0,0,0.185010001063347
191642.720,16,19.55,76.0,24°52.844298 N,46°39.493656 E,0,1,0,0,693.18,-0.50,2,58218.000,1,47.040,278.96,-0.15,-0.05,4.22,-2.57826887661142,21.52,0.040,0,0,0,0.179124593734741
191642.760,16,19.46,76.6,24°52.844322 N,46°39.493782 E,0,1,0,0,693.16,-0.54,2,58284.000,1,47.080,279.18,-0.14,-0.06,4.21,-2.77463775562635,20.42,0.040,0,0,0,0.173381105065346
191642.800,16,19.25,77.4,24°52.844340 N,46°39.493908 E,0,1,0,0,693.15,-0.54,2,58318.000,1,47.120,279.39,-0.18,-0.15,4.20,-2.80475770009869,18.71,0.040,0,0,0,0.196137800812721
191642.840,16,19.16,78.0,24°52.844364 N,46°39.494028 E,0,1,0,0,693.14,-0.50,2,58351.000,1,47.160,279.60,-0.15,-0.07,4.20,-2.63102944247233,18.28,0.040,0,0,0,0.184076607227325
191642.880,16,19.02,78.9,24°52.844382 N,46°39.494154 E,0,1,0,0,693.13,-0.50,2,58384.000,1,47.200,279.82,-0.22,-0.09,4.19,-2.64956366312691,17.05,0.040,0,0,0,0.195951506495476
191642.920,16,18.80,79.9,24°52.844400 N,46°39.494280 E,0,0,0,0,693.12,-0.50,1,58418.000,1,47.240,280.03,-0.23,-0.16,4.19,-2.68142157905937,16.14,0.040,0,0,0,0.223282605409622
191642.960,16,18.67,80.8,24°52.844412 N,46°39.494400 E,0,0,0,0,693.11,-0.50,1,58484.000,1,47.280,280.23,-0.20,-0.09,4.18,-2.70009643201543,15.81,0.040,0,0,0,0.216852992773056
191643.000,16,18.70,81.7,24°52.844424 N,46°39.494526 E,0,0,0,0,693.09,-0.54,1,58518.000,1,47.320,280.44,-0.21,0.02,4.18,-2.88800941277142,15.67,0.040,0,0,0,0.196572199463844
191643.040,16,18.75,82.7,24°52.844436 N,46°39.494646 E,0,1,0,0,693.09,-0.50,2,58551.000,1,47.360,280.65,-0.24,0.03,4.17,-2.68871699119765,15.31,0.040,0,0,0,0.202506706118584
191643.080,16,18.71,84.0,24°52.844442 N,46°39.494772 E,0,1,0,0,693.09,-0.50,2,58584.000,1,47.400,280.86,-0.29,-0.03,4.16,-2.69389064086803,14.77,0.040,0,0,0,0.220623299479485
191643.120,16,18.60,85.0,24°52.844454 N,46°39.494892 E,0,1,0,0,693.09,-0.50,2,58618.000,1,47.440,281.06,-0.24,-0.08,4.16,-2.70996881385095,14.24,0.040,0,0,0,0.229536101222038
191643.160,16,18.63,85.8,24°52.844460 N,46°39.495012 E,0,1,0,0,693.08,-0.50,2,58684.000,1,47.480,281.27,-0.16,0.02,4.15,-2.70589498550413,13.90,0.040,0,0,0,0.212933197617531
191643.200,16,18.64,86.1,24°52.844466 N,46°39.495132 E,0,1,0,0,693.08,-0.50,2,58718.000,1,47.520,281.48,-0.09,0.01,4.15,-2.70371761171611,14.32,0.040,0,0,0,0.187807500362396
191643.240,16,18.46,86.5,24°52.844472 N,46°39.495252 E,0,1,0,0,693.07,-0.50,2,58751.000,1,47.560,281.68,-0.09,-0.13,4.14,-2.73007962732246,14.63,0.040,0,0,0,0.180546700954437
191643.280,16,18.36,87.6,24°52.844472 N,46°39.495372 E,0,1,0,0,693.06,-0.50,2,58784.000,1,47.600,281.89,-0.24,-0.07,4.14,-2.74450010890873,14.35,0.040,0,0,0,0.195463493466377
191643.320,16,18.42,88.8,24°52.844466 N,46°39.495498 E,0,1,0,0,693.05,-0.50,2,58818.000,1,47.640,282.09,-0.26,0.04,4.13,-2.73645346943208,13.82,0.040,0,0,0,0.199601203203201
191643.360,16,18.21,90.1,24°52.844466 N,46°39.495612 E,0,1,0,0,693.05,-0.50,2,58884.000,1,47.680,282.30,-0.31,-0.15,4.13,-2.76786204624087,12.86,0.040,0,0,0,0.23481810092926
191643.400,16,18.09,91.7,24°52.844454 N,46°39.495732 E,0,1,0,0,693.03,-0.54,2,58918.000,1,47.720,282.50,-0.34,-0.08,4.12,-2.98441472311263,12.09,0.040,0,0,0,0.258264809846878
191643.440,16,18.10,93.1,24°52.844442 N,46°39.495852 E,0,1,0,0,693.02,-0.54,2,58951.000,1,47.760,282.70,-0.32,0.00,4.11,-2.98326059333738,11.45,0.040,0,0,0,0.262879192829132
191643.480,16,18.21,94.0,24°52.844436 N,46°39.495972 E,0,1,0,0,693.02,-0.54,2,58984.000,1,47.800,282.90,-0.20,0.07,4.11,-2.96621807195825,11.55,0.040,0,0,0,0.248774200677872
191643.520,16,18.19,94.5,24°52.844424 N,46°39.496092 E,0,1,0,0,693.01,-0.54,2,59018.000,1,47.840,283.10,-0.11,-0.01,4.10,-2.96850090704194,11.94,0.040,0,0,0,0.219598293304443
191643.560,16,18.15,95.0,24°52.844412 N,46°39.496212 E,0,1,0,0,692.99,-0.58,2,59084.000,1,47.880,283.31,-0.13,-0.03,4.10,-3.17337887719685,12.16,0.040,0,0,0,0.201861202716827
191643.600,16,17.94,96.3,24°52.844400 N,46°39.496326 E,0,1,0,0,692.98,-0.58,2,59118.000,1,47.920,283.51,-0.29,-0.15,4.09,-3.2115974351826,11.69,0.040,0,0,0,0.233987897634506
191643.640,16,17.94,98.0,24°52.844376 N,46°39.496440 E,0,1,0,0,692.98,-0.58,2,59151.000,1,47.960,283.71,-0.38,0.00,4.08,-3.2115974351826,11.19,0.040,0,0,0,0.253914892673492
191643.680,16,18.04,99.2,24°52.844358 N,46°39.496560 E,0,1,0,0,692.98,-0.58,2,59184.000,1,48.000,283.91,-0.26,0.08,4.08,-3.19237377376268,11.32,0.040,0,0,0,0.253483414649963
191643.720,16,18.15,100.2,24°52.844334 N,46°39.496674 E,0,1,0,0,692.98,-0.58,2,59218.000,1,48.040,284.11,-0.22,0.07,4.07,-3.17390346043641,11.46,0.040,0,0,0,0.249702498316765
191643.760,16,18.18,101.4,24°52.844310 N,46°39.496788 E,0,1,0,0,692.97,-0.58,2,59284.000,1,48.080,284.31,-0.28,0.02,4.06,-3.16901408450704,11.08,0.040,0,0,0,0.2548967897892
191643.800,16,18.30,102.9,24°52.844280 N,46°39.496902 E,0,1,0,0,692.98,-0.58,2,59318.000,1,48.120,284.51,-0.34,0.08,4.06,-3.14840120251435,10.40,0.040,0,0,0,0.276832699775696
191643.840,16,18.15,103.8,24°52.844250 N,46°39.497016 E,0,1,0,0,692.98,-0.54,2,59351.000,1,48.160,284.71,-0.20,-0.10,4.05,-2.97504269737205,10.04,0.040,0,0,0,0.256630510091782
191643.880,16,18.08,104.8,24°52.844220 N,46°39.497130 E,0,1,0,0,692.99,-0.54,2,59384.000,1,48.200,284.91,-0.22,-0.05,4.05,-2.98738658995353,10.04,0.040,0,0,0,0.251919209957123
191643.920,16,17.95,106.4,24°52.844184 N,46°39.497238 E,0,1,0,0,692.99,-0.54,2,59418.000,1,48.240,285.11,-0.35,-0.09,4.04,-3.00785384058375,9.73,0.040,0,0,0,0.276221811771393
191643.960,16,18.12,108.1,24°52.844142 N,46°39.497352 E,0,1,0,0,692.98,-0.54,2,59484.000,1,48.280,285.32,-0.39,0.11,4.03,-2.9809550096605,9.60,0.040,0,0,0,0.295069187879562
191644.000,16,18.12,110.0,24°52.844100 N,46°39.497460 E,0,1,0,0,692.97,-0.54,2,59518.000,1,48.320,285.52,-0.41,0.00,4.03,-2.98029692587891,9.46,0.040,0,0,0,0.316725701093674
191644.040,16,18.15,111.6,24°52.844058 N,46°39.497568 E,0,1,0,0,692.95,-0.58,2,59551.000,1,48.360,285.72,-0.38,0.02,4.02,-3.17337887719685,9.35,0.040,0,0,0,0.329427003860474
191644.080,16,18.15,113.2,24°52.844010 N,46°39.497676 E,0,1,0,0,692.94,-0.61,2,59584.000,1,48.400,285.92,-0.35,0.00,4.02,-3.37171505702165,9.01,0.040,0,0,0,0.333767890930176
191644.120,16,18.14,114.2,24°52.843962 N,46°39.497784 E,0,1,0,0,692.94,-0.61,2,59618.000,1,48.440,286.12,-0.21,-0.01,4.01,-3.37375964718853,8.79,0.040,0,0,0,0.309713900089264
191644.160,16,18.20,115.3,24°52.843914 N,46°39.497886 E,0,1,0,0,692.95,-0.58,2,59684.000,1,48.480,286.32,-0.26,0.04,4.00,-3.16448741896495,8.56,0.040,0,0,0,0.301494687795639
191644.200,16,18.26,116.4,24°52.843866 N,46°39.497988 E,0,1,0,0,692.97,-0.54,2,59718.000,1,48.520,286.53,-0.24,0.04,4.00,-2.95744564324443,8.69,0.040,0,0,0,0.28935718536377
191644.240,16,18.31,117.5,24°52.843812 N,46°39.498096 E,0,1,0,0,692.97,-0.54,2,59751.000,1,48.560,286.73,-0.25,0.03,3.99,-2.94985250737463,8.99,0.040,0,0,0,0.281120002269745
191644.280,16,18.08,118.1,24°52.843758 N,46°39.498192 E,0,1,0,0,692.98,-0.54,2,59784.000,1,48.600,286.93,-0.15,-0.16,3.98,-2.98623016092463,9.13,0.040,0,0,0,0.260520100593567
191644.320,16,18.04,118.9,24°52.843704 N,46°39.498294 E,0,1,0,0,692.98,-0.50,2,59818.000,1,48.640,287.13,-0.17,-0.03,3.98,-2.79332705204234,9.21,0.040,0,0,0,0.23965060710907
191644.360,16,17.96,119.6,24°52.843650 N,46°39.498396 E,0,1,0,0,692.99,-0.50,2,59884.000,1,48.680,287.33,-0.17,-0.06,3.97,-2.80561122244489,9.43,0.040,0,0,0,0.227302700281143
191644.400,16,18.00,120.6,24°52.843596 N,46°39.498498 E,0,1,0,0,692.98,-0.50,2,59918.000,1,48.720,287.53,-0.21,0.03,3.97,-2.79937791601866,9.75,0.040,0,0,0,0.2198686003685
191644.440,16,18.01,121.7,24°52.843536 N,46°39.498594 E,0,1,0,0,692.96,-0.54,2,59951.000,1,48.760,287.73,-0.25,0.01,3.96,-2.99766848007106,9.62,0.040,0,0,0,0.225841894745827
191644.480,16,17.82,123.4,24°52.843476 N,46°39.498690 E,0,1,0,0,692.96,-0.54,2,59984.000,1,48.800,287.93,-0.37,-0.14,3.95,-3.03030303030303,9.16,0.040,0,0,0,0.264326006174088
191644.520,16,17.90,125.3,24°52.843404 N,46°39.498780 E,0,1,0,0,692.95,-0.54,2,60018.000,1,48.840,288.13,-0.42,0.05,3.95,-3.01743406347787,9.04,0.040,0,0,0,0.288325011730194
191644.560,16,17.90,127.2,24°52.843338 N,46°39.498870 E,0,1,0,0,692.95,-0.58,2,60084.000,1,48.880,288.33,-0.43,0.00,3.94,-3.2185963343764,8.95,0.040,0,0,0,0.316085904836655
191644.600,16,18.13,129.1,24°52.843266 N,46°39.498954 E,0,1,0,0,692.96,-0.54,2,60118.000,1,48.920,288.53,-0.42,0.16,3.94,-2.97914597815293,9.03,0.040,0,0,0,0.347076803445816
191644.640,16,18.17,130.7,24°52.843188 N,46°39.499044 E,0,1,0,0,692.96,-0.54,2,60151.000,1,48.960,288.73,-0.36,0.03,3.93,-2.97144114895724,9.08,0.040,0,0,0,0.347849905490875
191644.680,16,18.17,132.2,24°52.843116 N,46°39.499128 E,0,1,0,0,692.95,-0.54,2,60184.000,1,49.000,288.93,-0.34,0.00,3.92,-2.97258614995046,9.12,0.040,0,0,0,0.342676997184753
191644.720,16,18.03,133.2,24°52.843038 N,46°39.499212 E,0,1,0,0,692.95,-0.54,2,60218.000,1,49.040,289.13,-0.21,-0.10,3.92,-2.99583911234397,9.05,0.040,0,0,0,0.318131804466248
191644.760,16,18.10,134.1,24°52.842960 N,46°39.499290 E,0,1,0,0,692.96,-0.54,2,60284.000,1,49.080,289.33,-0.19,0.05,3.91,-2.98326059333738,9.24,0.040,0,0,0,0.291434407234192
191644.800,16,18.08,135.0,24°52.842882 N,46°39.499374 E,0,1,0,0,692.95,-0.54,2,60318.000,1,49.120,289.53,-0.21,-0.02,3.91,-2.98738658995353,9.27,0.040,0,0,0,0.275436401367188
191644.840,16,18.37,136.1,24°52.842804 N,46°39.499458 E,0,1,0,0,692.95,-0.54,2,60351.000,1,49.160,289.74,-0.24,0.21,3.90,-2.9394153829405,9.43,0.040,0,0,0,0.287835508584976
191644.880,16,18.56,137.5,24°52.842714 N,46°39.499530 E,0,1,0,0,692.96,-0.50,2,60384.000,1,49.200,289.94,-0.32,0.14,3.89,-2.71522465251589,9.16,0.040,0,0,0,0.303463011980057
191644.920,16,18.61,138.8,24°52.842630 N,46°39.499602 E,0,1,0,0,693.00,-0.43,2,60418.000,1,49.240,290.15,-0.31,0.03,3.89,-2.32158211521926,8.90,0.040,0,0,0,0.295841902494431
191644.960,16,18.69,140.0,24°52.842540 N,46°39.499680 E,0,1,0,0,693.01,-0.40,2,60484.000,1,49.280,290.36,-0.28,0.06,3.88,-2.11900684931507,8.75,0.040,0,0,0,0.291419386863708
191645.000,16,18.75,140.9,24°52.842450 N,46°39.499752 E,0,1,0,0,693.00,-0.43,2,60518.000,1,49.320,290.56,-0.21,0.05,3.88,-2.3037542662116,8.80,0.040,0,0,0,0.274880200624466
191645.040,16,18.74,141.7,24°52.842360 N,46°39.499830 E,0,1,0,0,692.98,-0.47,2,60551.000,1,49.360,290.77,-0.17,-0.01,3.87,-2.49706541457689,8.96,0.040,0,0,0,0.25048890709877
191645.080,16,18.80,143.1,24°52.842270 N,46°39.499902 E,0,0,0,0,692.97,-0.43,1,60584.000,1,49.400,290.98,-0.34,0.04,3.87,-2.29750571717279,9.09,0.040,0,0,0,0.269628703594208
191645.120,16,18.81,144.3,24°52.842174 N,46°39.499974 E,0,0,0,0,692.97,-0.43,1,60618.000,1,49.440,291.19,-0.28,0.01,3.86,-2.29616243223132,9.43,0.040,0,0,0,0.27087339758873
191645.160,16,18.94,146.2,24°52.842078 N,46°39.500034 E,0,0,0,0,692.97,-0.43,1,60684.000,1,49.480,291.40,-0.44,0.09,3.86,-2.28088701161563,9.53,0.040,0,0,0,0.308263808488846
191645.200,16,19.20,147.7,24°52.841976 N,46°39.500106 E,0,0,0,0,692.96,-0.43,1,60718.000,1,49.520,291.61,-0.36,0.18,3.85,-2.25058609012764,9.87,0.040,0,0,0,0.335215002298355
191645.240,16,19.48,148.7,24°52.841874 N,46°39.500172 E,0,0,0,0,692.94,-0.43,1,60751.000,1,49.560,291.83,-0.24,0.20,3.85,-2.217659137577,10.35,0.040,0,0,0,0.339730799198151
191645.280,16,19.59,149.5,24°52.841772 N,46°39.500238 E,0,0,0,0,692.93,-0.43,1,60784.000,1,49.600,292.04,-0.19,0.08,3.84,-2.2050941758971,10.84,0.040,0,0,0,0.302199095487595
191645.320,16,19.71,149.8,24°52.841670 N,46°39.500304 E,0,0,0,0,692.93,-0.43,1,60818.000,1,49.640,292.26,-0.07,0.08,3.84,-2.19222571805541,11.33,0.040,0,0,0,0.257348597049713
191645.360,16,19.73,150.1,24°52.841562 N,46°39.500370 E,0,0,0,0,692.92,-0.43,1,60884.000,1,49.680,292.48,-0.08,0.02,3.83,-2.18978102189781,11.72,0.040,0,0,0,0.213950097560883
191645.400,16,19.76,151.0,24°52.841460 N,46°39.500430 E,0,0,0,0,692.92,-0.40,1,60918.000,1,49.720,292.70,-0.22,0.02,3.83,-2.00435288758415,11.77,0.040,0,0,0,0.212084293365479
191645.440,16,19.93,152.2,24°52.841352 N,46°39.500484 E,0,0,0,0,692.92,-0.40,1,60951.000,1,49.760,292.92,-0.28,0.12,3.82,-1.98665529523905,11.83,0.040,0,0,0,0.237700507044792
191645.480,16,20.09,153.1,24°52.841238 N,46°39.500544 E,0,0,0,0,692.91,-0.40,1,60984.000,1,49.800,293.14,-0.23,0.11,3.82,-1.97132616487455,12.27,0.040,0,0,0,0.244652405381203
191645.520,16,20.16,154.5,24°52.841130 N,46°39.500604 E,0,0,0,0,692.89,-0.40,1,61018.000,1,49.840,293.37,-0.34,0.05,3.82,-1.96389605237056,12.31,0.040,0,0,0,0.259126007556915
191645.560,16,20.34,155.4,24°52.841016 N,46°39.500652 E,0,0,0,0,692.90,-0.40,1,61084.000,1,49.880,293.59,-0.24,0.12,3.81,-1.94728560188828,12.60,0.040,0,0,0,0.26567080616951
191645.600,16,20.56,156.0,24°52.840902 N,46°39.500712 E,0,0,0,0,692.90,-0.36,1,61118.000,1,49.920,293.82,-0.14,0.16,3.81,-1.75071730778583,13.04,0.040,0,0,0,0.260264813899994
191645.640,16,20.70,156.5,24°52.840788 N,46°39.500766 E,0,0,0,0,692.89,-0.36,1,61151.000,1,49.960,294.05,-0.13,0.09,3.80,-1.73946656358717,13.32,0.040,0,0,0,0.235163003206253
191645.680,16,20.87,157.0,24°52.840668 N,46°39.500820 E,0,0,0,0,692.88,-0.36,1,61184.000,1,50.000,294.28,-0.12,0.12,3.80,-1.72504672001533,14.41,0.040,0,0,0,0.22229740023613
191645.720,16,20.97,157.4,24°52.840554 N,46°39.500874 E,0,0,0,0,692.87,-0.40,1,61218.000,1,50.040,294.51,-0.12,0.07,3.79,-1.8887722980063,15.31,0.040,0,0,0,0.197876900434494
191645.760,16,20.98,157.9,24°52.840434 N,46°39.500922 E,0,1,0,0,692.86,-0.40,2,61284.000,1,50.080,294.74,-0.13,0.01,3.79,-1.88715211589783,17.13,0.040,0,0,0,0.173071295022964
191645.800,16,20.97,158.0,24°52.840320 N,46°39.500970 E,0,1,0,0,692.86,-0.40,2,61318.000,1,50.120,294.98,-0.03,-0.01,3.79,-1.88805187374845,19.42,0.040,0,0,0,0.139735504984856
191645.840,16,21.16,158.2,24°52.840200 N,46°39.501024 E,0,1,0,0,692.85,-0.43,2,61351.000,1,50.160,295.21,-0.05,0.13,3.78,-2.04187739282507,21.26,0.040,0,0,0,0.142864897847176
191645.880,16,21.42,158.2,24°52.840074 N,46°39.501078 E,0,1,0,0,692.85,-0.43,2,61384.000,1,50.200,295.45,0.00,0.19,3.78,-2.01680672268908,23.43,0.040,0,0,0,0.163188695907593
191645.920,16,21.67,158.0,24°52.839954 N,46°39.501132 E,0,1,0,0,692.85,-0.43,2,61418.000,1,50.240,295.69,0.05,0.18,3.77,-1.9937234631715,25.11,0.040,0,0,0,0.16781310737133
191645.960,16,21.88,158.1,24°52.839828 N,46°39.501186 E,0,0,0,0,692.85,-0.40,1,61484.000,1,50.280,295.93,-0.02,0.15,3.77,-1.81012021758011,26.17,0.040,0,0,0,0.161657094955444
191646.000,16,21.90,158.4,24°52.839708 N,46°39.501240 E,0,1,0,0,692.85,-0.40,2,61518.000,1,50.320,296.17,-0.07,0.02,3.76,-1.80830174893831,28.52,0.040,0,0,0,0.102417498826981
191646.040,16,21.99,159.2,24°52.839582 N,46°39.501288 E,0,1,0,0,692.85,-0.40,2,61551.000,1,50.360,296.42,-0.22,0.06,3.76,-1.80090045022511,30.08,0.040,0,0,0,0.116911299526691
191646.080,16,22.03,159.6,24°52.839456 N,46°39.501336 E,0,1,0,0,692.84,-0.40,2,61584.000,1,50.400,296.66,-0.13,0.03,3.75,-1.79738562091503,32.30,0.040,0,0,0,0.111391097307205
191646.120,16,22.11,159.8,24°52.839336 N,46°39.501384 E,0,1,0,0,692.84,-0.40,2,61618.000,1,50.440,296.91,-0.05,0.05,3.75,-1.79120680296725,39.59,0.040,0,0,0,0.103317700326443
191646.160,16,22.18,160.3,24°52.839210 N,46°39.501432 E,0,1,0,0,692.84,-0.40,2,61684.000,1,50.480,297.15,-0.13,0.05,3.74,-1.78515079114637,43.65,0.040,0,0,0,0.110932603478432
191646.200,16,22.27,161.1,24°52.839078 N,46°39.501480 E,0,1,0,0,692.83,-0.40,2,61718.000,1,50.520,297.40,-0.21,0.06,3.74,-1.77817691962281,41.96,0.040,0,0,0,0.133339703083038
191646.240,16,22.36,161.4,24°52.838952 N,46°39.501522 E,0,1,0,0,692.83,-0.40,2,61751.000,1,50.560,297.65,-0.10,0.06,3.74,-1.77101967799642,43.36,0.040,0,0,0,0.131439998745918
191646.280,16,22.42,161.8,24°52.838826 N,46°39.501564 E,0,1,0,0,692.84,-0.40,2,61784.000,1,50.600,297.90,-0.11,0.04,3.73,-1.7662013291111,44.02,0.040,0,0,0,0.126439794898033
191646.320,16,22.47,162.2,24°52.838694 N,46°39.501612 E,0,1,0,0,692.83,-0.40,2,61818.000,1,50.640,298.15,-0.09,0.03,3.73,-1.76250667616165,45.26,0.040,0,0,0,0.118435300886631
191646.360,16,22.59,162.4,24°52.838562 N,46°39.501654 E,0,1,0,0,692.82,-0.40,2,61884.000,1,50.680,298.40,-0.06,0.09,3.72,-1.75267770204479,48.20,0.040,0,0,0,0.120346702635288
191646.400,16,22.68,162.3,24°52.838436 N,46°39.501702 E,0,1,0,0,692.81,-0.43,2,61918.000,1,50.720,298.65,0.03,0.06,3.72,-1.9044260271557,50.83,0.040,0,0,0,0.099205382168293
191646.440,16,22.87,162.1,24°52.838304 N,46°39.501750 E,0,1,0,0,692.80,-0.43,2,61951.000,1,50.760,298.90,0.05,0.13,3.71,-1.88918528884419,56.28,0.040,0,0,0,0.109405398368835
191646.480,16,22.94,161.9,24°52.838172 N,46°39.501798 E,0,1,0,0,692.80,-0.43,2,61984.000,1,50.800,299.15,0.07,0.05,3.71,-1.88292725450028,60.37,0.040,0,0,0,0.0798298791050911
191646.520,16,22.93,161.7,24°52.838040 N,46°39.501846 E,0,1,0,0,692.80,-0.43,2,62018.000,1,50.840,299.41,0.04,-0.01,3.70,-1.88440567066521,59.36,0.040,0,0,0,0.0342212617397308
191646.560,16,22.93,161.9,24°52.837908 N,46°39.501888 E,0,1,0,0,692.80,-0.43,2,62084.000,1,50.880,299.66,-0.05,0.00,3.70,-1.88383045525903,58.13,0.040,0,0,0,0.0270116906613111
191646.600,16,23.12,162.2,24°52.837776 N,46°39.501936 E,0,1,0,0,692.79,-0.43,2,62118.000,1,50.920,299.92,-0.10,0.14,3.69,-1.86826968818925,56.94,0.040,0,0,0,0.0848103985190392
191646.640,16,23.29,162.7,24°52.837638 N,46°39.501978 E,0,1,0,0,692.79,-0.43,2,62151.000,1,50.960,300.18,-0.15,0.12,3.69,-1.85503263483339,61.91,0.040,0,0,0,0.11306569725275
191646.680,16,23.47,163.1,24°52.837506 N,46°39.502026 E,0,1,0,0,692.79,-0.43,2,62184.000,1,51.000,300.44,-0.09,0.13,3.69,-1.84103984658001,65.14,0.040,0,0,0,0.128599494695663
191646.720,16,23.65,163.1,24°52.837368 N,46°39.502068 E,0,1,0,0,692.79,-0.43,2,62218.000,1,51.040,300.70,-0.02,0.13,3.68,-1.82648401826484,67.74,0.040,0,0,0,0.134240806102753
191646.760,16,23.83,163.1,24°52.837230 N,46°39.502116 E,0,1,0,0,692.78,-0.43,2,62284.000,1,51.080,300.96,0.02,0.12,3.68,-1.81299311734094,81.88,0.040,0,0,0,0.129911303520203
191646.800,16,23.96,163.4,24°52.837092 N,46°39.502158 E,0,1,0,0,692.77,-0.43,2,62318.000,1,51.120,301.23,-0.10,0.09,3.67,-1.80285451965612,98.08,0.040,0,0,0,0.120632097125053
191646.840,16,23.87,163.4,24°52.836954 N,46°39.502206 E,0,1,0,0,692.77,-0.43,2,62351.000,1,51.160,301.49,0.01,-0.07,3.67,-1.80995475113122,117.73,0.040,0,0,0,0.0452463813126087
191646.880,16,23.87,163.3,24°52.836816 N,46°39.502248 E,0,1,0,0,692.77,-0.43,2,62384.000,1,51.200,301.76,0.01,0.00,3.66,-1.80965147453083,152.28,0.040,0,0,0,0.0317004285752773
191646.920,16,23.95,163.3,24°52.836678 N,46°39.502296 E,0,1,0,0,692.76,-0.43,2,62418.000,1,51.240,302.03,0.01,0.05,3.66,-1.80398379755293,201.66,0.040,0,0,0,0.0391517616808414
191646.960,16,24.15,163.3,24°52.836540 N,46°39.502338 E,0,1,0,0,692.77,-0.43,2,62484.000,1,51.280,302.29,0.00,0.15,3.65,-1.78867174561113,253.44,0.040,0,0,0,0.0906172022223473
191647.000,16,24.27,163.4,24°52.836396 N,46°39.502386 E,0,1,0,0,692.76,-0.43,2,62518.000,1,51.320,302.56,-0.03,0.08,3.65,-1.77990194058753,206.57,0.040,0,0,0,0.0889554023742676
191647.040,16,24.48,163.4,24°52.836258 N,46°39.502434 E,0,1,0,0,692.75,-0.43,2,62551.000,1,51.360,302.83,-0.01,0.15,3.64,-1.76441757882699,174.61,0.040,0,0,0,0.119929999113083
191647.080,16,24.47,163.5,24°52.836114 N,46°39.502476 E,0,1,0,0,692.75,-0.43,2,62584.000,1,51.400,303.10,-0.01,-0.01,3.64,-1.76521064029747,143.90,0.040,0,0,0,0.0580481104552746
191647.120,16,24.58,163.8,24°52.835970 N,46°39.502524 E,0,1,0,0,692.73,-0.47,2,62618.000,1,51.440,303.38,-0.11,0.08,3.63,-1.9039095236158,110.83,0.040,0,0,0,0.0752383098006248
191647.160,16,24.53,163.8,24°52.835832 N,46°39.502566 E,0,1,0,0,692.73,-0.47,2,62684.000,1,51.480,303.65,0.01,-0.04,3.63,-1.90786791683653,120.62,0.040,0,0,0,0.0317639596760273
191647.200,16,24.75,164.0,24°52.835688 N,46°39.502614 E,0,1,0,0,692.72,-0.47,2,62718.000,1,51.520,303.92,-0.05,0.15,3.62,-1.89121474177645,135.89,0.040,0,0,0,0.0898059830069542
191647.240,16,24.80,164.0,24°52.835544 N,46°39.502656 E,0,1,0,0,692.71,-0.47,2,62751.000,1,51.560,304.20,-0.01,0.04,3.62,-1.88709677419355,185.02,0.040,0,0,0,0.0673271268606186
191647.280,16,24.91,164.1,24°52.835400 N,46°39.502704 E,0,1,0,0,692.70,-0.50,2,62784.000,1,51.600,304.47,-0.02,0.08,3.61,-2.02344628231893,234.57,0.040,0,0,0,0.0735091716051102
191647.320,16,25.05,163.8,24°52.835250 N,46°39.502752 E,0,1,0,0,692.68,-0.50,2,62818.000,1,51.640,304.75,0.08,0.10,3.61,-2.01205636951575,349.71,0.040,0,0,0,0.0842679366469383
191647.360,16,25.18,163.7,24°52.835106 N,46°39.502800 E,0,1,0,0,692.67,-0.50,2,62884.000,1,51.680,305.03,0.03,0.09,3.60,-2.00198609731877,357.74,0.040,0,0,0,0.0866820514202118
191647.400,16,25.27,163.9,24°52.834956 N,46°39.502848 E,0,1,0,0,692.68,-0.50,2,62918.000,1,51.720,305.31,-0.04,0.06,3.60,-1.99485454185632,515.52,0.040,0,0,0,0.0754889473319054
191647.440,16,25.47,164.1,24°52.834812 N,46°39.502890 E,0,1,0,0,692.67,-0.50,2,62951.000,1,51.760,305.59,-0.08,0.15,3.59,-1.97848786998508,328.73,0.040,0,0,0,0.113406702876091
191647.480,16,25.61,164.0,24°52.834662 N,46°39.502938 E,0,1,0,0,692.66,-0.50,2,62984.000,1,51.800,305.88,0.04,0.09,3.58,-1.96821181708127,376.20,0.040,0,0,0,0.103238999843597
191647.520,16,25.58,163.5,24°52.834512 N,46°39.502986 E,0,1,0,0,692.65,-0.50,2,63018.000,1,51.840,306.16,0.16,-0.02,3.58,-1.9701352513486,1000.00,0.040,0,0,0,0.0495472997426987
191647.560,16,25.64,163.7,24°52.834368 N,46°39.503034 E,0,1,0,0,692.65,-0.50,2,63084.000,1,51.880,306.45,-0.08,0.04,3.57,-1.96575529466828,540.47,0.040,0,0,0,0.0417971089482307
191647.600,16,25.55,163.9,24°52.834218 N,46°39.503082 E,0,1,0,0,692.64,-0.50,2,63118.000,1,51.920,306.73,-0.04,-0.07,3.57,-1.97291161042825,525.75,0.040,0,0,0,0.0134086199104786
191647.640,16,25.70,163.6,24°52.834068 N,46°39.503130 E,0,1,0,0,692.63,-0.50,2,63151.000,1,51.960,307.02,0.09,0.11,3.56,-1.96078431372549,1000.00,0.040,0,0,0,0.0517759695649147
191647.680,16,25.96,163.9,24°52.833918 N,46°39.503178 E,0,1,0,0,692.62,-0.54,2,63184.000,1,52.000,307.30,-0.09,0.18,3.56,-2.08044382801664,659.21,0.040,0,0,0,0.114367999136448
191647.720,16,25.96,163.9,24°52.833768 N,46°39.503226 E,0,1,0,0,692.62,-0.50,2,63218.000,1,52.040,307.59,-0.01,0.00,3.55,-1.94144838212635,1000.00,0.040,0,0,0,0.0587967187166214
191647.760,16,25.87,163.7,24°52.833618 N,46°39.503274 E,0,1,0,0,692.62,-0.50,2,63284.000,1,52.080,307.88,0.05,-0.06,3.55,-1.9479766552004,1000.00,0.040,0,0,0,0.00462243519723415
191647.800,16,25.82,163.7,24°52.833468 N,46°39.503322 E,0,1,0,0,692.61,-0.50,2,63318.000,1,52.120,308.17,0.02,-0.04,3.54,-1.95227765726681,753.90,0.040,0,0,0,0.0226462706923485
191647.840,16,25.72,163.7,24°52.833324 N,46°39.503370 E,0,1,0,0,692.59,-0.54,2,63351.000,1,52.160,308.45,-0.01,-0.07,3.53,-2.09994166828699,699.60,0.040,0,0,0,0.0465168915688992
191647.880,16,25.85,163.8,24°52.833168 N,46°39.503418 E,0,1,0,0,692.59,-0.54,2,63384.000,1,52.200,308.74,-0.02,0.09,3.53,-2.0891364902507,743.46,0.040,0,0,0,0.024049399420619
191647.920,16,26.10,163.7,24°52.833018 N,46°39.503466 E,0,1,0,0,692.58,-0.54,2,63418.000,1,52.240,309.03,0.03,0.18,3.52,-2.06928264868179,1000.00,0.040,0,0,0,0.10011799633503
191647.960,16,26.15,163.7,24°52.832868 N,46°39.503514 E,0,1,0,0,692.57,-0.54,2,63484.000,1,52.280,309.32,0.00,0.04,3.52,-2.06469373709566,1000.00,0.040,0,0,0,0.0704684108495712
191648.000,16,26.13,163.7,24°52.832718 N,46°39.503562 E,0,1,0,0,692.57,-0.54,2,63518.000,1,52.320,309.61,0.00,-0.02,3.51,-2.06643196081433,1000.00,0.040,0,0,0,0.0277034007012844
191648.040,16,26.16,163.5,24°52.832562 N,46°39.503610 E,0,1,0,0,692.56,-0.54,2,63551.000,1,52.360,309.90,0.05,0.02,3.50,-2.0641412790031,421.99,0.040,0,0,0,0.0269167702645063
191648.080,16,26.13,163.1,24°52.832412 N,46°39.503664 E,0,1,0,0,692.56,-0.54,2,63584.000,1,52.400,310.19,0.13,-0.02,3.50,-2.06666921811015,293.55,0.040,0,0,0,0.0351053401827812
191648.120,16,26.25,163.2,24°52.832262 N,46°39.503712 E,0,1,0,0,692.56,-0.54,2,63618.000,1,52.440,310.48,-0.03,0.08,3.49,-2.05729960377934,1000.00,0.040,0,0,0,0.0473355501890182
191648.160,16,26.31,163.1,24°52.832112 N,46°39.503760 E,0,1,0,0,692.56,-0.54,2,63684.000,1,52.480,310.77,0.05,0.04,3.49,-2.05284166508268,386.45,0.040,0,0,0,0.0490762107074261
191648.200,16,26.30,163.3,24°52.831956 N,46°39.503808 E,0,1,0,0,692.55,-0.54,2,63718.000,1,52.520,311.06,-0.06,0.00,3.48,-2.05307581172534,424.98,0.040,0,0,0,0.0214256402105093
191648.240,16,26.24,163.3,24°52.831806 N,46°39.503856 E,0,1,0,0,692.54,-0.54,2,63751.000,1,52.560,311.36,-0.02,-0.05,3.47,-2.05816213743949,1000.00,0.040,0,0,0,0.0134810395538807
191648.280,16,26.19,163.1,24°52.831656 N,46°39.503910 E,0,1,0,0,692.54,-0.54,2,63784.000,1,52.600,311.65,0.09,-0.03,3.47,-2.06154081087272,321.92,0.040,0,0,0,0.0292077902704477
191648.320,16,26.20,163.2,24°52.831506 N,46°39.503958 E,0,1,0,0,692.52,-0.58,2,63818.000,1,52.640,311.94,-0.04,0.00,3.46,-2.19838937445136,368.48,0.040,0,0,0,0.0110063403844833
191648.360,16,26.31,163.2,24°52.831350 N,46°39.504006 E,0,1,0,0,692.52,-0.58,2,63884.000,1,52.680,312.23,0.02,0.08,3.46,-2.18911523259349,436.98,0.040,0,0,0,0.036497849971056
191648.400,16,26.22,163.0,24°52.831206 N,46°39.504060 E,0,1,0,0,692.52,-0.58,2,63918.000,1,52.720,312.52,0.04,-0.07,3.45,-2.19721533473202,407.05,0.040,0,0,0,0.02226329036057
191648.440,16,26.11,163.0,24°52.831056 N,46°39.504108 E,0,1,0,0,692.51,-0.58,2,63951.000,1,52.760,312.81,0.02,-0.07,3.44,-2.20571341043119,356.75,0.040,0,0,0,0.046772338449955
191648.480,16,25.96,162.8,24°52.830906 N,46°39.504156 E,0,1,0,0,692.51,-0.58,2,63984.000,1,52.800,313.10,0.04,-0.11,3.44,-2.21879815100154,273.92,0.040,0,0,0,0.0796855613589287
191648.520,16,26.10,162.5,24°52.830756 N,46°39.504210 E,0,1,0,0,692.51,-0.58,2,64018.000,1,52.840,313.39,0.13,0.10,3.43,-2.20723482526058,207.15,0.040,0,0,0,0.043119128793478
191648.560,16,26.26,162.2,24°52.830606 N,46°39.504264 E,0,1,0,0,692.50,-0.58,2,64084.000,1,52.880,313.68,0.08,0.11,3.43,-2.1936171833346,170.46,0.040,0,0,0,0.0800742208957672
191648.600,16,26.26,162.1,24°52.830456 N,46°39.504318 E,0,1,0,0,692.50,-0.58,2,64118.000,1,52.920,313.97,0.03,0.00,3.42,-2.1932830705963,160.25,0.040,0,0,0,0.0566223189234734
191648.640,16,26.22,162.4,24°52.830306 N,46°39.504366 E,0,1,0,0,692.50,-0.58,2,64151.000,1,52.960,314.27,-0.09,-0.03,3.41,-2.19721533473202,220.37,0.040,0,0,0,0.0192257892340422
191648.680,16,26.21,162.4,24°52.830156 N,46°39.504420 E,0,1,0,0,692.50,-0.58,2,64184.000,1,53.000,314.56,-0.01,0.00,3.41,-2.19746680909507,346.20,0.040,0,0,0,0.0139939496293664
191648.720,16,26.24,162.0,24°52.830006 N,46°39.504474 E,0,1,0,0,692.49,-0.58,2,64218.000,1,53.040,314.85,0.13,0.02,3.40,-2.19537294660213,201.89,0.040,0,0,0,0.0387595482170582
191648.760,16,26.09,161.7,24°52.829856 N,46°39.504528 E,0,1,0,0,692.49,-0.58,2,64284.000,1,53.080,315.14,0.11,-0.10,3.39,-2.20782705354747,174.71,0.040,0,0,0,0.0703789591789246
191648.800,16,25.98,161.4,24°52.829706 N,46°39.504582 E,0,1,0,0,692.48,-0.58,2,64318.000,1,53.120,315.43,0.09,-0.08,3.39,-2.21700473422886,130.30,0.040,0,0,0,0.0864304602146149
191648.840,16,25.87,161.1,24°52.829562 N,46°39.504636 E,0,1,0,0,692.48,-0.58,2,64351.000,1,53.160,315.72,0.09,-0.08,3.38,-2.22686151704941,109.20,0.040,0,0,0,0.0980397611856461
191648.880,16,25.87,161.5,24°52.829412 N,46°39.504690 E,0,1,0,0,692.47,-0.58,2,64384.000,1,53.200,316.00,-0.12,0.00,3.37,-2.22651720139157,152.87,0.040,0,0,0,0.0451045706868172
191648.920,16,25.86,161.6,24°52.829268 N,46°39.504744 E,0,1,0,0,692.47,-0.58,2,64418.000,1,53.240,316.29,-0.06,-0.01,3.37,-2.22780893444208,158.17,0.040,0,0,0,0.0251324605196714
191648.960,16,25.65,161.6,24°52.829124 N,46°39.504798 E,0,1,0,0,692.46,-0.58,2,64484.000,1,53.280,316.58,0.03,-0.15,3.36,-2.24596428292911,153.16,0.040,0,0,0,0.0864451229572296
191649.000,16,25.39,161.3,24°52.828980 N,46°39.504846 E,0,1,0,0,692.47,-0.58,2,64518.000,1,53.320,316.86,0.09,-0.18,3.35,-2.26825234307317,137.39,0.040,0,0,0,0.135045096278191
191649.040,16,25.36,161.1,24°52.828836 N,46°39.504906 E,0,1,0,0,692.46,-0.58,2,64551.000,1,53.360,317.14,0.07,-0.03,3.35,-2.27174127391047,126.43,0.040,0,0,0,0.0879757329821587
191649.080,16,25.28,160.6,24°52.828692 N,46°39.504960 E,0,1,0,0,692.45,-0.58,2,64584.000,1,53.400,317.42,0.15,-0.05,3.34,-2.27857114601052,107.29,0.040,0,0,0,0.0888243764638901
191649.120,16,25.00,160.3,24°52.828554 N,46°39.505014 E,0,1,0,0,692.45,-0.58,2,64618.000,1,53.440,317.70,0.11,-0.20,3.34,-2.30381569474442,108.33,0.040,0,0,0,0.148093000054359
191649.160,16,24.83,160.2,24°52.828416 N,46°39.505068 E,0,1,0,0,692.44,-0.61,2,64684.000,1,53.480,317.98,0.02,-0.12,3.33,-2.46446261023638,117.57,0.040,0,0,0,0.138716205954552
191649.200,16,24.80,160.3,24°52.828272 N,46°39.505122 E,0,1,0,0,692.43,-0.61,2,64718.000,1,53.520,318.26,-0.05,-0.02,3.32,-2.46734397677794,134.43,0.040,0,0,0,0.081966370344162
191649.240,16,24.67,160.3,24°52.828134 N,46°39.505176 E,0,1,0,0,692.43,-0.61,2,64751.000,1,53.560,318.53,0.02,-0.10,3.32,-2.48104755341144,112.06,0.040,0,0,0,0.0913865491747856
191649.280,16,24.68,160.2,24°52.827996 N,46°39.505236 E,0,1,0,0,692.42,-0.61,2,64784.000,1,53.600,318.80,0.03,0.01,3.31,-2.47953974556357,105.88,0.040,0,0,0,0.0499647483229637
191649.320,16,24.60,160.0,24°52.827858 N,46°39.505290 E,0,1,0,0,692.42,-0.61,2,64818.000,1,53.640,319.08,0.04,-0.06,3.30,-2.48790601243953,120.16,0.040,0,0,0,0.0594699084758759
191649.360,16,24.33,160.1,24°52.827720 N,46°39.505338 E,0,1,0,0,692.42,-0.61,2,64884.000,1,53.680,319.35,-0.01,-0.19,3.30,-2.51551646183567,146.58,0.040,0,0,0,0.122276902198792
191649.400,16,24.23,159.9,24°52.827582 N,46°39.505392 E,0,1,0,0,692.41,-0.61,2,64918.000,1,53.720,319.62,0.05,-0.07,3.29,-2.52558600198085,157.09,0.040,0,0,0,0.0992497801780701
191649.440,16,24.08,159.7,24°52.827450 N,46°39.505452 E,0,1,0,0,692.40,-0.61,2,64951.000,1,53.760,319.89,0.05,-0.11,3.28,-2.54152823920266,170.84,0.040,0,0,0,0.106491699814796
191649.480,16,24.05,159.6,24°52.827312 N,46°39.505506 E,0,1,0,0,692.40,-0.61,2,64984.000,1,53.800,320.16,0.04,-0.02,3.28,-2.5444869449526,123.42,0.040,0,0,0,0.0702932178974152
191649.520,16,23.97,159.1,24°52.827180 N,46°39.505560 E,0,1,0,0,692.40,-0.61,2,65017.000,1,53.840,320.42,0.13,-0.06,3.27,-2.55372418109743,91.61,0.040,0,0,0,0.0822936072945595
191649.560,16,23.88,158.8,24°52.827048 N,46°39.505614 E,0,1,0,0,692.40,-0.58,2,65084.000,1,53.880,320.69,0.10,-0.06,3.26,-2.41185830332468,83.08,0.040,0,0,0,0.0878231823444366
191649.600,16,23.65,158.7,24°52.826916 N,46°39.505674 E,0,1,0,0,692.40,-0.58,2,65117.000,1,53.920,320.95,0.04,-0.16,3.26,-2.43531202435312,87.04,0.040,0,0,0,0.126104801893234
191649.640,16,23.62,158.9,24°52.826784 N,46°39.505722 E,0,1,0,0,692.40,-0.58,2,65151.000,1,53.960,321.22,-0.07,-0.02,3.25,-2.43861134631668,104.71,0.040,0,0,0,0.0752151533961296
191649.680,16,23.40,159.0,24°52.826652 N,46°39.505782 E,0,1,0,0,692.39,-0.58,2,65184.000,1,54.000,321.48,-0.02,-0.16,3.24,-2.46153846153846,139.48,0.040,0,0,0,0.113534800708294
191649.720,16,23.09,159.1,24°52.826526 N,46°39.505830 E,0,1,0,0,692.39,-0.58,2,65217.000,1,54.040,321.73,-0.03,-0.22,3.24,-2.49415432579891,189.14,0.040,0,0,0,0.164489299058914
191649.760,16,22.78,159.0,24°52.826400 N,46°39.505884 E,0,1,0,0,692.38,-0.58,2,65284.000,1,54.080,321.99,0.02,-0.22,3.23,-2.52842280848075,184.36,0.040,0,0,0,0.193456500768661
191649.800,16,22.71,158.7,24°52.826274 N,46°39.505938 E,0,1,0,0,692.37,-0.58,2,65317.000,1,54.120,322.24,0.08,-0.05,3.22,-2.53643929719494,133.20,0.040,0,0,0,0.125095799565315
191649.840,16,22.60,158.1,24°52.826148 N,46°39.505998 E,0,1,0,0,692.37,-0.61,2,65351.000,1,54.160,322.49,0.18,-0.08,3.22,-2.70832411382042,97.38,0.040,0,0,0,0.11642000079155
191649.880,16,22.54,158.1,24°52.826022 N,46°39.506046 E,0,1,0,0,692.37,-0.58,2,65384.000,1,54.200,322.74,0.00,-0.04,3.21,-2.55591054313099,101.90,0.040,0,0,0,0.0858381763100624
191649.920,16,22.25,158.2,24°52.825902 N,46°39.506100 E,0,1,0,0,692.38,-0.54,2,65417.000,1,54.240,322.99,-0.04,-0.20,3.20,-2.42674815746899,116.37,0.040,0,0,0,0.139808192849159
191649.960,16,22.12,158.5,24°52.825776 N,46°39.506148 E,0,1,0,0,692.38,-0.54,2,65484.000,1,54.280,323.24,-0.08,-0.09,3.20,-2.44100895036615,134.81,0.040,0,0,0,0.114431403577328
191650.000,16,21.90,158.3,24°52.825656 N,46°39.506202 E,0,1,0,0,692.37,-0.54,2,65517.000,1,54.320,323.48,0.05,-0.16,3.19,-2.46552826225915,131.87,0.040,0,0,0,0.135862097144127
191650.040,16,21.69,158.1,24°52.825536 N,46°39.506256 E,0,1,0,0,692.36,-0.54,2,65551.000,1,54.360,323.73,0.05,-0.15,3.18,-2.4891675117544,130.21,0.040,0,0,0,0.143110305070877
191650.080,16,21.55,158.0,24°52.825416 N,46°39.506310 E,0,1,0,0,692.35,-0.58,2,65584.000,1,54.400,323.97,0.04,-0.10,3.18,-2.67335004177109,127.24,0.040,0,0,0,0.125721305608749
191650.120,16,21.53,158.1,24°52.825296 N,46°39.506358 E,0,1,0,0,692.35,-0.54,2,65617.000,1,54.440,324.21,-0.03,-0.01,3.17,-2.50836120401338,195.97,0.040,0,0,0,0.0694620981812477
191650.160,16,21.34,158.2,24°52.825176 N,46°39.506412 E,0,1,0,0,692.36,-0.54,2,65684.000,1,54.480,324.44,-0.02,-0.13,3.17,-2.53034065882573,330.83,0.040,0,0,0,0.100446000695229
191650.200,16,21.00,158.0,24°52.825062 N,46°39.506460 E,0,1,0,0,692.35,-0.54,2,65717.000,1,54.520,324.68,0.06,-0.25,3.16,-2.57204096213384,275.77,0.040,0,0,0,0.173411995172501
191650.240,16,20.78,157.6,24°52.824948 N,46°39.506514 E,0,1,0,0,692.35,-0.54,2,65751.000,1,54.560,324.91,0.08,-0.15,3.15,-2.59827743829091,157.51,0.040,0,0,0,0.164199203252792
191650.280,16,20.59,157.7,24°52.824834 N,46°39.506562 E,0,1,0,0,692.35,-0.54,2,65784.000,1,54.600,325.14,-0.01,-0.14,3.15,-2.62237762237762,150.91,0.040,0,0,0,0.149886697530746
191650.320,16,20.64,157.7,24°52.824720 N,46°39.506610 E,0,1,0,0,692.35,-0.54,2,65817.000,1,54.640,325.37,0.00,0.04,3.14,-2.61602557891677,141.00,0.040,0,0,0,0.0589881911873817
191650.360,16,20.45,157.8,24°52.824606 N,46°39.506658 E,0,1,0,0,692.35,-0.50,2,65884.000,1,54.680,325.60,-0.04,-0.14,3.14,-2.46478873239437,168.19,0.040,0,0,0,0.0971843972802162
191650.400,16,20.25,157.5,24°52.824498 N,46°39.506712 E,0,1,0,0,692.35,-0.50,2,65917.000,1,54.720,325.83,0.09,-0.14,3.13,-2.48938061839376,155.29,0.040,0,0,0,0.122196100652218
191650.440,16,20.01,157.2,24°52.824390 N,46°39.506760 E,0,1,0,0,692.35,-0.50,2,65951.000,1,54.760,326.05,0.06,-0.17,3.12,-2.51886651007047,226.93,0.040,0,0,0,0.147423192858696
191650.480,16,19.67,157.0,24°52.824282 N,46°39.506808 E,0,1,0,0,692.34,-0.50,2,65984.000,1,54.800,326.27,0.06,-0.24,3.12,-2.56227758007117,173.28,0.040,0,0,0,0.195328906178474
191650.520,16,19.42,157.2,24°52.824174 N,46°39.506856 E,0,1,0,0,692.34,-0.50,2,66017.000,1,54.840,326.49,-0.05,-0.18,3.11,-2.5949953660797,182.19,0.040,0,0,0,0.184877797961235
191650.560,16,19.31,157.3,24°52.824072 N,46°39.506904 E,0,1,0,0,692.34,-0.50,2,66084.000,1,54.880,326.70,-0.03,-0.08,3.11,-2.6104521676076,153.51,0.040,0,0,0,0.133077800273895
191650.600,16,19.21,157.5,24°52.823964 N,46°39.506952 E,0,1,0,0,692.34,-0.50,2,66117.000,1,54.920,326.92,-0.04,-0.07,3.10,-2.62363352420614,224.26,0.040,0,0,0,0.100782997906208
191650.640,16,18.96,157.5,24°52.823862 N,46°39.507000 E,0,1,0,0,692.34,-0.50,2,66151.000,1,54.960,327.13,0.00,-0.18,3.10,-2.65850828146429,273.88,0.040,0,0,0,0.139614403247833
191650.680,16,18.71,157.1,24°52.823760 N,46°39.507048 E,0,1,0,0,692.34,-0.50,2,66184.000,1,55.000,327.34,0.09,-0.18,3.09,-2.69432267721587,201.39,0.040,0,0,0,0.160011202096939
191650.720,16,18.65,156.5,24°52.823658 N,46°39.507096 E,0,1,0,0,692.34,-0.47,2,66217.000,1,55.040,327.54,0.13,-0.04,3.09,-2.50965250965251,114.15,0.040,0,0,0,0.107565499842167
191650.760,16,18.55,156.1,24°52.823556 N,46°39.507144 E,0,1,0,0,692.34,-0.47,2,66284.000,1,55.080,327.75,0.10,-0.07,3.08,-2.52277505255781,85.21,0.040,0,0,0,0.0987715497612953
191650.800,16,18.39,155.9,24°52.823454 N,46°39.507192 E,0,1,0,0,692.33,-0.47,2,66317.000,1,55.120,327.96,0.06,-0.11,3.07,-2.54458460200087,84.40,0.040,0,0,0,0.111235298216343
191650.840,16,18.20,155.5,24°52.823358 N,46°39.507246 E,0,1,0,0,692.33,-0.50,2,66351.000,1,55.160,328.16,0.08,-0.14,3.07,-2.76953511374876,82.13,0.040,0,0,0,0.13096210360527
191650.880,16,17.96,155.1,24°52.823262 N,46°39.507294 E,0,1,0,0,692.32,-0.50,2,66384.000,1,55.200,328.36,0.10,-0.17,3.06,-2.80561122244489,66.36,0.040,0,0,0,0.155811905860901
191650.920,16,17.65,154.4,24°52.823166 N,46°39.507342 E,0,1,0,0,692.32,-0.50,2,66417.000,1,55.240,328.56,0.15,-0.22,3.06,-2.85536230241913,51.58,0.040,0,0,0,0.199246600270271
191650.960,16,17.35,153.6,24°52.823076 N,46°39.507396 E,0,1,0,0,692.32,-0.50,2,66484.000,1,55.280,328.75,0.17,-0.22,3.05,-2.9057365234938,39.44,0.040,0,0,0,0.222290799021721
191651.000,16,17.15,152.9,24°52.822986 N,46°39.507444 E,0,1,0,0,692.32,-0.50,2,66517.000,1,55.320,328.94,0.15,-0.14,3.05,-2.93809024134313,36.08,0.040,0,0,0,0.199619397521019
191651.040,16,17.04,152.7,24°52.822896 N,46°39.507498 E,0,1,0,0,692.32,-0.47,2,66551.000,1,55.360,329.13,0.05,-0.08,3.04,-2.74664006103645,35.86,0.040,0,0,0,0.158109903335571
191651.080,16,16.94,151.8,24°52.822812 N,46°39.507552 E,0,1,0,0,692.32,-0.47,2,66584.000,1,55.400,329.32,0.19,-0.07,3.04,-2.76236571833314,31.10,0.040,0,0,0,0.150947406888008
191651.120,16,16.75,150.6,24°52.822728 N,46°39.507606 E,0,1,0,0,692.32,-0.47,2,66617.000,1,55.440,329.51,0.24,-0.14,3.03,-2.79453036364722,24.32,0.040,0,0,0,0.183295294642448
191651.160,16,16.23,149.2,24°52.822650 N,46°39.507660 E,0,1,0,0,692.33,-0.47,2,66684.000,1,55.480,329.69,0.28,-0.37,3.03,-2.88372666214801,19.17,0.040,0,0,0,0.29493060708046
191651.200,16,15.96,148.0,24°52.822572 N,46°39.507720 E,0,1,0,0,692.33,-0.47,2,66717.000,1,55.520,329.87,0.25,-0.19,3.02,-2.93324976496396,16.00,0.040,0,0,0,0.285454988479614
191651.240,16,15.73,147.1,24°52.822494 N,46°39.507774 E,0,1,0,0,692.33,-0.47,2,66751.000,1,55.560,330.05,0.17,-0.16,3.01,-2.97615262321145,14.44,0.040,0,0,0,0.263416290283203
191651.280,16,15.39,146.6,24°52.822416 N,46°39.507828 E,0,1,0,0,692.32,-0.47,2,66784.000,1,55.600,330.22,0.10,-0.23,3.01,-3.04014551123814,13.94,0.040,0,0,0,0.269515603780746
191651.320,16,15.06,145.8,24°52.822344 N,46°39.507882 E,0,1,0,0,692.31,-0.47,2,66817.000,1,55.640,330.39,0.13,-0.24,3.00,-3.10860179342411,13.42,0.040,0,0,0,0.276686787605286
191651.360,16,14.78,144.7,24°52.822278 N,46°39.507942 E,0,0,0,0,692.32,-0.47,1,66884.000,1,55.680,330.56,0.20,-0.19,3.00,-3.16601271817075,12.42,0.040,0,0,0,0.268384993076324
191651.400,16,14.62,143.4,24°52.822212 N,46°39.508002 E,0,0,0,0,692.31,-0.47,1,66917.000,1,55.720,330.72,0.24,-0.12,2.99,-3.20197044334975,11.22,0.040,0,0,0,0.244047001004219
191651.440,16,14.40,142.2,24°52.822146 N,46°39.508068 E,0,0,0,0,692.30,-0.47,1,66951.000,1,55.760,330.88,0.22,-0.16,2.99,-3.25090302861906,10.29,0.040,0,0,0,0.24801179766655
191651.480,16,14.25,140.9,24°52.822080 N,46°39.508128 E,0,0,0,0,692.29,-0.47,1,66984.000,1,55.800,331.04,0.23,-0.10,2.98,-3.28374964917205,9.56,0.040,0,0,0,0.237057000398636
191651.520,16,14.28,139.7,24°52.822020 N,46°39.508194 E,0,1,0,0,692.30,-0.43,2,67017.000,1,55.840,331.20,0.21,0.02,2.98,-3.02499824942231,9.26,0.040,0,0,0,0.20721410214901
191651.560,16,14.07,138.6,24°52.821960 N,46°39.508254 E,0,1,0,0,692.30,-0.43,2,67084.000,1,55.880,331.36,0.19,-0.15,2.97,-3.07145396373978,8.94,0.040,0,0,0,0.223141804337502
191651.600,16,13.92,137.4,24°52.821900 N,46°39.508320 E,0,1,0,0,692.29,-0.43,2,67117.000,1,55.920,331.51,0.20,-0.10,2.97,-3.10389423767783,8.58,0.040,0,0,0,0.224180698394775
191651.640,16,13.69,135.9,24°52.821846 N,46°39.508386 E,0,1,0,0,692.29,-0.43,2,67151.000,1,55.960,331.66,0.26,-0.16,2.96,-3.15466627720169,7.79,0.040,0,0,0,0.248055204749107
191651.680,16,13.55,134.3,24°52.821792 N,46°39.508446 E,0,1,0,0,692.30,-0.40,2,67184.000,1,56.000,331.82,0.27,-0.10,2.96,-2.92315641839522,7.39,0.040,0,0,0,0.252100110054016
191651.720,16,13.37,133.2,24°52.821738 N,46°39.508512 E,0,1,0,0,692.30,-0.40,2,67217.000,1,56.040,331.97,0.18,-0.13,2.95,-2.96185489902767,7.32,0.040,0,0,0,0.247087001800537
191651.760,16,13.24,131.8,24°52.821690 N,46°39.508578 E,0,1,0,0,692.30,-0.40,2,67284.000,1,56.080,332.11,0.22,-0.09,2.95,-2.99003322259136,7.28,0.040,0,0,0,0.239685997366905
191651.800,16,13.25,130.8,24°52.821642 N,46°39.508650 E,0,1,0,0,692.29,-0.40,2,67317.000,1,56.120,332.26,0.17,0.00,2.95,-2.98913043478261,7.36,0.040,0,0,0,0.213409706950188
191651.840,16,13.23,129.6,24°52.821594 N,46°39.508716 E,0,1,0,0,692.29,-0.43,2,67351.000,1,56.160,332.41,0.19,-0.01,2.94,-3.26530612244898,7.23,0.040,0,0,0,0.206703796982765
191651.880,16,13.14,128.2,24°52.821546 N,46°39.508788 E,0,1,0,0,692.29,-0.40,2,67384.000,1,56.200,332.55,0.22,-0.06,2.94,-3.01369863013699,6.85,0.040,0,0,0,0.212932005524635
191651.920,16,13.04,126.4,24°52.821510 N,46°39.508854 E,0,1,0,0,692.30,-0.40,2,67417.000,1,56.240,332.70,0.29,-0.07,2.93,-3.03774163853943,6.41,0.040,0,0,0,0.23270420730114
191651.960,16,12.96,124.4,24°52.821468 N,46°39.508932 E,0,1,0,0,692.30,-0.40,2,67484.000,1,56.280,332.84,0.33,-0.05,2.93,-3.05461277383524,6.08,0.040,0,0,0,0.251511812210083
191652.000,16,12.96,123.3,24°52.821426 N,46°39.509004 E,0,1,0,0,692.30,-0.40,2,67517.000,1,56.320,332.99,0.18,0.00,2.92,-3.05461277383524,6.14,0.040,0,0,0,0.233679592609406
191652.040,16,13.00,122.1,24°52.821390 N,46°39.509076 E,0,1,0,0,692.30,-0.40,2,67551.000,1,56.360,333.13,0.19,0.03,2.92,-3.04615384615385,6.19,0.040,0,0,0,0.222653597593307
191652.080,16,13.00,120.9,24°52.821354 N,46°39.509148 E,0,1,0,0,692.31,-0.40,2,67584.000,1,56.400,333.28,0.19,0.00,2.91,-3.04615384615385,6.22,0.040,0,0,0,0.216047793626785
191652.120,16,12.85,119.4,24°52.821318 N,46°39.509226 E,0,1,0,0,692.31,-0.40,2,67617.000,1,56.440,333.42,0.25,-0.11,2.91,-3.08219178082192,6.03,0.040,0,0,0,0.229332998394966
191652.160,16,12.75,117.5,24°52.821288 N,46°39.509304 E,0,1,0,0,692.31,-0.40,2,67684.000,1,56.480,333.56,0.30,-0.07,2.90,-3.10563877342953,5.76,0.040,0,0,0,0.24533499777317
191652.200,16,12.55,116.1,24°52.821258 N,46°39.509376 E,0,1,0,0,692.29,-0.40,2,67717.000,1,56.520,333.70,0.21,-0.15,2.90,-3.15638450502152,5.61,0.040,0,0,0,0.2548888027668
191652.240,16,12.51,113.9,24°52.821234 N,46°39.509454 E,0,1,0,0,692.28,-0.43,2,67751.000,1,56.560,333.84,0.33,-0.02,2.90,-3.4521336103564,5.44,0.040,0,0,0,0.260537803173065
191652.280,16,12.71,112.2,24°52.821210 N,46°39.509538 E,0,1,0,0,692.27,-0.43,2,67784.000,1,56.600,333.98,0.28,0.14,2.89,-3.39836375078666,5.49,0.040,0,0,0,0.261292487382889
191652.320,16,12.89,110.5,24°52.821186 N,46°39.509622 E,0,1,0,0,692.27,-0.43,2,67817.000,1,56.640,334.12,0.27,0.12,2.89,-3.35195530726257,5.42,0.040,0,0,0,0.272776812314987
191652.360,16,13.11,108.8,24°52.821168 N,46°39.509706 E,0,1,0,0,692.27,-0.43,2,67884.000,1,56.680,334.27,0.27,0.16,2.88,-3.29494317748455,5.44,0.040,0,0,0,0.287910610437393
191652.400,16,12.84,107.5,24°52.821150 N,46°39.509778 E,0,1,0,0,692.28,-0.43,2,67917.000,1,56.720,334.41,0.21,-0.19,2.88,-3.36422397009579,5.27,0.040,0,0,0,0.253859013319016
191652.440,16,12.50,106.1,24°52.821132 N,46°39.509856 E,0,1,0,0,692.27,-0.43,2,67951.000,1,56.760,334.55,0.22,-0.24,2.87,-3.45627650212017,5.08,0.040,0,0,0,0.281221389770508
191652.480,16,12.33,104.5,24°52.821120 N,46°39.509940 E,0,1,0,0,692.26,-0.47,2,67984.000,1,56.800,334.69,0.24,-0.12,2.87,-3.79438949245987,4.96,0.040,0,0,0,0.275577694177628
191652.520,16,12.26,103.1,24°52.821102 N,46°39.510018 E,0,1,0,0,692.27,-0.47,2,68017.000,1,56.840,334.83,0.22,-0.05,2.86,-3.81791483113069,5.01,0.040,0,0,0,0.255345314741135
191652.560,16,12.28,101.6,24°52.821096 N,46°39.510096 E,0,1,0,0,692.27,-0.43,2,68084.000,1,56.880,334.97,0.23,0.02,2.86,-3.51705609378816,5.14,0.040,0,0,0,0.239883795380592
191652.600,16,12.29,99.9,24°52.821084 N,46°39.510174 E,0,1,0,0,692.28,-0.43,2,68117.000,1,56.920,335.10,0.25,0.00,2.85,-3.51591112557988,5.02,0.040,0,0,0,0.240559294819832
191652.640,16,12.45,98.2,24°52.821078 N,46°39.510264 E,0,1,0,0,692.27,-0.43,2,68151.000,1,56.960,335.24,0.26,0.11,2.85,-3.47127360385697,4.97,0.040,0,0,0,0.249042704701424
191652.680,16,12.30,97.0,24°52.821072 N,46°39.510342 E,0,1,0,0,692.27,-0.47,2,68184.000,1,57.000,335.38,0.19,-0.10,2.84,-3.80456873424925,4.90,0.040,0,0,0,0.234163001179695
191652.720,16,12.25,96.0,24°52.821072 N,46°39.510420 E,0,1,0,0,692.27,-0.43,2,68217.000,1,57.040,335.51,0.14,-0.03,2.84,-3.52537946792884,5.02,0.040,0,0,0,0.216417104005814
191652.760,16,12.16,94.8,24°52.821066 N,46°39.510498 E,0,1,0,0,692.29,-0.43,2,68284.000,1,57.080,335.65,0.18,-0.07,2.83,-3.55350826684215,5.13,0.040,0,0,0,0.213769793510437
191652.800,16,12.15,93.9,24°52.821066 N,46°39.510576 E,0,1,0,0,692.30,-0.40,2,68317.000,1,57.120,335.78,0.14,0.00,2.83,-3.25818660523284,5.22,0.040,0,0,0,0.196907103061676
191652.840,16,12.09,92.8,24°52.821066 N,46°39.510654 E,0,1,0,0,692.30,-0.40,2,68351.000,1,57.160,335.92,0.16,-0.05,2.82,-3.27678940835747,5.46,0.040,0,0,0,0.191725701093674
191652.880,16,12.19,91.4,24°52.821066 N,46°39.510738 E,0,1,0,0,692.29,-0.40,2,68384.000,1,57.200,336.05,0.21,0.07,2.82,-3.24963072378139,5.61,0.040,0,0,0,0.193413093686104
191652.920,16,12.10,89.4,24°52.821078 N,46°39.510822 E,0,1,0,0,692.29,-0.43,2,68417.000,1,57.240,336.19,0.30,-0.06,2.81,-3.5702479338843,5.48,0.040,0,0,0,0.215074107050896
191652.960,16,11.75,86.5,24°52.821090 N,46°39.510894 E,0,1,0,0,692.29,-0.40,2,68484.000,1,57.280,336.32,0.43,-0.25,2.81,-3.37021276595745,5.02,0.040,0,0,0,0.289499789476395
191653.000,16,11.64,83.8,24°52.821102 N,46°39.510966 E,0,1,0,0,692.30,-0.40,2,68517.000,1,57.320,336.45,0.38,-0.08,2.81,-3.40147740937983,4.69,0.040,0,0,0,0.30109179019928
191653.040,16,11.55,81.3,24°52.821120 N,46°39.511044 E,0,1,0,0,692.30,-0.40,2,68551.000,1,57.360,336.58,0.36,-0.07,2.80,-3.42886830028574,4.44,0.040,0,0,0,0.309452414512634
191653.080,16,11.73,79.5,24°52.821138 N,46°39.511122 E,0,1,0,0,692.29,-0.40,2,68584.000,1,57.400,336.71,0.26,0.13,2.80,-3.37624690936994,4.47,0.040,0,0,0,0.291472792625427
191653.120,16,11.83,78.5,24°52.821150 N,46°39.511194 E,0,1,0,0,692.29,-0.40,2,68617.000,1,57.440,336.84,0.14,0.07,2.79,-3.34742180896027,4.59,0.040,0,0,0,0.265025496482849
191653.160,16,12.13,77.2,24°52.821174 N,46°39.511272 E,0,1,0,0,692.29,-0.40,2,68684.000,1,57.480,336.97,0.19,0.21,2.79,-3.26409495548961,4.77,0.040,0,0,0,0.278125494718552
191653.200,16,12.03,75.9,24°52.821192 N,46°39.511350 E,0,1,0,0,692.29,-0.36,2,68717.000,1,57.520,337.11,0.20,-0.07,2.78,-2.99301629531094,4.79,0.040,0,0,0,0.23753759264946
191653.240,16,11.53,74.8,24°52.821210 N,46°39.511416 E,0,1,0,0,692.30,-0.36,2,68751.000,1,57.560,337.24,0.17,-0.35,2.78,-3.12120686665511,4.70,0.040,0,0,0,0.273770302534103
191653.280,16,11.24,73.2,24°52.821234 N,46°39.511488 E,0,1,0,0,692.28,-0.40,2,68784.000,1,57.600,337.36,0.21,-0.21,2.77,-3.52344514636533,4.52,0.040,0,0,0,0.287197291851044
191653.320,16,11.29,71.6,24°52.821258 N,46°39.511560 E,0,1,0,0,692.26,-0.40,2,68817.000,1,57.640,337.49,0.22,0.04,2.77,-3.50752878653676,4.42,0.040,0,0,0,0.23270009458065
191653.360,16,11.50,69.6,24°52.821288 N,46°39.511632 E,0,1,0,0,692.26,-0.40,2,68884.000,1,57.680,337.62,0.29,0.15,2.77,-3.44287949921753,4.35,0.040,0,0,0,0.237905204296112
191653.400,16,11.77,67.8,24°52.821318 N,46°39.511704 E,0,1,0,0,692.26,-0.36,2,68917.000,1,57.720,337.75,0.26,0.19,2.76,-3.05810397553517,4.31,0.040,0,0,0,0.265921801328659
191653.440,16,11.96,66.1,24°52.821354 N,46°39.511770 E,0,1,0,0,692.28,-0.32,2,68951.000,1,57.760,337.88,0.26,0.13,2.76,-2.70993643358983,4.27,0.040,0,0,0,0.272285103797913
191653.480,16,11.80,64.6,24°52.821384 N,46°39.511836 E,0,1,0,0,692.28,-0.32,2,68984.000,1,57.800,338.01,0.22,-0.11,2.75,-2.74553003982713,4.20,0.040,0,0,0,0.238422706723213
191653.520,16,11.56,63.9,24°52.821414 N,46°39.511902 E,0,1,0,0,692.27,-0.32,2,69017.000,1,57.840,338.14,0.09,-0.17,2.75,-2.80373831775701,4.33,0.040,0,0,0,0.22558319568634
191653.560,16,11.50,63.2,24°52.821450 N,46°39.511968 E,0,1,0,0,692.27,-0.32,2,69084.000,1,57.880,338.27,0.10,-0.04,2.75,-2.81861678990866,4.72,0.040,0,0,0,0.197613894939423
191653.600,16,11.52,62.1,24°52.821486 N,46°39.512034 E,0,1,0,0,692.27,-0.32,2,69117.000,1,57.920,338.39,0.16,0.02,2.74,-2.8115237764665,5.08,0.040,0,0,0,0.182438105344772
191653.640,16,11.62,60.4,24°52.821522 N,46°39.512094 E,0,1,0,0,692.28,-0.32,2,69151.000,1,57.960,338.52,0.24,0.07,2.74,-2.78733654507915,5.32,0.040,0,0,0,0.195127502083778
191653.680,16,11.67,58.5,24°52.821564 N,46°39.512160 E,0,1,0,0,692.29,-0.29,2,69184.000,1,58.000,338.65,0.28,0.03,2.74,-2.46828933836133,5.32,0.040,0,0,0,0.211792707443237
191653.720,16,11.75,56.7,24°52.821606 N,46°39.512220 E,0,1,0,0,692.30,-0.25,2,69217.000,1,58.040,338.78,0.26,0.06,2.73,-2.14468085106383,5.15,0.040,0,0,0,0.225127592682838
191653.760,16,11.85,54.8,24°52.821648 N,46°39.512286 E,0,1,0,0,692.30,-0.22,2,69284.000,1,58.080,338.91,0.28,0.07,2.73,-1.82309250506415,5.03,0.040,0,0,0,0.239891901612282
191653.800,16,11.64,53.2,24°52.821696 N,46°39.512346 E,0,1,0,0,692.29,-0.22,2,69317.000,1,58.120,339.04,0.23,-0.15,2.73,-1.85582953862016,4.89,0.040,0,0,0,0.236506804823875
191653.840,16,11.26,52.0,24°52.821738 N,46°39.512400 E,0,1,0,0,692.29,-0.22,2,69351.000,1,58.160,339.17,0.17,-0.27,2.72,-1.91761363636364,4.72,0.040,0,0,0,0.268737196922302
191653.880,16,11.14,50.9,24°52.821780 N,46°39.512454 E,0,1,0,0,692.28,-0.22,2,69384.000,1,58.200,339.30,0.15,-0.09,2.72,-1.9393068773568,4.76,0.040,0,0,0,0.238331496715546
191653.920,16,11.22,49.8,24°52.821828 N,46°39.512514 E,0,1,0,0,692.28,-0.18,2,69417.000,1,58.240,339.42,0.15,0.06,2.72,-1.60456409342129,4.90,0.040,0,0,0,0.197255402803421
191653.960,16,11.12,48.8,24°52.821870 N,46°39.512568 E,0,1,0,0,692.28,-0.18,2,69484.000,1,58.280,339.54,0.14,-0.07,2.72,-1.61812297734628,5.11,0.040,0,0,0,0.189321205019951
191654.000,16,11.06,47.3,24°52.821918 N,46°39.512616 E,0,1,0,0,692.28,-0.14,2,69517.000,1,58.320,339.67,0.20,-0.05,2.71,-1.30246020260492,5.16,0.040,0,0,0,0.193242102861404
191654.040,16,10.96,45.4,24°52.821966 N,46°39.512670 E,0,1,0,0,692.28,-0.14,2,69551.000,1,58.360,339.79,0.26,-0.07,2.71,-1.3136288998358,5.07,0.040,0,0,0,0.209835797548294
191654.080,16,10.87,43.5,24°52.822020 N,46°39.512712 E,0,1,0,0,692.28,-0.11,2,69584.000,1,58.400,339.91,0.26,-0.07,2.71,-0.993743099006257,4.92,0.040,0,0,0,0.221406206488609
191654.120,16,10.85,41.9,24°52.822068 N,46°39.512760 E,0,1,0,0,692.27,-0.11,2,69617.000,1,58.440,340.03,0.21,-0.01,2.71,-0.995391705069124,4.71,0.040,0,0,0,0.216120898723602
191654.160,16,10.96,40.8,24°52.822122 N,46°39.512808 E,0,1,0,0,692.26,-0.11,2,69684.000,1,58.480,340.15,0.14,0.07,2.71,-0.985851209493382,4.67,0.040,0,0,0,0.199770495295525
191654.200,16,11.08,40.0,24°52.822170 N,46°39.512856 E,0,1,0,0,692.26,-0.11,2,69717.000,1,58.520,340.28,0.12,0.09,2.71,-0.974993229213686,4.77,0.040,0,0,0,0.190709203481674
191654.240,16,10.98,38.8,24°52.822224 N,46°39.512904 E,0,1,0,0,692.25,-0.07,2,69751.000,1,58.560,340.40,0.16,-0.07,2.70,-0.65597667638484,4.84,0.040,0,0,0,0.179284706711769
191654.280,16,10.83,37.6,24°52.822278 N,46°39.512946 E,0,1,0,0,692.25,-0.07,2,69784.000,1,58.600,340.52,0.16,-0.10,2.70,-0.664697193500738,4.94,0.040,0,0,0,0.183801203966141
191654.320,16,10.66,36.3,24°52.822332 N,46°39.512982 E,0,1,0,0,692.25,-0.07,2,69817.000,1,58.640,340.64,0.17,-0.12,2.70,-0.675675675675676,4.98,0.040,0,0,0,0.196452900767326
191654.360,16,10.44,33.8,24°52.822386 N,46°39.513018 E,0,1,0,0,692.24,-0.07,2,69884.000,1,58.680,340.76,0.31,-0.15,2.70,-0.689655172413793,4.77,0.040,0,0,0,0.235674902796745
191654.400,16,10.31,32.0,24°52.822440 N,46°39.513054 E,0,1,0,0,692.23,-0.07,2,69917.000,1,58.720,340.87,0.23,-0.09,2.70,-0.698554380518094,4.65,0.040,0,0,0,0.234421700239182
191654.440,16,10.35,30.5,24°52.822494 N,46°39.513084 E,0,1,0,0,692.24,-0.04,2,69951.000,1,58.760,340.99,0.19,0.03,2.70,-0.347826086956522,4.61,0.040,0,0,0,0.207787603139877
191654.480,16,10.48,29.4,24°52.822554 N,46°39.513120 E,0,1,0,0,692.24,-0.04,2,69984.000,1,58.800,341.10,0.14,0.09,2.70,-0.343413145092054,4.66,0.040,0,0,0,0.194113105535507
191654.520,16,10.61,28.5,24°52.822608 N,46°39.513150 E,0,1,0,0,692.24,-0.04,2,70017.000,1,58.840,341.22,0.12,0.09,2.70,-0.339334527288152,4.77,0.040,0,0,0,0.186465203762054
191654.560,16,10.60,27.4,24°52.822668 N,46°39.513174 E,0,1,0,0,692.26,0.00,2,70084.000,1,58.880,341.34,0.16,-0.01,2.70,0,4.72,0.040,0,0,0,0.17471419274807
191654.600,16,10.52,26.0,24°52.822728 N,46°39.513198 E,0,1,0,0,692.26,0.00,2,70117.000,1,58.920,341.45,0.18,-0.05,2.70,0,4.71,0.040,0,0,0,0.173991799354553
191654.640,16,10.44,24.8,24°52.822782 N,46°39.513228 E,0,1,0,0,692.26,0.00,2,70151.000,1,58.960,341.57,0.15,-0.06,2.70,0,4.85,0.040,0,0,0,0.172356605529785
191654.680,16,10.44,23.4,24°52.822842 N,46°39.513252 E,0,1,0,0,692.25,0.00,2,70184.000,1,59.000,341.69,0.19,0.00,2.70,0,4.95,0.040,0,0,0,0.174038797616959
191654.720,16,10.17,21.9,24°52.822902 N,46°39.513270 E,0,1,0,0,692.25,-0.04,2,70217.000,1,59.040,341.80,0.18,-0.19,2.70,-0.353982300884956,4.86,0.040,0,0,0,0.204189300537109
191654.760,16,9.95,20.9,24°52.822956 N,46°39.513288 E,0,1,0,0,692.26,-0.04,2,70284.000,1,59.080,341.91,0.13,-0.16,2.70,-0.361809045226131,4.76,0.040,0,0,0,0.210603103041649
191654.800,16,9.75,19.8,24°52.823010 N,46°39.513306 E,0,1,0,0,692.28,0.00,2,70317.000,1,59.120,342.02,0.13,-0.14,2.70,0,4.61,0.040,0,0,0,0.209831804037094
191654.840,16,9.94,18.5,24°52.823070 N,46°39.513324 E,0,1,0,0,692.29,0.04,2,70351.000,1,59.160,342.13,0.16,0.14,2.70,0.362063763451675,4.68,0.040,0,0,0,0.159163400530815
191654.880,16,10.09,17.0,24°52.823130 N,46°39.513336 E,0,1,0,0,692.31,0.04,2,70384.000,1,59.200,342.24,0.18,0.10,2.70,0.356895013383563,4.68,0.040,0,0,0,0.17185840010643
191654.920,16,10.16,15.4,24°52.823190 N,46°39.513348 E,0,1,0,0,692.33,0.07,2,70417.000,1,59.240,342.36,0.20,0.05,2.70,0.708731174328182,4.66,0.040,0,0,0,0.178043499588966
191654.960,16,10.15,13.8,24°52.823250 N,46°39.513360 E,0,1,0,0,692.34,0.07,2,70484.000,1,59.280,342.47,0.20,0.00,2.70,0.709219858156028,4.83,0.040,0,0,0,0.178861007094383
191655.000,16,10.27,13.1,24°52.823310 N,46°39.513372 E,0,1,0,0,692.34,0.07,2,70517.000,1,59.320,342.58,0.08,0.09,2.70,0.700798131204983,5.20,0.040,0,0,0,0.167823106050491
191655.040,16,10.44,12.7,24°52.823376 N,46°39.513390 E,0,1,0,0,692.35,0.07,2,70551.000,1,59.360,342.70,0.06,0.12,2.70,0.689655172413793,5.59,0.040,0,0,0,0.162572994828224
191655.080,16,10.42,11.8,24°52.823436 N,46°39.513396 E,0,1,0,0,692.35,0.07,2,70584.000,1,59.400,342.81,0.12,-0.02,2.70,0.691310609697552,5.63,0.040,0,0,0,0.13894359767437
191655.120,16,10.49,11.2,24°52.823496 N,46°39.513408 E,0,1,0,0,692.36,0.07,2,70617.000,1,59.440,342.93,0.07,0.06,2.70,0.686106346483705,5.79,0.040,0,0,0,0.129917100071907
191655.160,16,10.42,11.1,24°52.823562 N,46°39.513420 E,0,1,0,0,692.37,0.07,2,70684.000,1,59.480,343.04,0.01,-0.05,2.70,0.690846286701209,6.13,0.040,0,0,0,0.100384801626205
191655.200,16,10.36,10.8,24°52.823622 N,46°39.513432 E,0,1,0,0,692.38,0.11,2,70717.000,1,59.520,343.16,0.04,-0.05,2.70,1.04277300376557,6.50,0.040,0,0,0,0.0917605087161064
191655.240,16,10.42,9.7,24°52.823682 N,46°39.513438 E,0,1,0,0,692.39,0.11,2,70751.000,1,59.560,343.28,0.14,0.05,2.70,1.03626943005181,6.59,0.040,0,0,0,0.0986111983656883
191655.280,16,10.48,7.5,24°52.823748 N,46°39.513438 E,0,1,0,0,692.39,0.11,2,70784.000,1,59.600,343.39,0.29,0.04,2.70,1.03092783505155,6.31,0.040,0,0,0,0.138192996382713
191655.320,16,10.39,5.4,24°52.823808 N,46°39.513438 E,0,1,0,0,692.39,0.11,2,70817.000,1,59.640,343.51,0.28,-0.06,2.70,1.03986135181976,6.00,0.040,0,0,0,0.164984703063965
191655.360,16,10.26,3.0,24°52.823874 N,46°39.513438 E,0,1,0,0,692.40,0.11,2,70884.000,1,59.680,343.62,0.31,-0.09,2.71,1.05304212168487,5.47,0.040,0,0,0,0.200022101402283
191655.400,16,10.11,0.6,24°52.823934 N,46°39.513426 E,0,1,0,0,692.43,0.14,2,70917.000,1,59.720,343.74,0.29,-0.10,2.71,1.42405063291139,5.05,0.040,0,0,0,0.226122602820396
191655.440,16,10.04,358.2,24°52.823994 N,46°39.513420 E,0,1,0,0,692.43,0.14,2,70951.000,1,59.760,343.85,0.30,-0.05,2.71,1.43426294820717,4.73,0.040,0,0,0,0.238874301314354
191655.480,16,9.78,355.9,24°52.824048 N,46°39.513408 E,0,1,0,0,692.46,0.18,2,70984.000,1,59.800,343.96,0.28,-0.18,2.71,1.8403026275432,4.42,0.040,0,0,0,0.27074471116066
191655.520,16,9.66,354.0,24°52.824108 N,46°39.513396 E,0,1,0,0,692.47,0.18,2,71017.000,1,59.840,344.07,0.22,-0.09,2.71,1.86354695103013,4.30,0.040,0,0,0,0.25908949971199
191655.560,16,9.81,352.1,24°52.824168 N,46°39.513384 E,0,1,0,0,692.47,0.18,2,71084.000,1,59.880,344.17,0.24,0.11,2.71,1.83411453026289,4.31,0.040,0,0,0,0.236591994762421
191655.600,16,9.89,350.3,24°52.824228 N,46°39.513366 E,0,1,0,0,692.48,0.18,2,71117.000,1,59.920,344.28,0.21,0.05,2.72,1.82020426736778,4.14,0.040,0,0,0,0.23314580321312
191655.640,16,9.82,349.1,24°52.824282 N,46°39.513348 E,0,1,0,0,692.48,0.18,2,71151.000,1,59.960,344.39,0.15,-0.05,2.72,1.83355403891209,3.97,0.040,0,0,0,0.215757206082344
191655.680,16,9.70,348.4,24°52.824342 N,46°39.513336 E,0,1,0,0,692.48,0.18,2,71184.000,1,60.000,344.50,0.08,-0.08,2.72,1.8560527943906,3.97,0.040,0,0,0,0.194023102521896
191655.720,16,9.76,347.7,24°52.824396 N,46°39.513318 E,0,1,0,0,692.50,0.22,2,71217.000,1,60.040,344.61,0.08,0.04,2.72,2.21311475409836,3.97,0.040,0,0,0,0.167315304279327
191655.760,16,9.88,347.3,24°52.824456 N,46°39.513300 E,0,1,0,0,692.51,0.22,2,71284.000,1,60.080,344.72,0.05,0.08,2.72,2.1873417721519,3.97,0.040,0,0,0,0.148646205663681
191655.800,16,9.81,347.0,24°52.824510 N,46°39.513288 E,0,1,0,0,692.52,0.25,2,71317.000,1,60.120,344.83,0.04,-0.05,2.73,2.56985519069957,3.93,0.040,0,0,0,0.123622201383114
191655.840,16,9.65,346.4,24°52.824570 N,46°39.513270 E,0,1,0,0,692.53,0.25,2,71351.000,1,60.160,344.94,0.06,-0.11,2.73,2.61085785329465,3.96,0.040,0,0,0,0.125198498368263
191655.880,16,9.56,344.9,24°52.824624 N,46°39.513246 E,0,1,0,0,692.53,0.22,2,71384.000,1,60.200,345.04,0.18,-0.07,2.73,2.25988700564972,4.04,0.040,0,0,0,0.140137493610382
191655.920,16,9.58,343.1,24°52.824678 N,46°39.513222 E,0,1,0,0,692.53,0.22,2,71417.000,1,60.240,345.15,0.21,0.02,2.73,2.25399144318063,4.12,0.040,0,0,0,0.143848702311516
191655.960,16,9.63,341.8,24°52.824732 N,46°39.513198 E,0,1,0,0,692.55,0.25,2,71484.000,1,60.280,345.26,0.17,0.03,2.74,2.61790982755038,4.33,0.040,0,0,0,0.146816298365593
191656.000,16,9.45,340.0,24°52.824786 N,46°39.513174 E,0,1,0,0,692.56,0.25,2,71517.000,1,60.320,345.36,0.20,-0.12,2.74,2.66666666666667,4.38,0.040,0,0,0,0.168886303901672
191656.040,16,9.33,337.9,24°52.824834 N,46°39.513144 E,0,1,0,0,692.57,0.29,2,71551.000,1,60.360,345.47,0.24,-0.09,2.74,3.08747855917667,4.39,0.040,0,0,0,0.189913600683212
191656.080,16,9.25,336.8,24°52.824882 N,46°39.513120 E,0,1,0,0,692.56,0.29,2,71584.000,1,60.400,345.57,0.13,-0.06,2.74,3.11519740400216,4.63,0.040,0,0,0,0.178698599338531
191656.120,16,9.33,335.5,24°52.824936 N,46°39.513090 E,0,1,0,0,692.56,0.25,2,71617.000,1,60.440,345.67,0.15,0.06,2.75,2.70154373927959,4.80,0.040,0,0,0,0.163000404834747
191656.160,16,9.64,334.2,24°52.824990 N,46°39.513060 E,0,1,0,0,692.57,0.25,2,71684.000,1,60.480,345.78,0.15,0.22,2.75,2.6138367389275,5.15,0.040,0,0,0,0.194336399435997
191656.200,16,9.62,333.1,24°52.825038 N,46°39.513030 E,0,1,0,0,692.59,0.29,2,71717.000,1,60.520,345.88,0.13,-0.02,2.75,2.99407422809024,5.34,0.040,0,0,0,0.161016598343849
191656.240,16,9.57,331.8,24°52.825086 N,46°39.512994 E,0,1,0,0,692.60,0.29,2,71751.000,1,60.560,345.99,0.16,-0.03,2.76,3.00877559548684,5.29,0.040,0,0,0,0.154486998915672
191656.280,16,9.50,330.9,24°52.825140 N,46°39.512958 E,0,1,0,0,692.62,0.32,2,71784.000,1,60.600,346.10,0.11,-0.05,2.76,3.41052631578947,5.16,0.040,0,0,0,0.147231906652451
191656.320,16,9.60,331.5,24°52.825188 N,46°39.512934 E,0,1,0,0,692.63,0.32,2,71817.000,1,60.640,346.20,-0.08,0.07,2.76,3.37464847411728,5.65,0.040,0,0,0,0.104353003203869
191656.360,16,9.77,331.9,24°52.825242 N,46°39.512898 E,0,1,0,0,692.64,0.32,2,71884.000,1,60.680,346.31,-0.05,0.12,2.77,3.31491712707182,6.04,0.040,0,0,0,0.102573998272419
191656.400,16,9.71,332.1,24°52.825296 N,46°39.512868 E,0,1,0,0,692.65,0.32,2,71917.000,1,60.720,346.42,-0.03,-0.05,2.77,3.33710989803275,6.24,0.040,0,0,0,0.0536729209125042
191656.440,16,9.72,332.9,24°52.825350 N,46°39.512844 E,0,1,0,0,692.67,0.32,2,71951.000,1,60.760,346.53,-0.09,0.01,2.77,3.33196215549157,6.85,0.040,0,0,0,0.0260001495480537
191656.480,16,9.82,333.1,24°52.825404 N,46°39.512808 E,0,1,0,0,692.67,0.32,2,71984.000,1,60.800,346.64,-0.03,0.07,2.78,3.29804560260586,7.95,0.040,0,0,0,0.0437780395150185
191656.520,16,9.95,332.5,24°52.825458 N,46°39.512778 E,0,1,0,0,692.67,0.29,2,72017.000,1,60.840,346.75,0.07,0.09,2.78,2.89447236180905,8.97,0.040,0,0,0,0.0697332620620728
191656.560,16,9.94,331.5,24°52.825506 N,46°39.512742 E,0,1,0,0,692.68,0.29,2,72084.000,1,60.880,346.86,0.13,0.00,2.78,2.8965101076134,9.22,0.040,0,0,0,0.0550797693431377
191656.600,16,9.88,330.2,24°52.825560 N,46°39.512706 E,0,1,0,0,692.68,0.29,2,72117.000,1,60.920,346.97,0.15,-0.05,2.79,2.91556995343187,9.60,0.040,0,0,0,0.0680461004376411
191656.640,16,9.79,329.3,24°52.825608 N,46°39.512670 E,0,1,0,0,692.69,0.29,2,72151.000,1,60.960,347.08,0.11,-0.07,2.79,2.94328053142565,10.88,0.040,0,0,0,0.0840074867010117
191656.680,16,9.68,328.5,24°52.825656 N,46°39.512634 E,0,1,0,0,692.70,0.29,2,72184.000,1,61.000,347.18,0.09,-0.08,2.79,2.97612896558851,11.23,0.040,0,0,0,0.0971821397542953
191656.720,16,9.69,327.7,24°52.825704 N,46°39.512598 E,0,1,0,0,692.71,0.29,2,72217.000,1,61.040,347.29,0.10,0.01,2.80,2.97182953255598,11.98,0.040,0,0,0,0.0856030732393265
191656.760,16,9.81,327.0,24°52.825752 N,46°39.512562 E,0,1,0,0,692.71,0.29,2,72284.000,1,61.080,347.40,0.09,0.08,2.80,2.93697736079951,13.03,0.040,0,0,0,0.0887490063905716
191656.800,16,9.96,326.7,24°52.825806 N,46°39.512526 E,0,1,0,0,692.71,0.29,2,72317.000,1,61.120,347.51,0.04,0.11,2.80,2.89214701747339,14.77,0.040,0,0,0,0.101238898932934
191656.840,16,9.89,326.7,24°52.825854 N,46°39.512490 E,0,1,0,0,692.70,0.25,2,72351.000,1,61.160,347.62,0.00,-0.05,2.81,2.54905927574348,18.34,0.040,0,0,0,0.0610860995948315
191656.880,16,9.80,326.3,24°52.825902 N,46°39.512454 E,0,1,0,0,692.70,0.29,2,72384.000,1,61.200,347.73,0.04,-0.06,2.81,2.93907541585876,20.56,0.040,0,0,0,0.0625549182295799
191656.920,16,9.62,325.7,24°52.825950 N,46°39.512418 E,0,1,0,0,692.71,0.25,2,72417.000,1,61.240,347.84,0.07,-0.13,2.81,2.61981494957896,15.92,0.040,0,0,0,0.0970704928040504
191656.960,16,9.58,325.2,24°52.825998 N,46°39.512382 E,0,1,0,0,692.72,0.29,2,72484.000,1,61.280,347.94,0.07,-0.03,2.81,3.00751879699248,13.61,0.040,0,0,0,0.0809658914804459
191657.000,16,9.63,325.1,24°52.826046 N,46°39.512346 E,0,1,0,0,692.73,0.29,2,72517.000,1,61.320,348.05,0.01,0.04,2.82,2.99189694577187,13.08,0.040,0,0,0,0.0512501113116741
191657.040,16,9.58,325.5,24°52.826094 N,46°39.512310 E,0,1,0,0,692.72,0.25,2,72551.000,1,61.360,348.16,-0.05,-0.03,2.82,2.62965668371074,12.35,0.040,0,0,0,0.0369828194379807
191657.080,16,9.54,325.2,24°52.826136 N,46°39.512274 E,0,1,0,0,692.73,0.25,2,72584.000,1,61.400,348.26,0.03,-0.03,2.82,2.64040234702431,11.62,0.040,0,0,0,0.0385756492614746
191657.120,16,9.48,324.9,24°52.826184 N,46°39.512232 E,0,1,0,0,692.73,0.25,2,72617.000,1,61.440,348.37,0.04,-0.04,2.83,2.65766715882725,11.83,0.040,0,0,0,0.046830091625452
191657.160,16,9.50,324.7,24°52.826232 N,46°39.512196 E,0,1,0,0,692.73,0.25,2,72684.000,1,61.480,348.47,0.02,0.02,2.83,2.65151515151515,13.43,0.040,0,0,0,0.0318936593830585
191657.200,16,9.41,324.6,24°52.826274 N,46°39.512160 E,0,1,0,0,692.74,0.25,2,72717.000,1,61.520,348.58,0.01,-0.07,2.83,2.67800212539851,16.07,0.040,0,0,0,0.0461964085698128
191657.240,16,9.49,324.8,24°52.826322 N,46°39.512124 E,0,1,0,0,692.75,0.25,2,72751.000,1,61.560,348.68,-0.03,0.06,2.84,2.65542676501581,20.17,0.040,0,0,0,0.018593180924654
191657.280,16,9.61,325.2,24°52.826370 N,46°39.512088 E,0,1,0,0,692.76,0.25,2,72784.000,1,61.600,348.79,-0.05,0.09,2.84,2.62172284644195,27.57,0.040,0,0,0,0.0480742789804935
191657.320,16,9.65,324.8,24°52.826418 N,46°39.512046 E,0,1,0,0,692.77,0.25,2,72817.000,1,61.640,348.90,0.04,0.03,2.84,2.61085785329465,31.91,0.040,0,0,0,0.0397429391741753
191657.360,16,9.60,324.5,24°52.826466 N,46°39.512010 E,0,1,0,0,692.77,0.25,2,72884.000,1,61.680,349.00,0.04,-0.04,2.84,2.62472659098011,36.31,0.040,0,0,0,0.0183043200522661
191657.400,16,9.55,324.3,24°52.826508 N,46°39.511974 E,0,1,0,0,692.77,0.25,2,72917.000,1,61.720,349.11,0.02,-0.04,2.85,2.63846717621191,37.78,0.040,0,0,0,0.0260762795805931
191657.440,16,9.49,324.3,24°52.826556 N,46°39.511932 E,0,1,0,0,692.78,0.25,2,72951.000,1,61.760,349.22,-0.01,-0.05,2.85,2.65654648956357,38.89,0.040,0,0,0,0.0346160717308521
191657.480,16,9.54,324.3,24°52.826604 N,46°39.511896 E,0,1,0,0,692.79,0.25,2,72984.000,1,61.800,349.32,0.00,0.04,2.85,2.64261744966443,45.17,0.040,0,0,0,0.0122554199770093
191657.520,16,9.59,324.4,24°52.826652 N,46°39.511860 E,0,1,0,0,692.79,0.25,2,73017.000,1,61.840,349.43,-0.01,0.04,2.85,2.62773722627737,69.32,0.040,0,0,0,0.0213306304067373
191657.560,16,9.67,324.3,24°52.826700 N,46°39.511818 E,0,1,0,0,692.80,0.22,2,73084.000,1,61.880,349.54,0.01,0.06,2.86,2.23301974568386,109.83,0.040,0,0,0,0.0400800816714764
191657.600,16,9.67,323.9,24°52.826742 N,46°39.511782 E,0,1,0,0,692.80,0.22,2,73117.000,1,61.920,349.64,0.05,0.00,2.86,2.23371251292658,77.14,0.040,0,0,0,0.0247080102562904
191657.640,16,9.83,323.5,24°52.826790 N,46°39.511740 E,0,1,0,0,692.80,0.22,2,73151.000,1,61.960,349.75,0.04,0.11,2.86,2.1978021978022,48.83,0.040,0,0,0,0.0687157586216927
191657.680,16,10.05,323.7,24°52.826844 N,46°39.511698 E,0,1,0,0,692.81,0.22,2,73184.000,1,62.000,349.86,-0.02,0.16,2.87,2.14903989652771,61.37,0.040,0,0,0,0.112524501979351
191657.720,16,10.22,324.0,24°52.826892 N,46°39.511656 E,0,1,0,0,692.82,0.25,2,73217.000,1,62.040,349.97,-0.04,0.12,2.87,2.46647743956151,107.10,0.040,0,0,0,0.114527001976967
191657.760,16,10.34,324.1,24°52.826946 N,46°39.511614 E,0,1,0,0,692.83,0.22,2,73284.000,1,62.080,350.09,-0.01,0.09,2.87,2.08836894518031,156.28,0.040,0,0,0,0.101850099861622
191657.800,16,10.50,324.0,24°52.827000 N,46°39.511572 E,0,1,0,0,692.83,0.22,2,73317.000,1,62.120,350.20,0.00,0.11,2.87,2.05694695743263,175.00,0.040,0,0,0,0.10701809823513
191657.840,16,10.75,324.4,24°52.827054 N,46°39.511530 E,0,1,0,0,692.83,0.22,2,73351.000,1,62.160,350.32,-0.05,0.17,2.88,2.01005025125628,242.02,0.040,0,0,0,0.140446692705154
191657.880,16,11.13,324.7,24°52.827108 N,46°39.511488 E,0,1,0,0,692.84,0.22,2,73384.000,1,62.200,350.44,-0.04,0.27,2.88,1.94052645764082,210.90,0.040,0,0,0,0.207048892974854
191657.920,16,11.49,324.8,24°52.827168 N,46°39.511440 E,0,1,0,0,692.85,0.22,2,73417.000,1,62.240,350.57,-0.01,0.25,2.88,1.87973196414585,1000.00,0.040,0,0,0,0.23110219836235
191657.960,16,11.82,324.6,24°52.827228 N,46°39.511392 E,0,1,0,0,692.85,0.22,2,73484.000,1,62.280,350.70,0.02,0.23,2.88,1.82710201319574,710.01,0.040,0,0,0,0.232733502984047
191658.000,16,11.97,324.7,24°52.827288 N,46°39.511344 E,0,1,0,0,692.86,0.22,2,73517.000,1,62.320,350.83,-0.01,0.11,2.88,1.80390846834809,275.53,0.040,0,0,0,0.169999495148659
191658.040,16,12.36,325.1,24°52.827354 N,46°39.511296 E,0,1,0,0,692.86,0.22,2,73551.000,1,62.360,350.97,-0.07,0.27,2.89,1.74828004856333,148.22,0.040,0,0,0,0.220881596207619
191658.080,16,12.78,325.2,24°52.827420 N,46°39.511242 E,0,1,0,0,692.87,0.22,2,73584.000,1,62.400,351.11,-0.02,0.30,2.89,1.69014084507042,127.52,0.040,0,0,0,0.261156409978867
191658.120,16,13.09,325.5,24°52.827486 N,46°39.511194 E,0,1,0,0,692.87,0.22,2,73617.000,1,62.440,351.25,-0.03,0.22,2.89,1.65061898211829,118.79,0.040,0,0,0,0.239601001143456
191658.160,16,13.50,325.4,24°52.827552 N,46°39.511140 E,0,1,0,0,692.88,0.22,2,73684.000,1,62.480,351.40,0.02,0.29,2.89,1.6004742145821,125.49,0.040,0,0,0,0.264986991882324
191658.200,16,13.92,325.1,24°52.827624 N,46°39.511080 E,0,1,0,0,692.88,0.22,2,73717.000,1,62.520,351.55,0.04,0.30,2.90,1.55161267150348,108.79,0.040,0,0,0,0.282719701528549
191658.240,16,14.16,325.1,24°52.827696 N,46°39.511026 E,0,1,0,0,692.89,0.22,2,73751.000,1,62.560,351.71,0.01,0.17,2.90,1.52520830391188,88.39,0.040,0,0,0,0.226757004857063
191658.280,16,14.50,325.4,24°52.827768 N,46°39.510972 E,0,1,0,0,692.90,0.22,2,73784.000,1,62.600,351.87,-0.06,0.24,2.90,1.48955244465899,79.95,0.040,0,0,0,0.233565896749496
191658.320,16,14.89,325.4,24°52.827846 N,46°39.510912 E,0,1,0,0,692.91,0.25,2,73817.000,1,62.640,352.03,0.01,0.27,2.90,1.69286577992745,102.41,0.040,0,0,0,0.253135710954666
191658.360,16,15.20,325.0,24°52.827924 N,46°39.510846 E,0,1,0,0,692.91,0.25,2,73884.000,1,62.680,352.20,0.07,0.22,2.91,1.65833113977362,156.71,0.040,0,0,0,0.236215502023697
191658.400,16,15.70,324.9,24°52.828002 N,46°39.510786 E,0,1,0,0,692.92,0.25,2,73917.000,1,62.720,352.37,0.02,0.36,2.91,1.60509554140127,173.72,0.040,0,0,0,0.296658307313919
191658.440,16,16.11,325.0,24°52.828086 N,46°39.510720 E,0,1,0,0,692.93,0.25,2,73951.000,1,62.760,352.54,-0.02,0.29,2.91,1.56424581005587,267.55,0.040,0,0,0,0.293594986200333
191658.480,16,16.55,324.9,24°52.828170 N,46°39.510660 E,0,1,0,0,692.92,0.25,2,73984.000,1,62.800,352.73,0.01,0.31,2.91,1.52238264967075,735.21,0.040,0,0,0,0.303615212440491
191658.520,16,16.84,325.1,24°52.828254 N,46°39.510594 E,0,1,0,0,692.92,0.25,2,74017.000,1,62.840,352.91,-0.04,0.21,2.92,1.49608169080978,456.96,0.040,0,0,0,0.255045890808105
191658.560,16,17.01,325.3,24°52.828338 N,46°39.510534 E,0,1,0,0,692.92,0.25,2,74084.000,1,62.880,353.10,-0.04,0.11,2.92,1.48182994237328,251.78,0.040,0,0,0,0.185123592615128
191658.600,16,17.42,325.5,24°52.828428 N,46°39.510468 E,0,1,0,0,692.91,0.25,2,74117.000,1,62.920,353.29,-0.05,0.30,2.92,1.44628099173554,204.41,0.040,0,0,0,0.240899994969368
191658.640,16,17.85,325.5,24°52.828518 N,46°39.510402 E,0,1,0,0,692.91,0.25,2,74151.000,1,62.960,353.49,-0.01,0.30,2.93,1.41216026898291,431.41,0.040,0,0,0,0.269681304693222
191658.680,16,18.19,325.7,24°52.828608 N,46°39.510336 E,0,1,0,0,692.90,0.25,2,74184.000,1,63.000,353.69,-0.04,0.25,2.93,1.38530042328624,389.49,0.040,0,0,0,0.257770895957947
191658.720,16,18.63,325.8,24°52.828704 N,46°39.510264 E,0,1,0,0,692.90,0.25,2,74217.000,1,63.040,353.89,-0.02,0.31,2.93,1.35265700483092,554.22,0.040,0,0,0,0.284689694643021
191658.760,16,18.97,325.7,24°52.828800 N,46°39.510192 E,0,1,0,0,692.90,0.25,2,74284.000,1,63.080,354.10,0.03,0.24,2.93,1.32855335301561,607.82,0.040,0,0,0,0.262011706829071
191658.800,16,19.41,325.8,24°52.828902 N,46°39.510120 E,0,1,0,0,692.90,0.25,2,74317.000,1,63.120,354.31,-0.03,0.31,2.94,1.29823296069239,272.19,0.040,0,0,0,0.288058996200562
191658.840,16,19.79,326.0,24°52.829004 N,46°39.510048 E,0,1,0,0,692.90,0.25,2,74350.000,1,63.160,354.53,-0.05,0.27,2.94,1.27317738594453,204.11,0.040,0,0,0,0.279832988977432
191658.880,16,20.05,325.7,24°52.829100 N,46°39.509970 E,0,1,0,0,692.89,0.25,2,74384.000,1,63.200,354.75,0.07,0.18,2.94,1.25717136443003,655.53,0.040,0,0,0,0.228723302483559
191658.920,16,20.19,325.8,24°52.829202 N,46°39.509898 E,0,1,0,0,692.89,0.29,2,74417.000,1,63.240,354.98,-0.01,0.10,2.95,1.42630744849445,495.68,0.040,0,0,0,0.166680797934532
191658.960,16,20.46,326.0,24°52.829310 N,46°39.509826 E,0,1,0,0,692.90,0.29,2,74484.000,1,63.280,355.20,-0.07,0.19,2.95,1.4074870491643,186.09,0.040,0,0,0,0.179840996861458
191659.000,16,20.93,326.4,24°52.829418 N,46°39.509748 E,0,1,0,0,692.89,0.29,2,74517.000,1,63.320,355.43,-0.10,0.33,2.95,1.37621254838247,131.13,0.040,0,0,0,0.256150901317596
191659.040,16,21.40,326.4,24°52.829526 N,46°39.509670 E,0,1,0,0,692.89,0.29,2,74550.000,1,63.360,355.67,0.01,0.34,2.95,1.34566862910008,146.29,0.040,0,0,0,0.296233385801315
191659.080,16,21.68,326.3,24°52.829634 N,46°39.509592 E,0,1,0,0,692.89,0.29,2,74584.000,1,63.400,355.91,0.03,0.20,2.96,1.32822948853941,154.64,0.040,0,0,0,0.247408002614975
191659.120,16,21.89,326.3,24°52.829748 N,46°39.509508 E,0,1,0,0,692.88,0.25,2,74617.000,1,63.440,356.15,-0.02,0.15,2.96,1.15110542663987,172.06,0.040,0,0,0,0.197951197624207
191659.160,16,22.19,326.3,24°52.829862 N,46°39.509430 E,0,1,0,0,692.88,0.25,2,74684.000,1,63.480,356.39,0.02,0.21,2.96,1.13544201135442,216.70,0.040,0,0,0,0.205937504768372
191659.200,16,22.31,326.3,24°52.829970 N,46°39.509346 E,0,1,0,0,692.88,0.29,2,74717.000,1,63.520,356.64,-0.01,0.08,2.97,1.29072737865818,263.70,0.040,0,0,0,0.145224705338478
191659.240,16,22.54,326.3,24°52.830084 N,46°39.509262 E,0,1,0,0,692.87,0.25,2,74750.000,1,63.560,356.89,0.00,0.16,2.97,1.11786363837998,270.78,0.040,0,0,0,0.154246598482132
191659.280,16,22.89,326.1,24°52.830204 N,46°39.509178 E,0,1,0,0,692.87,0.25,2,74784.000,1,63.600,357.14,0.05,0.25,2.97,1.10082124759741,494.58,0.040,0,0,0,0.200701996684074
191659.320,16,23.32,326.0,24°52.830318 N,46°39.509094 E,0,1,0,0,692.87,0.29,2,74817.000,1,63.640,357.40,0.04,0.31,2.98,1.23477962613617,1000.00,0.040,0,0,0,0.253563106060028
191659.360,16,23.65,326.0,24°52.830438 N,46°39.509004 E,0,1,0,0,692.88,0.29,2,74884.000,1,63.680,357.66,0.00,0.23,2.98,1.21801649397336,694.75,0.040,0,0,0,0.240286096930504
191659.400,16,23.95,326.3,24°52.830564 N,46°39.508920 E,0,1,0,0,692.87,0.29,2,74917.000,1,63.720,357.92,-0.08,0.22,2.98,1.20245501231681,489.75,0.040,0,0,0,0.228558406233788
191659.440,16,24.21,326.6,24°52.830684 N,46°39.508830 E,0,1,0,0,692.87,0.29,2,74950.000,1,63.760,358.19,-0.09,0.19,2.99,1.18939456512761,408.53,0.040,0,0,0,0.208832904696465
191659.480,16,24.39,327.0,24°52.830810 N,46°39.508746 E,0,1,0,0,692.86,0.29,2,74984.000,1,63.800,358.46,-0.12,0.13,2.99,1.18061818479954,185.61,0.040,0,0,0,0.173085197806358
191659.520,16,24.58,327.3,24°52.830936 N,46°39.508662 E,0,1,0,0,692.87,0.29,2,75017.000,1,63.840,358.73,-0.11,0.13,2.99,1.17149365440937,150.68,0.040,0,0,0,0.161514803767204
191659.560,16,24.83,327.5,24°52.831068 N,46°39.508572 E,0,1,0,0,692.85,0.29,2,75084.000,1,63.880,359.01,-0.05,0.17,2.99,1.15993394820573,163.63,0.040,0,0,0,0.171792298555374
191659.600,16,25.12,327.5,24°52.831194 N,46°39.508482 E,0,1,0,0,692.85,0.29,2,75117.000,1,63.920,359.29,0.00,0.20,3.00,1.14663375403113,220.86,0.040,0,0,0,0.188744097948074
191659.640,16,25.41,327.3,24°52.831326 N,46°39.508392 E,0,1,0,0,692.86,0.29,2,75150.000,1,63.960,359.57,0.06,0.20,3.00,1.13363511119858,253.77,0.040,0,0,0,0.1952054053545
191659.680,16,25.73,327.0,24°52.831458 N,46°39.508296 E,0,1,0,0,692.86,0.29,2,75184.000,1,64.000,359.85,0.10,0.23,3.00,1.11935947763224,321.17,0.040,0,0,0,0.211486801505089
191659.720,16,26.05,326.9,24°52.831590 N,46°39.508206 E,0,1,0,0,692.85,0.29,2,75217.000,1,64.040,360.14,0.05,0.22,3.01,1.10573600552868,444.14,0.040,0,0,0,0.218076393008232
191659.760,16,26.23,326.9,24°52.831722 N,46°39.508110 E,0,1,0,0,692.85,0.29,2,75284.000,1,64.080,360.43,-0.01,0.13,3.01,1.09797941288601,374.41,0.040,0,0,0,0.174007996916771
191659.800,16,26.53,326.8,24°52.831854 N,46°39.508014 E,0,1,0,0,692.86,0.32,2,75317.000,1,64.120,360.72,0.02,0.21,3.01,1.22116689280868,460.66,0.040,0,0,0,0.19421349465847
191659.840,16,26.81,327.2,24°52.831992 N,46°39.507918 E,0,1,0,0,692.86,0.32,2,75350.000,1,64.160,361.02,-0.10,0.20,3.02,1.20836907470257,300.88,0.040,0,0,0,0.196970596909523
191659.880,16,27.15,327.5,24°52.832136 N,46°39.507822 E,0,1,0,0,692.87,0.32,2,75384.000,1,64.200,361.32,-0.11,0.24,3.02,1.19332621266252,193.63,0.040,0,0,0,0.220463499426842
191659.920,16,27.40,327.6,24°52.832274 N,46°39.507726 E,0,1,0,0,692.87,0.32,2,75417.000,1,64.240,361.62,-0.06,0.18,3.02,1.18248175182482,158.00,0.040,0,0,0,0.200448706746101
191659.960,16,27.61,327.7,24°52.832418 N,46°39.507624 E,0,1,0,0,692.88,0.32,2,75484.000,1,64.280,361.93,-0.02,0.15,3.03,1.1737004165912,152.37,0.040,0,0,0,0.174583405256271
191700.000,16,27.81,327.9,24°52.832562 N,46°39.507528 E,0,1,0,0,692.89,0.36,2,75517.000,1,64.320,362.23,-0.07,0.15,3.03,1.29449838187702,159.79,0.040,0,0,0,0.163717597723007
191700.040,16,27.99,328.2,24°52.832706 N,46°39.507432 E,0,1,0,0,692.89,0.32,2,75550.000,1,64.360,362.54,-0.11,0.13,3.04,1.15739086947203,161.72,0.040,0,0,0,0.154162302613258
191700.080,16,28.08,328.5,24°52.832850 N,46°39.507342 E,0,1,0,0,692.88,0.32,2,75584.000,1,64.400,362.86,-0.11,0.06,3.04,1.15384615384615,170.79,0.040,0,0,0,0.12158639729023
191700.120,16,28.38,328.6,24°52.833000 N,46°39.507240 E,0,1,0,0,692.88,0.32,2,75617.000,1,64.440,363.17,-0.03,0.21,3.04,1.1416892772825,208.94,0.040,0,0,0,0.167372703552246
191700.160,16,28.67,328.7,24°52.833150 N,46°39.507144 E,0,1,0,0,692.89,0.36,2,75684.000,1,64.480,363.49,-0.02,0.20,3.05,1.25579935117034,231.01,0.040,0,0,0,0.187543198466301
191700.200,16,28.73,328.7,24°52.833294 N,46°39.507048 E,0,1,0,0,692.90,0.36,2,75717.000,1,64.520,363.81,-0.02,0.05,3.05,1.25295837393847,224.53,0.040,0,0,0,0.121471501886845
191700.240,16,29.00,328.6,24°52.833444 N,46°39.506946 E,0,1,0,0,692.90,0.36,2,75750.000,1,64.560,364.13,0.03,0.19,3.05,1.24146492861577,211.87,0.040,0,0,0,0.153632193803787
191700.280,16,29.45,328.8,24°52.833600 N,46°39.506844 E,0,1,0,0,692.91,0.40,2,75784.000,1,64.600,364.45,-0.05,0.32,3.06,1.34456064104305,161.36,0.040,0,0,0,0.238326206803322
191700.320,16,29.59,329.0,24°52.833756 N,46°39.506742 E,0,1,0,0,692.91,0.40,2,75817.000,1,64.640,364.78,-0.10,0.10,3.06,1.338199513382,130.40,0.040,0,0,0,0.174049705266953
191700.360,16,29.79,329.1,24°52.833912 N,46°39.506646 E,0,1,0,0,692.91,0.40,2,75884.000,1,64.680,365.11,-0.02,0.14,3.07,1.32912666979929,130.99,0.040,0,0,0,0.160492897033691
191700.400,16,30.03,329.5,24°52.834068 N,46°39.506544 E,0,1,0,0,692.92,0.40,2,75917.000,1,64.720,365.44,-0.13,0.17,3.07,1.31863740801172,110.04,0.040,0,0,0,0.172330394387245
191700.440,16,30.18,329.7,24°52.834224 N,46°39.506448 E,0,1,0,0,692.92,0.40,2,75950.000,1,64.760,365.78,-0.09,0.10,3.07,1.31217071473541,114.22,0.040,0,0,0,0.148008599877357
191700.480,16,30.42,330.0,24°52.834386 N,46°39.506346 E,0,1,0,0,692.93,0.40,2,75984.000,1,64.800,366.11,-0.10,0.17,3.08,1.3016039968446,117.43,0.040,0,0,0,0.169185906648636
191700.520,16,30.56,330.1,24°52.834548 N,46°39.506250 E,0,1,0,0,692.95,0.43,2,76017.000,1,64.840,366.45,-0.08,0.09,3.08,1.41375134993618,116.30,0.040,0,0,0,0.143403694033623
191700.560,16,30.74,330.1,24°52.834704 N,46°39.506148 E,0,1,0,0,692.95,0.43,2,76084.000,1,64.880,366.79,0.00,0.13,3.09,1.40515222482436,120.57,0.040,0,0,0,0.140502497553825
191700.600,16,30.93,330.3,24°52.834872 N,46°39.506046 E,0,1,0,0,692.95,0.43,2,76117.000,1,64.920,367.13,-0.06,0.13,3.09,1.39679255043973,123.99,0.040,0,0,0,0.141570299863815
191700.640,16,31.28,330.4,24°52.835034 N,46°39.505944 E,0,1,0,0,692.97,0.47,2,76150.000,1,64.960,367.48,-0.04,0.25,3.10,1.49616368286445,137.21,0.040,0,0,0,0.197038799524307
191700.680,16,31.60,330.7,24°52.835202 N,46°39.505842 E,0,1,0,0,692.98,0.47,2,76184.000,1,65.000,367.83,-0.11,0.23,3.10,1.48096579222177,140.03,0.040,0,0,0,0.21827919781208
191700.720,16,31.64,330.8,24°52.835370 N,46°39.505740 E,0,1,0,0,693.00,0.50,2,76217.000,1,65.040,368.18,-0.03,0.03,3.11,1.59271899886234,140.29,0.040,0,0,0,0.132999792695045
191700.760,16,31.87,331.0,24°52.835538 N,46°39.505638 E,0,1,0,0,693.01,0.50,2,76284.000,1,65.080,368.53,-0.09,0.16,3.11,1.58122607768087,131.37,0.040,0,0,0,0.15548449754715
191700.800,16,32.08,331.3,24°52.835712 N,46°39.505536 E,0,1,0,0,693.02,0.50,2,76317.000,1,65.120,368.89,-0.14,0.15,3.12,1.57092541221208,117.20,0.040,0,0,0,0.16487780213356
191700.840,16,32.26,331.4,24°52.835880 N,46°39.505434 E,0,1,0,0,693.05,0.54,2,76350.000,1,65.160,369.25,-0.03,0.12,3.12,1.67410714285714,110.68,0.040,0,0,0,0.150546997785568
191700.880,16,32.57,331.7,24°52.836060 N,46°39.505332 E,0,1,0,0,693.07,0.54,2,76384.000,1,65.200,369.61,-0.12,0.22,3.13,1.65781475455132,105.58,0.040,0,0,0,0.195829600095749
191700.920,16,32.73,332.0,24°52.836234 N,46°39.505230 E,0,1,0,0,693.09,0.58,2,76417.000,1,65.240,369.97,-0.13,0.11,3.13,1.75979957838135,104.71,0.040,0,0,0,0.170737206935883
191700.960,16,32.83,332.1,24°52.836408 N,46°39.505128 E,0,1,0,0,693.11,0.61,2,76484.000,1,65.280,370.33,-0.04,0.07,3.14,1.86443259710586,103.59,0.040,0,0,0,0.131903305649757
191701.000,16,32.97,332.2,24°52.836582 N,46°39.505026 E,0,1,0,0,693.13,0.61,2,76517.000,1,65.320,370.70,-0.03,0.10,3.15,1.85651448505991,114.55,0.040,0,0,0,0.124149702489376
191701.040,16,33.10,332.6,24°52.836762 N,46°39.504930 E,0,1,0,0,693.14,0.61,2,76550.000,1,65.360,371.07,-0.17,0.10,3.15,1.84883088635128,107.88,0.040,0,0,0,0.134011402726173
191701.080,16,33.22,332.6,24°52.836942 N,46°39.504828 E,0,1,0,0,693.16,0.61,2,76584.000,1,65.400,371.43,0.01,0.08,3.16,1.84220824177478,119.85,0.040,0,0,0,0.115631401538849
191701.120,16,33.42,332.8,24°52.837122 N,46°39.504726 E,0,1,0,0,693.17,0.61,2,76617.000,1,65.440,371.80,-0.10,0.14,3.17,1.83151279365554,118.31,0.040,0,0,0,0.138070195913315
191701.160,16,33.79,333.1,24°52.837302 N,46°39.504624 E,0,1,0,0,693.19,0.65,2,76684.000,1,65.480,372.18,-0.09,0.27,3.17,1.91772713820657,110.31,0.040,0,0,0,0.206123799085617
191701.200,16,34.03,333.4,24°52.837488 N,46°39.504522 E,0,1,0,0,693.20,0.65,2,76717.000,1,65.520,372.55,-0.16,0.17,3.18,1.90437005907074,103.52,0.040,0,0,0,0.202883198857307
191701.240,16,34.03,333.7,24°52.837674 N,46°39.504426 E,0,1,0,0,693.21,0.65,2,76750.000,1,65.560,372.93,-0.10,0.00,3.19,1.90397837456661,98.93,0.040,0,0,0,0.133633494377136
191701.280,16,34.14,334.1,24°52.837860 N,46°39.504324 E,0,1,0,0,693.23,0.65,2,76784.000,1,65.600,373.31,-0.16,0.08,3.19,1.89795559721165,96.66,0.040,0,0,0,0.137783601880074
191701.320,16,34.41,334.5,24°52.838052 N,46°39.504228 E,0,1,0,0,693.25,0.68,2,76817.000,1,65.640,373.69,-0.18,0.19,3.20,1.98785201546107,88.47,0.040,0,0,0,0.183602198958397
191701.360,16,34.56,334.8,24°52.838238 N,46°39.504132 E,0,1,0,0,693.28,0.68,2,76884.000,1,65.680,374.08,-0.13,0.10,3.21,1.97939576339854,87.25,0.040,0,0,0,0.172666594386101
191701.400,16,34.77,335.1,24°52.838430 N,46°39.504036 E,0,1,0,0,693.29,0.72,2,76917.000,1,65.720,374.46,-0.12,0.15,3.22,2.07081020449251,89.18,0.040,0,0,0,0.183333799242973
191701.440,16,34.83,335.7,24°52.838622 N,46°39.503940 E,0,1,0,0,693.30,0.72,2,76950.000,1,65.760,374.85,-0.26,0.05,3.22,2.06694608715623,78.16,0.040,0,0,0,0.176488101482391
191701.480,16,34.94,336.2,24°52.838820 N,46°39.503850 E,0,1,0,0,693.32,0.72,2,76984.000,1,65.800,375.23,-0.24,0.08,3.23,2.06055749527789,74.08,0.040,0,0,0,0.187805205583572
191701.520,16,35.01,336.7,24°52.839012 N,46°39.503760 E,0,1,0,0,693.34,0.72,2,77017.000,1,65.840,375.62,-0.21,0.05,3.24,2.05655526992288,71.54,0.040,0,0,0,0.18846969306469
191701.560,16,35.16,337.2,24°52.839210 N,46°39.503670 E,0,1,0,0,693.35,0.72,2,77084.000,1,65.880,376.01,-0.23,0.11,3.25,2.04772332982566,65.69,0.040,0,0,0,0.206111997365952
191701.600,16,35.34,337.7,24°52.839408 N,46°39.503586 E,0,1,0,0,693.36,0.72,2,77117.000,1,65.920,376.41,-0.20,0.13,3.26,2.03746674967457,61.61,0.040,0,0,0,0.216517493128777
191701.640,16,35.56,338.3,24°52.839606 N,46°39.503502 E,0,1,0,0,693.37,0.72,2,77150.000,1,65.960,376.80,-0.27,0.16,3.26,2.02451917669553,59.86,0.040,0,0,0,0.244070693850517
191701.680,16,35.59,339.0,24°52.839810 N,46°39.503418 E,0,1,0,0,693.38,0.72,2,77184.000,1,66.000,377.19,-0.31,0.02,3.27,2.02286966538364,53.17,0.040,0,0,0,0.238071694970131
191701.720,16,35.62,339.6,24°52.840008 N,46°39.503340 E,0,1,0,0,693.40,0.76,2,77217.000,1,66.040,377.59,-0.26,0.02,3.28,2.12252232017519,50.48,0.040,0,0,0,0.237393900752068
191701.760,16,35.80,340.2,24°52.840212 N,46°39.503262 E,0,1,0,0,693.42,0.76,2,77284.000,1,66.080,377.99,-0.27,0.13,3.29,2.11184982401251,48.03,0.040,0,0,0,0.254904508590698
191701.800,16,35.92,340.6,24°52.840422 N,46°39.503184 E,0,1,0,0,693.43,0.76,2,77317.000,1,66.120,378.39,-0.19,0.08,3.30,2.10485285519392,47.79,0.040,0,0,0,0.245342195034027
191701.840,16,36.13,341.0,24°52.840626 N,46°39.503106 E,0,1,0,0,693.45,0.76,2,77350.000,1,66.160,378.79,-0.16,0.15,3.30,2.09267563527653,47.30,0.040,0,0,0,0.245649799704552
191701.880,16,36.36,341.4,24°52.840836 N,46°39.503034 E,0,1,0,0,693.45,0.76,2,77384.000,1,66.200,379.19,-0.19,0.16,3.31,2.07943668170316,47.25,0.040,0,0,0,0.253495007753372
191701.920,16,36.40,341.9,24°52.841046 N,46°39.502962 E,0,1,0,0,693.46,0.72,2,77417.000,1,66.240,379.59,-0.22,0.03,3.32,1.97802197802198,46.87,0.040,0,0,0,0.229488700628281
191701.960,16,36.29,342.8,24°52.841250 N,46°39.502896 E,0,1,0,0,693.47,0.72,2,77484.000,1,66.280,380.00,-0.40,-0.08,3.33,1.98390829934972,43.27,0.040,0,0,0,0.250377893447876
191702.000,16,36.45,343.6,24°52.841466 N,46°39.502830 E,0,1,0,0,693.46,0.68,2,77517.000,1,66.320,380.40,-0.37,0.11,3.34,1.87674916314548,40.76,0.040,0,0,0,0.279569894075394
191702.040,16,36.68,344.4,24°52.841682 N,46°39.502770 E,0,1,0,0,693.43,0.61,2,77550.000,1,66.360,380.81,-0.34,0.17,3.35,1.66848418756816,40.33,0.040,0,0,0,0.308419287204742
191702.080,16,36.55,345.1,24°52.841892 N,46°39.502710 E,0,1,0,0,693.44,0.61,2,77584.000,1,66.400,381.21,-0.34,-0.09,3.35,1.67423537779723,39.25,0.040,0,0,0,0.298346608877182
191702.120,16,36.54,346.0,24°52.842108 N,46°39.502662 E,0,1,0,0,693.45,0.61,2,77617.000,1,66.440,381.62,-0.40,-0.01,3.36,1.67469352014011,37.56,0.040,0,0,0,0.318337500095367
191702.160,16,36.41,347.2,24°52.842318 N,46°39.502620 E,0,1,0,0,693.46,0.61,2,77684.000,1,66.480,382.02,-0.55,-0.09,3.37,1.68067226890756,34.82,0.040,0,0,0,0.36737909913063
191702.200,16,36.35,348.1,24°52.842528 N,46°39.502578 E,0,1,0,0,693.46,0.58,2,77717.000,1,66.520,382.43,-0.42,-0.05,3.37,1.58463781672123,33.17,0.040,0,0,0,0.377666503190994
191702.240,16,36.34,348.9,24°52.842744 N,46°39.502536 E,0,1,0,0,693.46,0.54,2,77750.000,1,66.560,382.83,-0.35,-0.01,3.38,1.48604766360284,32.60,0.040,0,0,0,0.37173518538475
191702.280,16,36.54,349.8,24°52.842966 N,46°39.502494 E,0,1,0,0,693.46,0.54,2,77784.000,1,66.600,383.24,-0.40,0.15,3.39,1.4776707530648,32.23,0.040,0,0,0,0.381355792284012
191702.320,16,36.71,350.9,24°52.843182 N,46°39.502464 E,0,1,0,0,693.47,0.54,2,77817.000,1,66.640,383.64,-0.49,0.11,3.39,1.47114913093227,30.96,0.040,0,0,0,0.409457385540009
191702.360,16,36.82,352.2,24°52.843404 N,46°39.502434 E,0,1,0,0,693.48,0.54,2,77884.000,1,66.680,384.05,-0.59,0.08,3.40,1.46643493373887,29.28,0.040,0,0,0,0.44570380449295
191702.400,16,36.94,353.2,24°52.843626 N,46°39.502410 E,0,1,0,0,693.48,0.54,2,77917.000,1,66.720,384.46,-0.48,0.08,3.41,1.46198830409357,27.95,0.040,0,0,0,0.45260939002037
191702.440,16,37.06,353.9,24°52.843848 N,46°39.502392 E,0,1,0,0,693.50,0.54,2,77950.000,1,66.760,384.87,-0.29,0.09,3.41,1.45717523881483,27.43,0.040,0,0,0,0.423289686441422
191702.480,16,37.00,354.8,24°52.844064 N,46°39.502374 E,0,1,0,0,693.50,0.54,2,77984.000,1,66.800,385.29,-0.44,-0.04,3.42,1.4595778036057,26.29,0.040,0,0,0,0.420648694038391
191702.520,16,36.80,356.0,24°52.844286 N,46°39.502368 E,0,1,0,0,693.50,0.50,2,78017.000,1,66.840,385.70,-0.52,-0.14,3.42,1.36971409935863,24.93,0.040,0,0,0,0.444426000118256
191702.560,16,36.82,357.0,24°52.844508 N,46°39.502362 E,0,1,0,0,693.49,0.50,2,78084.000,1,66.880,386.10,-0.45,0.01,3.43,1.36893282994269,24.79,0.040,0,0,0,0.442007899284363
191702.600,16,36.63,358.1,24°52.844724 N,46°39.502356 E,0,1,0,0,693.48,0.43,2,78117.000,1,66.920,386.51,-0.50,-0.13,3.44,1.17936117936118,24.17,0.040,0,0,0,0.459704488515854
191702.640,16,36.67,359.0,24°52.844946 N,46°39.502362 E,0,1,0,0,693.48,0.43,2,78150.000,1,66.960,386.92,-0.44,0.03,3.44,1.17807472047996,23.84,0.040,0,0,0,0.451426893472672
191702.680,16,36.79,359.9,24°52.845162 N,46°39.502368 E,0,1,0,0,693.48,0.40,2,78184.000,1,67.000,387.33,-0.40,0.08,3.45,1.0764379689029,23.72,0.040,0,0,0,0.440934985876083
191702.720,16,36.75,0.9,24°52.845384 N,46°39.502380 E,0,1,0,0,693.48,0.40,2,78217.000,1,67.040,387.74,-0.44,-0.03,3.45,1.07758034232224,23.57,0.040,0,0,0,0.439514011144638
191702.760,16,36.90,1.8,24°52.845606 N,46°39.502392 E,0,1,0,0,693.48,0.36,2,78284.000,1,67.080,388.15,-0.44,0.11,3.46,0.975504010405376,24.09,0.040,0,0,0,0.442614585161209
191702.800,16,36.99,3.1,24°52.845828 N,46°39.502416 E,0,1,0,0,693.49,0.36,2,78317.000,1,67.120,388.56,-0.60,0.06,3.46,0.973341264262153,23.54,0.040,0,0,0,0.47380268573761
191702.840,16,37.03,4.4,24°52.846044 N,46°39.502446 E,0,1,0,0,693.49,0.36,2,78350.000,1,67.160,388.97,-0.57,0.03,3.46,0.972184715095868,22.89,0.040,0,0,0,0.491503804922104
191702.880,16,36.98,5.9,24°52.846266 N,46°39.502482 E,0,1,0,0,693.49,0.36,2,78384.000,1,67.200,389.38,-0.71,-0.04,3.47,0.973525514481192,21.90,0.040,0,0,0,0.534218788146973
191702.920,16,36.83,7.2,24°52.846482 N,46°39.502518 E,0,1,0,0,693.48,0.32,2,78417.000,1,67.240,389.79,-0.57,-0.11,3.47,0.879765395894428,21.58,0.040,0,0,0,0.544798076152802
191702.960,16,36.89,8.8,24°52.846698 N,46°39.502572 E,0,1,0,0,693.46,0.25,2,78484.000,1,67.280,390.20,-0.71,0.04,3.48,0.68318603264111,21.27,0.040,0,0,0,0.575230598449707
191703.000,16,36.74,9.8,24°52.846914 N,46°39.502620 E,0,1,0,0,693.44,0.22,2,78517.000,1,67.320,390.61,-0.46,-0.10,3.48,0.587947084762371,21.22,0.040,0,0,0,0.55530059337616
191703.040,16,36.72,10.6,24°52.847124 N,46°39.502668 E,0,1,0,0,693.44,0.18,2,78550.000,1,67.360,391.01,-0.39,-0.01,3.48,0.490142685981919,20.94,0.040,0,0,0,0.520733416080475
191703.080,16,36.50,11.4,24°52.847340 N,46°39.502722 E,0,1,0,0,693.42,0.14,2,78584.000,1,67.400,391.42,-0.35,-0.16,3.49,0.39455297695701,21.04,0.040,0,0,0,0.495461493730545
191703.120,16,36.41,12.3,24°52.847550 N,46°39.502782 E,0,1,0,0,693.42,0.14,2,78617.000,1,67.440,391.83,-0.41,-0.06,3.49,0.395528332463537,21.28,0.040,0,0,0,0.47832590341568
191703.160,16,36.42,13.6,24°52.847760 N,46°39.502848 E,0,1,0,0,693.42,0.11,2,78684.000,1,67.480,392.23,-0.57,0.01,3.49,0.296532220422284,20.91,0.040,0,0,0,0.493223011493683
191703.200,15,36.43,15.4,24°52.847964 N,46°39.502926 E,0,1,0,0,693.40,0.07,2,78717.000,1,67.520,392.64,-0.79,0.01,3.49,0.197628458498024,20.14,0.040,0,0,0,0.551314175128937
191703.240,15,36.41,17.1,24°52.848168 N,46°39.503004 E,0,1,0,0,693.39,0.04,2,78750.000,1,67.560,393.04,-0.81,-0.01,3.49,0.0988630746416213,19.21,0.040,0,0,0,0.602666079998016
191703.280,15,36.57,18.3,24°52.848378 N,46°39.503088 E,0,1,0,0,693.39,0.04,2,78784.000,1,67.600,393.45,-0.51,0.11,3.49,0.0984548065089566,19.03,0.040,0,0,0,0.585557699203491
191703.320,15,36.71,19.1,24°52.848588 N,46°39.503178 E,0,1,0,0,693.39,0.00,2,78817.000,1,67.640,393.85,-0.39,0.10,3.49,0,19.22,0.040,0,0,0,0.549288928508759
191703.360,15,36.79,19.9,24°52.848792 N,46°39.503262 E,0,1,0,0,693.40,0.04,2,78884.000,1,67.680,394.26,-0.37,0.06,3.49,0.097865977980155,19.42,0.040,0,0,0,0.512897789478302
191703.400,15,36.86,21.2,24°52.848996 N,46°39.503358 E,0,1,0,0,693.40,0.00,2,78917.000,1,67.720,394.67,-0.56,0.06,3.50,0,19.54,0.040,0,0,0,0.522941410541534
191703.440,15,36.85,22.3,24°52.849200 N,46°39.503460 E,0,1,0,0,693.40,-0.04,2,78950.000,1,67.760,395.08,-0.52,-0.01,3.50,-0.0976853987463707,19.63,0.040,0,0,0,0.521007418632507
191703.480,15,37.06,23.4,24°52.849404 N,46°39.503562 E,0,1,0,0,693.40,-0.04,2,78984.000,1,67.800,395.49,-0.51,0.15,3.50,-0.0971450159209887,20.24,0.040,0,0,0,0.525437593460083
191703.520,15,37.25,24.7,24°52.849602 N,46°39.503670 E,0,1,0,0,693.39,-0.04,2,79017.000,1,67.840,395.90,-0.60,0.13,3.50,-0.0966546743274445,20.30,0.040,0,0,0,0.545544981956482
191703.560,15,37.41,26.4,24°52.849800 N,46°39.503790 E,0,1,0,0,693.38,-0.07,2,79084.000,1,67.880,396.32,-0.78,0.11,3.49,-0.192472198460222,20.22,0.040,0,0,0,0.595023989677429
191703.600,15,37.65,27.9,24°52.849998 N,46°39.503916 E,0,1,0,0,693.38,-0.11,2,79117.000,1,67.920,396.74,-0.70,0.17,3.49,-0.286890689334573,19.81,0.040,0,0,0,0.622623026371002
191703.640,15,37.66,29.2,24°52.850196 N,46°39.504048 E,0,1,0,0,693.38,-0.11,2,79150.000,1,67.960,397.15,-0.59,0.01,3.49,-0.286753577781908,19.37,0.040,0,0,0,0.608626425266266
191703.680,15,37.73,30.2,24°52.850388 N,46°39.504174 E,0,1,0,0,693.38,-0.11,2,79184.000,1,68.000,397.57,-0.48,0.05,3.49,-0.286259541984733,19.15,0.040,0,0,0,0.581630825996399
191703.720,16,37.85,31.1,24°52.850580 N,46°39.504312 E,0,1,0,0,693.38,-0.11,2,79217.000,1,68.040,397.99,-0.39,0.08,3.49,-0.285359473670304,19.29,0.040,0,0,0,0.546395123004913
191703.760,16,37.79,32.4,24°52.850772 N,46°39.504450 E,0,1,0,0,693.38,-0.11,2,79284.000,1,68.080,398.41,-0.63,-0.04,3.49,-0.285820145027259,19.18,0.040,0,0,0,0.559908986091614
191703.800,16,37.81,33.9,24°52.850958 N,46°39.504594 E,0,0,0,0,693.37,-0.11,1,79317.000,1,68.120,398.83,-0.71,0.02,3.49,-0.285608504786587,19.44,0.040,0,0,0,0.589686393737793
191703.840,16,37.69,35.2,24°52.851138 N,46°39.504744 E,0,0,0,0,693.37,-0.14,1,79350.000,1,68.160,399.25,-0.61,-0.09,3.49,-0.382114899827518,19.90,0.040,0,0,0,0.593882322311401
191703.880,16,37.85,36.7,24°52.851318 N,46°39.504900 E,0,0,0,0,693.34,-0.18,1,79384.000,1,68.200,399.67,-0.67,0.12,3.49,-0.47556142668428,19.66,0.040,0,0,0,0.609346687793732
191703.920,16,37.80,37.7,24°52.851492 N,46°39.505062 E,0,0,0,0,693.30,-0.25,1,79417.000,1,68.240,400.09,-0.50,-0.03,3.49,-0.666596127393926,19.40,0.040,0,0,0,0.586949586868286
191703.960,16,37.79,38.6,24°52.851672 N,46°39.505224 E,0,0,0,0,693.28,-0.25,1,79484.000,1,68.280,400.51,-0.39,-0.01,3.48,-0.666790146323393,19.36,0.040,0,0,0,0.548014998435974
191704.000,16,37.89,39.5,24°52.851846 N,46°39.505386 E,0,1,0,0,693.28,-0.25,2,79517.000,1,68.320,400.93,-0.42,0.07,3.48,-0.665083135391924,19.77,0.040,0,0,0,0.522487223148346
191704.040,16,38.10,40.4,24°52.852014 N,46°39.505554 E,0,1,0,0,693.24,-0.29,2,79550.000,1,68.360,401.35,-0.45,0.15,3.48,-0.756004725029531,20.09,0.040,0,0,0,0.515376925468445
191704.080,16,38.20,41.5,24°52.852188 N,46°39.505728 E,0,1,0,0,693.23,-0.29,2,79584.000,1,68.400,401.78,-0.50,0.07,3.48,-0.754005655042413,20.21,0.040,0,0,0,0.511870503425598
191704.120,16,38.40,42.6,24°52.852356 N,46°39.505902 E,0,1,0,0,693.22,-0.29,2,79617.000,1,68.440,402.20,-0.52,0.15,3.47,-0.749980469258613,20.54,0.040,0,0,0,0.521770179271698
191704.160,16,38.42,43.6,24°52.852518 N,46°39.506082 E,0,1,0,0,693.20,-0.32,2,79684.000,1,68.480,402.63,-0.48,0.02,3.47,-0.843244931421284,21.37,0.040,0,0,0,0.507608115673065
191704.200,16,38.72,44.8,24°52.852686 N,46°39.506268 E,0,1,0,0,693.18,-0.32,2,79717.000,1,68.520,403.06,-0.57,0.21,3.47,-0.836820083682008,21.93,0.040,0,0,0,0.534193694591522
191704.240,16,38.88,46.0,24°52.852842 N,46°39.506460 E,0,1,0,0,693.16,-0.36,2,79750.000,1,68.560,403.49,-0.58,0.12,3.46,-0.925830675856393,22.11,0.040,0,0,0,0.544546723365784
191704.280,16,39.04,47.0,24°52.852998 N,46°39.506658 E,0,1,0,0,693.13,-0.36,2,79784.000,1,68.600,403.92,-0.47,0.11,3.46,-0.922249263481491,22.24,0.040,0,0,0,0.53165340423584
191704.320,16,39.21,47.9,24°52.853154 N,46°39.506856 E,0,1,0,0,693.11,-0.36,2,79817.000,1,68.640,404.36,-0.44,0.12,3.46,-0.918179963272801,22.25,0.040,0,0,0,0.517105221748352
191704.360,16,39.48,48.6,24°52.853310 N,46°39.507054 E,0,1,0,0,693.10,-0.40,2,79884.000,1,68.680,404.80,-0.35,0.19,3.45,-1.00309032879072,23.29,0.040,0,0,0,0.496868699789047
191704.400,16,39.51,49.5,24°52.853466 N,46°39.507258 E,0,1,0,0,693.08,-0.40,2,79917.000,1,68.720,405.23,-0.43,0.03,3.45,-1.00217644379207,24.26,0.040,0,0,0,0.472905606031418
191704.440,16,39.58,50.7,24°52.853610 N,46°39.507468 E,0,1,0,0,693.06,-0.40,2,79950.000,1,68.760,405.67,-0.61,0.05,3.44,-1.00045475216007,24.37,0.040,0,0,0,0.498681098222733
191704.480,16,39.74,51.9,24°52.853754 N,46°39.507684 E,0,1,0,0,693.05,-0.40,2,79984.000,1,68.800,406.11,-0.55,0.11,3.44,-0.996477101157524,24.96,0.040,0,0,0,0.513869524002075
191704.520,16,39.87,52.9,24°52.853898 N,46°39.507894 E,0,1,0,0,693.03,-0.40,2,80017.000,1,68.840,406.56,-0.50,0.09,3.43,-0.993227990970655,25.14,0.040,0,0,0,0.51307487487793
191704.560,16,39.96,53.9,24°52.854036 N,46°39.508110 E,0,1,0,0,693.01,-0.43,2,80084.000,1,68.880,407.00,-0.52,0.07,3.43,-1.08097287558803,24.84,0.040,0,0,0,0.514338195323944
191704.600,16,39.87,54.9,24°52.854168 N,46°39.508332 E,0,1,0,0,693.01,-0.43,2,80117.000,1,68.920,407.44,-0.48,-0.06,3.43,-1.08341275016301,24.64,0.040,0,0,0,0.503038823604584
191704.640,16,39.97,56.1,24°52.854300 N,46°39.508554 E,0,1,0,0,693.00,-0.43,2,80150.000,1,68.960,407.89,-0.58,0.07,3.42,-1.08070245659679,24.37,0.040,0,0,0,0.519703328609467
191704.680,16,40.05,57.3,24°52.854426 N,46°39.508776 E,0,1,0,0,692.99,-0.47,2,80184.000,1,69.000,408.33,-0.61,0.05,3.42,-1.16865604554762,24.15,0.040,0,0,0,0.53753799200058
191704.720,16,40.17,58.6,24°52.854546 N,46°39.509010 E,0,1,0,0,692.96,-0.50,2,80217.000,1,69.040,408.78,-0.65,0.08,3.41,-1.2548238516121,23.92,0.040,0,0,0,0.561803102493286
191704.760,16,40.44,59.7,24°52.854666 N,46°39.509250 E,0,1,0,0,692.92,-0.54,2,80284.000,1,69.080,409.23,-0.56,0.19,3.41,-1.33547669098553,23.91,0.040,0,0,0,0.573503196239471
191704.800,16,40.67,60.4,24°52.854786 N,46°39.509484 E,0,1,0,0,692.89,-0.58,2,80317.000,1,69.120,409.68,-0.35,0.17,3.40,-1.41617289110712,24.79,0.040,0,0,0,0.538921713829041
191704.840,16,40.90,61.2,24°52.854900 N,46°39.509730 E,0,1,0,0,692.87,-0.58,2,80350.000,1,69.160,410.13,-0.37,0.16,3.39,-1.40831295843521,25.73,0.040,0,0,0,0.511565327644348
191704.880,16,41.12,62.2,24°52.855014 N,46°39.509970 E,0,1,0,0,692.86,-0.58,2,80384.000,1,69.200,410.58,-0.53,0.16,3.39,-1.40081227656315,25.78,0.040,0,0,0,0.5194091796875
191704.920,16,41.39,63.4,24°52.855122 N,46°39.510222 E,0,1,0,0,692.83,-0.61,2,80417.000,1,69.240,411.04,-0.59,0.19,3.38,-1.47876093364906,25.55,0.040,0,0,0,0.541736781597137
191704.960,16,41.58,64.3,24°52.855230 N,46°39.510468 E,0,1,0,0,692.83,-0.61,2,80484.000,1,69.280,411.50,-0.49,0.14,3.38,-1.47186147186147,25.27,0.040,0,0,0,0.532168507575989
191705.000,16,41.77,65.1,24°52.855332 N,46°39.510720 E,0,1,0,0,692.82,-0.61,2,80517.000,1,69.320,411.97,-0.43,0.13,3.37,-1.46527162592477,25.47,0.040,0,0,0,0.514178097248077
191705.040,16,41.86,65.8,24°52.855434 N,46°39.510978 E,0,1,0,0,692.80,-0.65,2,80550.000,1,69.360,412.43,-0.33,0.06,3.36,-1.54812815060802,26.56,0.040,0,0,0,0.472751498222351
191705.080,16,41.96,66.3,24°52.855530 N,46°39.511230 E,0,1,0,0,692.78,-0.68,2,80584.000,1,69.400,412.90,-0.27,0.07,3.36,-1.63004623230542,27.76,0.040,0,0,0,0.431391894817352
191705.120,16,42.09,67.0,24°52.855626 N,46°39.511488 E,0,1,0,0,692.77,-0.72,2,80617.000,1,69.440,413.36,-0.37,0.09,3.35,-1.7107013875689,28.46,0.040,0,0,0,0.420360893011093
191705.160,16,42.38,67.4,24°52.855728 N,46°39.511746 E,0,1,0,0,692.76,-0.72,2,80684.000,1,69.480,413.83,-0.21,0.21,3.34,-1.69895467094552,30.07,0.040,0,0,0,0.398478895425797
191705.200,16,42.57,67.9,24°52.855824 N,46°39.512010 E,0,1,0,0,692.76,-0.72,2,80717.000,1,69.520,414.31,-0.26,0.13,3.33,-1.69149086125076,31.34,0.040,0,0,0,0.374478995800018
191705.240,16,42.90,68.3,24°52.855920 N,46°39.512274 E,0,1,0,0,692.75,-0.72,2,80750.000,1,69.560,414.78,-0.23,0.24,3.33,-1.67828255751614,33.51,0.040,0,0,0,0.374076306819916
191705.280,16,43.14,68.8,24°52.856010 N,46°39.512544 E,0,1,0,0,692.73,-0.76,2,80784.000,1,69.600,415.26,-0.28,0.17,3.32,-1.75235269574892,35.74,0.040,0,0,0,0.362122088670731
191705.320,16,43.34,69.2,24°52.856100 N,46°39.512808 E,0,1,0,0,692.71,-0.79,2,80817.000,1,69.640,415.74,-0.17,0.14,3.31,-1.82753766988947,39.24,0.040,0,0,0,0.327441513538361
191705.360,16,43.50,69.2,24°52.856196 N,46°39.513078 E,0,1,0,0,692.70,-0.79,2,80884.000,1,69.680,416.22,-0.01,0.11,3.30,-1.82089895390275,43.98,0.040,0,0,0,0.268485605716705
191705.400,16,43.80,69.4,24°52.856292 N,46°39.513348 E,0,1,0,0,692.68,-0.83,2,80917.000,1,69.720,416.71,-0.12,0.22,3.29,-1.89036779982192,46.64,0.040,0,0,0,0.274199694395065
191705.440,16,44.14,69.6,24°52.856382 N,46°39.513624 E,0,1,0,0,692.68,-0.83,2,80950.000,1,69.760,417.19,-0.09,0.24,3.28,-1.8757220850418,50.15,0.040,0,0,0,0.279691100120544
191705.480,16,44.38,69.7,24°52.856478 N,46°39.513900 E,0,1,0,0,692.67,-0.83,2,80984.000,1,69.800,417.69,-0.06,0.17,3.28,-1.86566323426692,56.76,0.040,0,0,0,0.247151404619217
191705.520,16,44.73,69.9,24°52.856568 N,46°39.514176 E,0,1,0,0,692.66,-0.83,2,81017.000,1,69.840,418.18,-0.11,0.25,3.27,-1.85094111861224,65.46,0.040,0,0,0,0.265883892774582
191705.560,16,44.90,70.0,24°52.856664 N,46°39.514458 E,0,1,0,0,692.65,-0.83,2,81084.000,1,69.880,418.68,-0.07,0.11,3.26,-1.84426229508197,75.35,0.040,0,0,0,0.213772594928741
191705.600,16,45.04,70.3,24°52.856754 N,46°39.514740 E,0,1,0,0,692.64,-0.83,2,81117.000,1,69.920,419.18,-0.14,0.10,3.25,-1.83852917665867,84.16,0.040,0,0,0,0.189847499132156
191705.640,16,45.13,70.4,24°52.856844 N,46°39.515022 E,0,1,0,0,692.62,-0.86,2,81150.000,1,69.960,419.68,-0.11,0.06,3.24,-1.91463901076984,92.43,0.040,0,0,0,0.162920296192169
191705.680,16,45.33,70.6,24°52.856934 N,46°39.515304 E,0,1,0,0,692.62,-0.86,2,81184.000,1,70.000,420.18,-0.06,0.14,3.23,-1.90610660077656,101.56,0.040,0,0,0,0.167593896389008
191705.720,16,45.54,70.7,24°52.857024 N,46°39.515586 E,0,1,0,0,692.60,-0.86,2,81217.000,1,70.040,420.69,-0.10,0.15,3.22,-1.89706657298437,116.63,0.040,0,0,0,0.176914393901825
191705.760,16,45.56,70.9,24°52.857114 N,46°39.515874 E,0,1,0,0,692.59,-0.86,2,81284.000,1,70.080,421.19,-0.07,0.01,3.21,-1.89631710636056,125.75,0.040,0,0,0,0.128094300627708
191705.800,16,45.75,71.2,24°52.857204 N,46°39.516162 E,0,1,0,0,692.59,-0.86,2,81317.000,1,70.120,421.70,-0.19,0.13,3.20,-1.88856587029225,131.79,0.040,0,0,0,0.159965395927429
191705.840,16,45.94,71.3,24°52.857294 N,46°39.516450 E,0,1,0,0,692.57,-0.86,2,81350.000,1,70.160,422.21,-0.07,0.13,3.19,-1.88087774294671,145.25,0.040,0,0,0,0.162994906306267
191705.880,16,46.12,71.6,24°52.857378 N,46°39.516738 E,0,1,0,0,692.56,-0.90,2,81384.000,1,70.200,422.72,-0.13,0.13,3.18,-1.95143104943625,161.74,0.040,0,0,0,0.16976860165596
191705.920,16,46.41,71.9,24°52.857468 N,46°39.517032 E,0,1,0,0,692.54,-0.90,2,81417.000,1,70.240,423.24,-0.17,0.21,3.17,-1.93919544935468,164.08,0.040,0,0,0,0.208761006593704
191705.960,16,46.56,72.1,24°52.857552 N,46°39.517326 E,0,1,0,0,692.53,-0.94,2,81484.000,1,70.280,423.75,-0.15,0.10,3.16,-2.01035245602354,151.33,0.040,0,0,0,0.188884705305099
191706.000,16,46.63,72.2,24°52.857636 N,46°39.517620 E,0,1,0,0,692.52,-0.94,2,81517.000,1,70.320,424.27,-0.02,0.05,3.15,-2.00711926920273,162.17,0.040,0,0,0,0.144877701997757
191706.040,16,46.69,72.1,24°52.857726 N,46°39.517914 E,0,1,0,0,692.51,-0.94,2,81550.000,1,70.360,424.79,0.05,0.04,3.14,-2.00479780671693,178.26,0.040,0,0,0,0.102527998387814
191706.080,16,46.69,72.1,24°52.857810 N,46°39.518208 E,0,1,0,0,692.50,-0.94,2,81584.000,1,70.400,425.31,-0.04,0.00,3.13,-2.00479780671693,180.50,0.040,0,0,0,0.0780043974518776
191706.120,16,46.53,72.3,24°52.857894 N,46°39.518502 E,0,1,0,0,692.49,-0.94,2,81617.000,1,70.440,425.82,-0.06,-0.11,3.12,-2.01143250096703,186.94,0.040,0,0,0,0.0792181417346001
191706.160,16,46.61,72.3,24°52.857978 N,46°39.518790 E,0,1,0,0,692.47,-0.97,2,81684.000,1,70.480,426.34,-0.03,0.05,3.11,-2.08556838175342,192.25,0.040,0,0,0,0.0623724907636642
191706.200,16,46.84,72.2,24°52.858068 N,46°39.519090 E,0,1,0,0,692.46,-0.97,2,81717.000,1,70.520,426.86,0.08,0.17,3.10,-2.07514944491887,233.57,0.040,0,0,0,0.0921381190419197
191706.240,15,47.08,72.1,24°52.858158 N,46°39.519384 E,0,1,0,0,692.46,-0.94,2,81750.000,1,70.560,427.38,0.04,0.17,3.09,-1.98793645399711,272.83,0.040,0,0,0,0.130908906459808
191706.280,16,47.17,72.1,24°52.858242 N,46°39.519684 E,0,1,0,0,692.44,-0.97,2,81784.000,1,70.600,427.91,-0.02,0.06,3.08,-2.06058807318056,287.83,0.040,0,0,0,0.0970502719283104
191706.320,16,47.33,72.5,24°52.858326 N,46°39.519978 E,0,1,0,0,692.43,-0.97,2,81817.000,1,70.640,428.43,-0.24,0.11,3.07,-2.05383932721971,250.93,0.040,0,0,0,0.119588397443295
191706.360,16,47.47,72.7,24°52.858416 N,46°39.520278 E,0,1,0,0,692.43,-0.94,2,81884.000,1,70.680,428.96,-0.09,0.10,3.06,-1.97164704147621,248.67,0.040,0,0,0,0.123139202594757
191706.400,16,47.64,72.7,24°52.858500 N,46°39.520578 E,0,1,0,0,692.42,-0.94,2,81917.000,1,70.720,429.49,-0.03,0.11,3.05,-1.96494174451559,296.53,0.040,0,0,0,0.124342001974583
191706.440,16,47.79,72.7,24°52.858584 N,46°39.520884 E,0,1,0,0,692.40,-0.97,2,81950.000,1,70.760,430.02,0.00,0.11,3.04,-2.03389830508475,326.44,0.040,0,0,0,0.119048103690147
191706.480,16,48.02,72.8,24°52.858674 N,46°39.521184 E,0,1,0,0,692.39,-0.97,2,81984.000,1,70.800,430.55,-0.02,0.16,3.03,-2.02428306641398,381.47,0.040,0,0,0,0.14120090007782
191706.520,16,48.02,72.9,24°52.858758 N,46°39.521490 E,0,1,0,0,692.38,-0.97,2,82017.000,1,70.840,431.08,-0.07,0.00,3.02,-2.02415660141608,454.92,0.040,0,0,0,0.0828445926308632
191706.560,16,48.00,72.9,24°52.858842 N,46°39.521790 E,0,1,0,0,692.37,-0.97,2,82084.000,1,70.880,431.62,0.00,-0.01,3.00,-2.02504218837892,616.07,0.040,0,0,0,0.0454021282494068
191706.600,16,47.94,72.8,24°52.858926 N,46°39.522090 E,0,1,0,0,692.35,-0.97,2,82117.000,1,70.920,432.15,0.02,-0.04,2.99,-2.02761900788519,684.27,0.040,0,0,0,0.0262420102953911
191706.640,16,47.97,73.0,24°52.859010 N,46°39.522396 E,0,1,0,0,692.33,-1.01,2,82150.000,1,70.960,432.68,-0.11,0.02,2.98,-2.10148855439269,484.19,0.040,0,0,0,0.0431019216775894
191706.680,16,47.99,73.4,24°52.859094 N,46°39.522702 E,0,1,0,0,692.30,-1.01,2,82184.000,1,71.000,433.21,-0.22,0.02,2.97,-2.10052513128282,368.96,0.040,0,0,0,0.0782543271780014
191706.720,16,48.03,73.3,24°52.859172 N,46°39.523008 E,0,1,0,0,692.28,-1.01,2,82217.000,1,71.040,433.75,0.05,0.03,2.96,-2.09877571416674,436.38,0.040,0,0,0,0.0560916513204575
191706.760,16,48.06,73.2,24°52.859262 N,46°39.523314 E,0,1,0,0,692.26,-1.01,2,82284.000,1,71.080,434.28,0.07,0.02,2.95,-2.0975528550025,528.08,0.040,0,0,0,0.0337343104183674
191706.800,16,48.16,73.1,24°52.859346 N,46°39.523620 E,0,1,0,0,692.24,-1.04,2,82317.000,1,71.120,434.82,0.02,0.08,2.94,-2.16759405365003,472.21,0.040,0,0,0,0.0511464886367321
191706.840,16,48.19,73.1,24°52.859430 N,46°39.523926 E,0,1,0,0,692.22,-1.04,2,82350.000,1,71.160,435.35,0.05,0.02,2.93,-2.16642456941274,477.37,0.040,0,0,0,0.0332232117652893
191706.880,16,48.37,73.2,24°52.859514 N,46°39.524232 E,0,1,0,0,692.21,-1.04,2,82384.000,1,71.200,435.89,-0.09,0.12,2.92,-2.15854112393003,428.05,0.040,0,0,0,0.0815202221274376
191706.920,16,48.42,73.4,24°52.859592 N,46°39.524538 E,0,1,0,0,692.19,-1.08,2,82417.000,1,71.240,436.43,-0.14,0.04,2.90,-2.23048327137546,510.35,0.040,0,0,0,0.0732981786131859
191706.960,16,48.59,73.5,24°52.859676 N,46°39.524844 E,0,1,0,0,692.18,-1.08,2,82484.000,1,71.280,436.97,-0.05,0.12,2.89,-2.22286255299881,556.98,0.040,0,0,0,0.098435752093792
191707.000,16,48.73,73.4,24°52.859760 N,46°39.525156 E,0,1,0,0,692.17,-1.08,2,82517.000,1,71.320,437.51,0.06,0.10,2.88,-2.21629386414939,684.32,0.040,0,0,0,0.0978028997778893
191707.040,16,48.82,73.2,24°52.859850 N,46°39.525462 E,0,1,0,0,692.16,-1.04,2,82550.000,1,71.360,438.05,0.15,0.06,2.87,-2.13864306784661,1000.00,0.040,0,0,0,0.0788177102804184
191707.080,16,48.78,73.1,24°52.859934 N,46°39.525768 E,0,1,0,0,692.15,-1.08,2,82584.000,1,71.400,438.59,0.04,-0.03,2.86,-2.2140221402214,1000.00,0.040,0,0,0,0.0307871997356415
191707.120,16,48.87,73.1,24°52.860018 N,46°39.526080 E,0,1,0,0,692.14,-1.08,2,82617.000,1,71.440,439.13,0.00,0.06,2.85,-2.21012564973601,1000.00,0.040,0,0,0,0.0455434508621693
191707.160,16,48.97,73.0,24°52.860108 N,46°39.526386 E,0,1,0,0,692.12,-1.08,2,82684.000,1,71.480,439.68,0.08,0.08,2.83,-2.20525176624331,1000.00,0.040,0,0,0,0.0658768713474274
191707.200,16,49.14,72.9,24°52.860192 N,46°39.526698 E,0,1,0,0,692.10,-1.08,2,82717.000,1,71.520,440.22,0.01,0.11,2.82,-2.19798111364376,1000.00,0.040,0,0,0,0.090759739279747
191707.240,16,49.25,72.9,24°52.860282 N,46°39.527010 E,0,1,0,0,692.10,-1.08,2,82750.000,1,71.560,440.77,0.05,0.08,2.81,-2.19280435312272,1000.00,0.040,0,0,0,0.0891807526350021
191707.280,16,49.24,72.9,24°52.860366 N,46°39.527322 E,0,1,0,0,692.09,-1.08,2,82784.000,1,71.600,441.31,0.01,-0.01,2.80,-2.19347238865081,890.49,0.040,0,0,0,0.0443763807415962
191707.320,16,49.32,72.8,24°52.860456 N,46°39.527628 E,0,1,0,0,692.08,-1.08,2,82817.000,1,71.640,441.86,0.02,0.06,2.79,-2.18995863411469,967.01,0.040,0,0,0,0.0524913594126701
191707.360,16,49.41,72.6,24°52.860546 N,46°39.527940 E,0,1,0,0,692.07,-1.08,2,82884.000,1,71.680,442.41,0.12,0.07,2.77,-2.18561541263609,845.64,0.040,0,0,0,0.0721025466918945
191707.400,16,49.31,72.6,24°52.860636 N,46°39.528252 E,0,1,0,0,692.05,-1.08,2,82917.000,1,71.720,442.96,0.00,-0.07,2.76,-2.19009186218644,919.74,0.040,0,0,0,0.0344091504812241
191707.440,16,49.27,72.5,24°52.860726 N,46°39.528564 E,0,1,0,0,692.03,-1.12,2,82950.000,1,71.760,443.51,0.10,-0.03,2.75,-2.26507002232596,784.16,0.040,0,0,0,0.0513897500932217
191707.480,16,49.37,72.4,24°52.860816 N,46°39.528870 E,0,1,0,0,692.01,-1.12,2,82984.000,1,71.800,444.05,0.03,0.07,2.74,-2.2602989427634,599.09,0.040,0,0,0,0.051596861332655
191707.520,16,49.27,72.4,24°52.860906 N,46°39.529182 E,0,1,0,0,692.00,-1.12,2,83017.000,1,71.840,444.60,0.03,-0.08,2.73,-2.26525392765802,442.99,0.040,0,0,0,0.0468528084456921
191707.560,16,49.39,72.2,24°52.860996 N,46°39.529488 E,0,1,0,0,691.99,-1.12,2,83084.000,1,71.880,445.15,0.12,0.08,2.71,-2.25979548445884,353.78,0.040,0,0,0,0.0633679181337357
191707.600,16,49.39,72.1,24°52.861092 N,46°39.529800 E,0,1,0,0,691.99,-1.08,2,83117.000,1,71.920,445.70,0.05,0.00,2.70,-2.18676601603628,356.48,0.040,0,0,0,0.058062918484211
191707.640,16,49.51,72.1,24°52.861182 N,46°39.530112 E,0,1,0,0,691.97,-1.12,2,83150.000,1,71.960,446.25,0.00,0.08,2.69,-2.25422667501565,436.53,0.040,0,0,0,0.0675345882773399
191707.680,16,49.60,72.0,24°52.861278 N,46°39.530424 E,0,1,0,0,691.95,-1.12,2,83184.000,1,72.000,446.80,0.06,0.07,2.68,-2.24995463801133,424.04,0.040,0,0,0,0.0753340199589729
191707.720,16,49.54,72.0,24°52.861368 N,46°39.530730 E,0,1,0,0,691.94,-1.12,2,83217.000,1,72.040,447.35,-0.02,-0.04,2.66,-2.25258866035565,432.85,0.040,0,0,0,0.0362719893455505
191707.760,16,49.66,71.9,24°52.861464 N,46°39.531042 E,0,1,0,0,691.92,-1.12,2,83284.000,1,72.080,447.90,0.08,0.08,2.65,-2.24719101123595,435.08,0.040,0,0,0,0.0645287185907364
191707.800,16,49.82,71.6,24°52.861560 N,46°39.531354 E,0,1,0,0,691.92,-1.12,2,83317.000,1,72.120,448.45,0.16,0.11,2.64,-2.24019912881145,359.57,0.040,0,0,0,0.103090301156044
191707.840,16,49.93,71.5,24°52.861656 N,46°39.531666 E,0,1,0,0,691.91,-1.08,2,83350.000,1,72.160,449.01,0.11,0.08,2.63,-2.16294160057678,335.79,0.040,0,0,0,0.109486997127533
191707.880,16,50.03,71.6,24°52.861752 N,46°39.531984 E,0,1,0,0,691.89,-1.12,2,83384.000,1,72.200,449.56,-0.06,0.07,2.61,-2.23070619040956,365.53,0.040,0,0,0,0.088193953037262
191707.920,16,50.05,71.6,24°52.861848 N,46°39.532296 E,0,1,0,0,691.88,-1.12,2,83417.000,1,72.240,450.12,-0.02,0.02,2.60,-2.2297256798066,385.13,0.040,0,0,0,0.0565772615373135
191707.960,16,50.00,71.3,24°52.861944 N,46°39.532608 E,0,1,0,0,691.87,-1.12,2,83484.000,1,72.280,450.68,0.18,-0.03,2.59,-2.23182145428366,355.55,0.040,0,0,0,0.0647367313504219
191708.000,16,50.11,71.0,24°52.862046 N,46°39.532920 E,0,1,0,0,691.85,-1.12,2,83517.000,1,72.320,451.23,0.19,0.08,2.58,-2.22701149425287,288.10,0.040,0,0,0,0.0990757271647453
191708.040,16,50.14,70.8,24°52.862142 N,46°39.533226 E,0,1,0,0,691.84,-1.12,2,83550.000,1,72.360,451.79,0.10,0.02,2.57,-2.22559029993618,289.15,0.040,0,0,0,0.0981464684009552
191708.080,16,50.16,70.6,24°52.862244 N,46°39.533538 E,0,1,0,0,691.83,-1.12,2,83583.000,1,72.400,452.35,0.13,0.01,2.55,-2.22479167497309,262.33,0.040,0,0,0,0.103142097592354
191708.120,16,50.21,70.6,24°52.862346 N,46°39.533850 E,0,1,0,0,691.82,-1.12,2,83617.000,1,72.440,452.90,0.00,0.03,2.54,-2.22270907606206,269.97,0.040,0,0,0,0.0841783881187439
191708.160,16,50.14,70.6,24°52.862448 N,46°39.534162 E,0,1,0,0,691.81,-1.12,2,83683.000,1,72.480,453.46,0.03,-0.05,2.53,-2.22559029993618,295.40,0.040,0,0,0,0.0693248808383942
191708.200,16,50.13,70.4,24°52.862550 N,46°39.534474 E,0,1,0,0,691.79,-1.12,2,83717.000,1,72.520,454.02,0.12,-0.01,2.52,-2.22603422826824,277.21,0.040,0,0,0,0.0797282606363297
191708.240,16,50.09,70.2,24°52.862652 N,46°39.534786 E,0,1,0,0,691.78,-1.12,2,83750.000,1,72.560,454.58,0.11,-0.03,2.50,-2.22798961868636,251.75,0.040,0,0,0,0.0876477211713791
191708.280,16,50.06,70.0,24°52.862754 N,46°39.535092 E,0,1,0,0,691.77,-1.12,2,83783.000,1,72.600,455.13,0.10,-0.02,2.49,-2.22923574767289,243.04,0.040,0,0,0,0.0906487032771111
191708.320,16,50.03,70.0,24°52.862862 N,46°39.535404 E,0,1,0,0,691.76,-1.12,2,83817.000,1,72.640,455.69,0.00,-0.02,2.48,-2.23052785161793,239.85,0.040,0,0,0,0.0735519081354141
191708.360,16,50.03,69.9,24°52.862964 N,46°39.535710 E,0,1,0,0,691.75,-1.12,2,83883.000,1,72.680,456.24,0.05,0.00,2.47,-2.23052785161793,246.53,0.040,0,0,0,0.0674907267093658
191708.400,16,50.00,69.9,24°52.863066 N,46°39.536022 E,0,1,0,0,691.73,-1.12,2,83917.000,1,72.720,456.80,0.01,-0.02,2.45,-2.232,280.53,0.040,0,0,0,0.0581913702189922
191708.440,16,50.09,69.9,24°52.863168 N,46°39.536334 E,0,1,0,0,691.72,-1.12,2,83950.000,1,72.760,457.36,0.04,0.06,2.44,-2.22812306586539,300.06,0.040,0,0,0,0.0570239201188087
191708.480,16,50.25,69.7,24°52.863276 N,46°39.536640 E,0,0,0,0,691.72,-1.08,1,83983.000,1,72.800,457.91,0.07,0.11,2.43,-2.149296503413,264.52,0.040,0,0,0,0.0890006422996521
191708.520,16,50.52,69.6,24°52.863384 N,46°39.536958 E,0,0,0,0,691.70,-1.08,1,84017.000,1,72.840,458.47,0.07,0.19,2.42,-2.13780953700588,246.01,0.040,0,0,0,0.143164694309235
191708.560,16,50.65,69.6,24°52.863492 N,46°39.537270 E,0,0,0,0,691.70,-1.08,1,84083.000,1,72.880,459.03,0.03,0.09,2.40,-2.13219616204691,281.54,0.040,0,0,0,0.124914601445198
191708.600,16,50.72,69.3,24°52.863600 N,46°39.537582 E,0,0,0,0,691.68,-1.08,1,84117.000,1,72.920,459.60,0.18,0.05,2.39,-2.12933753943218,285.07,0.040,0,0,0,0.113754697144032
191708.640,16,50.63,69.3,24°52.863708 N,46°39.537888 E,0,1,0,0,691.68,-1.08,2,84150.000,1,72.960,460.16,-0.01,-0.06,2.38,-2.13312265455264,318.08,0.040,0,0,0,0.0635398998856544
191708.680,16,50.43,69.2,24°52.863816 N,46°39.538200 E,0,1,0,0,691.66,-1.08,2,84183.000,1,73.000,460.72,0.04,-0.14,2.37,-2.14149746192893,349.99,0.040,0,0,0,0.0885330885648727
191708.720,16,50.54,69.1,24°52.863924 N,46°39.538512 E,0,1,0,0,691.65,-1.08,2,84217.000,1,73.040,461.28,0.09,0.08,2.36,-2.13675213675214,315.46,0.040,0,0,0,0.0657305866479874
191708.760,16,50.57,68.8,24°52.864038 N,46°39.538818 E,0,1,0,0,691.65,-1.04,2,84283.000,1,73.080,461.85,0.14,0.02,2.34,-2.06462840643911,280.90,0.040,0,0,0,0.0818790793418884
191708.800,16,50.65,68.6,24°52.864152 N,46°39.539130 E,0,1,0,0,691.63,-1.08,2,84317.000,1,73.120,462.41,0.17,0.06,2.33,-2.1323645553625,270.35,0.040,0,0,0,0.104232400655746
191708.840,16,50.72,68.4,24°52.864266 N,46°39.539442 E,0,1,0,0,691.62,-1.08,2,84350.000,1,73.160,462.97,0.12,0.05,2.32,-2.12933753943218,268.18,0.040,0,0,0,0.111511401832104
191708.880,16,50.77,68.2,24°52.864380 N,46°39.539748 E,0,1,0,0,691.60,-1.08,2,84383.000,1,73.200,463.53,0.12,0.04,2.31,-2.12707291133257,265.24,0.040,0,0,0,0.113040797412395
191708.920,16,50.76,67.9,24°52.864494 N,46°39.540060 E,0,1,0,0,691.59,-1.08,2,84417.000,1,73.240,464.10,0.18,-0.01,2.30,-2.12782725195051,229.27,0.040,0,0,0,0.12104470282793
191708.960,16,50.68,67.9,24°52.864608 N,46°39.540366 E,0,1,0,0,691.57,-1.12,2,84483.000,1,73.280,464.66,-0.01,-0.05,2.28,-2.20187830479047,240.91,0.040,0,0,0,0.0951308086514473
191709.000,16,50.59,67.9,24°52.864722 N,46°39.540678 E,0,1,0,0,691.55,-1.12,2,84517.000,1,73.320,465.22,0.01,-0.07,2.27,-2.20592595520942,241.43,0.040,0,0,0,0.0872081592679024
191709.040,16,50.33,67.9,24°52.864836 N,46°39.540984 E,0,1,0,0,691.53,-1.15,2,84550.000,1,73.360,465.79,0.04,-0.19,2.26,-2.28898426323319,239.94,0.040,0,0,0,0.133475005626678
191709.080,16,50.25,67.8,24°52.864950 N,46°39.541290 E,0,1,0,0,691.51,-1.15,2,84583.000,1,73.400,466.34,0.03,-0.06,2.25,-2.29276544929844,248.47,0.040,0,0,0,0.105855099856853
191709.120,16,50.33,67.7,24°52.865070 N,46°39.541596 E,0,1,0,0,691.49,-1.19,2,84617.000,1,73.440,466.90,0.06,0.06,2.23,-2.36051502145923,252.02,0.040,0,0,0,0.0622846893966198
191709.160,16,50.55,67.8,24°52.865184 N,46°39.541908 E,0,1,0,0,691.48,-1.19,2,84683.000,1,73.480,467.46,-0.02,0.16,2.22,-2.35010187731202,266.41,0.040,0,0,0,0.0842305868864059
191709.200,16,50.76,67.5,24°52.865304 N,46°39.542214 E,0,1,0,0,691.47,-1.15,2,84717.000,1,73.520,468.03,0.13,0.15,2.21,-2.26932471830431,280.70,0.040,0,0,0,0.126795694231987
191709.240,16,50.95,67.6,24°52.865418 N,46°39.542526 E,0,1,0,0,691.46,-1.15,2,84750.000,1,73.560,468.59,-0.05,0.13,2.20,-2.26099585876627,292.75,0.040,0,0,0,0.127981603145599
191709.280,16,50.95,67.4,24°52.865538 N,46°39.542832 E,0,1,0,0,691.46,-1.15,2,84783.000,1,73.600,469.16,0.13,0.00,2.18,-2.26099585876627,270.60,0.040,0,0,0,0.0834147110581398
191709.320,16,50.90,67.4,24°52.865658 N,46°39.543144 E,0,1,0,0,691.45,-1.15,2,84817.000,1,73.640,469.72,0.02,-0.04,2.17,-2.26339469909818,289.99,0.040,0,0,0,0.0498830713331699
191709.360,16,50.81,67.5,24°52.865772 N,46°39.543450 E,0,1,0,0,691.43,-1.15,2,84883.000,1,73.680,470.29,-0.08,-0.06,2.16,-2.26740409786053,366.72,0.040,0,0,0,0.0350861102342606
191709.400,16,50.62,67.6,24°52.865886 N,46°39.543762 E,0,1,0,0,691.41,-1.19,2,84917.000,1,73.720,470.85,-0.07,-0.14,2.15,-2.34708392603129,510.94,0.040,0,0,0,0.0807976871728897
191709.440,16,50.49,67.3,24°52.866006 N,46°39.544068 E,0,1,0,0,691.40,-1.19,2,84950.000,1,73.760,471.41,0.18,-0.09,2.13,-2.35294117647059,460.94,0.040,0,0,0,0.0941623076796532
191709.480,16,50.68,67.3,24°52.866126 N,46°39.544374 E,0,1,0,0,691.39,-1.19,2,84983.000,1,73.800,471.98,0.02,0.13,2.12,-2.34425873670501,538.90,0.040,0,0,0,0.0440840497612953
191709.520,16,50.88,67.2,24°52.866246 N,46°39.544686 E,0,1,0,0,691.38,-1.19,2,85017.000,1,73.840,472.54,0.05,0.14,2.11,-2.33495155172075,699.08,0.040,0,0,0,0.0924167037010193
191709.560,16,51.03,67.1,24°52.866366 N,46°39.544992 E,0,1,0,0,691.37,-1.19,2,85083.000,1,73.880,473.11,0.09,0.10,2.09,-2.32822482655901,562.01,0.040,0,0,0,0.106788702309132
191709.600,16,50.96,67.0,24°52.866486 N,46°39.545298 E,0,1,0,0,691.37,-1.15,2,85117.000,1,73.920,473.67,0.06,-0.05,2.08,-2.26050782936305,511.19,0.040,0,0,0,0.0580660812556744
191709.640,16,50.89,67.0,24°52.866606 N,46°39.545610 E,0,1,0,0,691.36,-1.15,2,85150.000,1,73.960,474.24,-0.04,-0.05,2.07,-2.26388397594623,590.43,0.040,0,0,0,0.0373125113546848
191709.680,16,50.74,67.1,24°52.866726 N,46°39.545916 E,0,1,0,0,691.34,-1.15,2,85183.000,1,74.000,474.80,-0.07,-0.10,2.05,-2.27030862007804,727.55,0.040,0,0,0,0.0599425993859768
191709.720,16,50.96,66.9,24°52.866846 N,46°39.546222 E,0,1,0,0,691.33,-1.19,2,85217.000,1,74.040,475.37,0.16,0.15,2.04,-2.33133168491699,587.70,0.040,0,0,0,0.0640913024544716
191709.760,16,50.79,66.8,24°52.866966 N,46°39.546534 E,0,1,0,0,691.31,-1.19,2,85283.000,1,74.080,475.93,0.03,-0.12,2.03,-2.33908917285239,526.03,0.040,0,0,0,0.0550401695072651
191709.800,16,50.61,66.8,24°52.867086 N,46°39.546840 E,0,1,0,0,691.29,-1.19,2,85317.000,1,74.120,476.50,0.02,-0.13,2.01,-2.3474085636942,652.20,0.040,0,0,0,0.0895883589982986
191709.840,16,50.57,66.8,24°52.867206 N,46°39.547146 E,0,1,0,0,691.28,-1.19,2,85350.000,1,74.160,477.06,0.01,-0.03,2.00,-2.34940473836174,583.88,0.040,0,0,0,0.0638629868626595
191709.880,16,50.64,66.8,24°52.867332 N,46°39.547452 E,0,1,0,0,691.27,-1.19,2,85383.000,1,74.200,477.62,0.03,0.05,1.99,-2.34606422054584,730.45,0.040,0,0,0,0.0292647704482079
191709.920,16,50.60,66.6,24°52.867452 N,46°39.547752 E,0,1,0,0,691.25,-1.19,2,85417.000,1,74.240,478.18,0.07,-0.03,1.98,-2.34773329117426,639.17,0.040,0,0,0,0.0406113006174564
191709.960,16,50.62,66.6,24°52.867572 N,46°39.548058 E,0,1,0,0,691.24,-1.19,2,85483.000,1,74.280,478.75,0.04,0.01,1.96,-2.34689845910707,509.36,0.040,0,0,0,0.0392712615430355
191710.000,16,50.57,66.5,24°52.867698 N,46°39.548364 E,0,1,0,0,691.23,-1.19,2,85517.000,1,74.320,479.31,0.05,-0.04,1.95,-2.34940473836174,425.44,0.040,0,0,0,0.0451904907822609
191710.040,16,50.55,66.4,24°52.867818 N,46°39.548670 E,0,1,0,0,691.22,-1.19,2,85550.000,1,74.360,479.87,0.08,-0.01,1.94,-2.35024135475192,501.76,0.040,0,0,0,0.0504999607801437
191710.080,16,50.43,66.4,24°52.867938 N,46°39.548970 E,0,1,0,0,691.21,-1.19,2,85583.000,1,74.400,480.43,0.00,-0.09,1.92,-2.35597421913733,519.44,0.040,0,0,0,0.0641707479953766
191710.120,16,50.15,66.2,24°52.868064 N,46°39.549270 E,0,1,0,0,691.19,-1.19,2,85617.000,1,74.440,480.99,0.11,-0.19,1.91,-2.36879885149147,469.99,0.040,0,0,0,0.133304297924042
191710.160,16,49.94,66.0,24°52.868184 N,46°39.549570 E,0,1,0,0,691.19,-1.19,2,85683.000,1,74.480,481.55,0.12,-0.15,1.90,-2.37871173137377,446.14,0.040,0,0,0,0.150658696889877
191710.200,16,49.87,65.7,24°52.868310 N,46°39.549864 E,0,1,0,0,691.19,-1.15,2,85717.000,1,74.520,482.10,0.16,-0.05,1.88,-2.30995969601572,387.50,0.040,0,0,0,0.126031503081322
191710.240,16,49.72,65.6,24°52.868436 N,46°39.550164 E,0,1,0,0,691.18,-1.15,2,85750.000,1,74.560,482.65,0.08,-0.11,1.87,-2.31716147719044,333.86,0.040,0,0,0,0.131475999951363
191710.280,16,49.58,65.6,24°52.868556 N,46°39.550458 E,0,1,0,0,691.16,-1.15,2,85783.000,1,74.600,483.20,0.01,-0.09,1.86,-2.32337696387875,304.88,0.040,0,0,0,0.120085902512074
191710.320,16,49.36,65.4,24°52.868682 N,46°39.550758 E,0,1,0,0,691.14,-1.15,2,85817.000,1,74.640,483.75,0.09,-0.16,1.84,-2.33406272793581,328.21,0.040,0,0,0,0.148292005062103
191710.360,16,49.26,65.4,24°52.868802 N,46°39.551052 E,0,1,0,0,691.12,-1.15,2,85883.000,1,74.680,484.30,0.01,-0.07,1.83,-2.33865892527254,337.68,0.040,0,0,0,0.115565799176693
191710.400,16,49.06,65.5,24°52.868928 N,46°39.551346 E,0,1,0,0,691.10,-1.19,2,85917.000,1,74.720,484.85,-0.02,-0.14,1.82,-2.42132724604598,352.81,0.040,0,0,0,0.125877395272255
191710.440,16,48.92,65.3,24°52.869048 N,46°39.551640 E,0,1,0,0,691.07,-1.19,2,85950.000,1,74.760,485.39,0.12,-0.10,1.81,-2.42845461978741,308.96,0.040,0,0,0,0.124341301620007
191710.480,16,48.63,65.1,24°52.869174 N,46°39.551928 E,0,1,0,0,691.06,-1.19,2,85983.000,1,74.800,485.93,0.13,-0.21,1.79,-2.44318766066838,276.23,0.040,0,0,0,0.174773693084717
191710.520,16,48.29,65.0,24°52.869294 N,46°39.552216 E,0,1,0,0,691.05,-1.19,2,86017.000,1,74.840,486.47,0.07,-0.24,1.78,-2.46028951891814,273.82,0.040,0,0,0,0.212005406618118
191710.560,16,48.02,65.0,24°52.869420 N,46°39.552498 E,0,1,0,0,691.02,-1.22,2,86083.000,1,74.880,487.01,-0.01,-0.19,1.77,-2.54872563718141,287.88,0.040,0,0,0,0.200451701879501
191710.600,16,47.78,65.1,24°52.869540 N,46°39.552786 E,0,1,0,0,691.01,-1.22,2,86117.000,1,74.920,487.54,-0.05,-0.17,1.75,-2.56179493082735,316.84,0.040,0,0,0,0.18632760643959
191710.640,16,47.49,65.2,24°52.869660 N,46°39.553068 E,0,1,0,0,691.01,-1.19,2,86150.000,1,74.960,488.07,-0.07,-0.20,1.74,-2.50152660504096,379.82,0.040,0,0,0,0.193963602185249
191710.680,16,47.46,65.1,24°52.869780 N,46°39.553350 E,0,1,0,0,690.98,-1.22,2,86183.000,1,75.000,488.60,0.05,-0.02,1.73,-2.57890522944671,354.36,0.040,0,0,0,0.108902297914028
191710.720,16,47.48,64.7,24°52.869900 N,46°39.553632 E,0,1,0,0,690.96,-1.22,2,86217.000,1,75.040,489.12,0.22,0.02,1.71,-2.57771038665656,307.42,0.040,0,0,0,0.0755081176757813
191710.760,16,47.47,64.4,24°52.870026 N,46°39.553914 E,0,1,0,0,690.94,-1.26,2,86283.000,1,75.080,489.65,0.19,-0.01,1.70,-2.65414024814105,283.87,0.040,0,0,0,0.0897449627518654
191710.800,16,47.36,64.3,24°52.870152 N,46°39.554196 E,0,1,0,0,690.93,-1.22,2,86317.000,1,75.120,490.18,0.07,-0.08,1.69,-2.58456860509312,311.03,0.040,0,0,0,0.0981708019971848
191710.840,16,47.19,64.3,24°52.870272 N,46°39.554478 E,0,1,0,0,690.91,-1.22,2,86350.000,1,75.160,490.70,-0.02,-0.12,1.67,-2.59382483205832,347.43,0.040,0,0,0,0.106954500079155
191710.880,16,47.05,64.3,24°52.870398 N,46°39.554754 E,0,1,0,0,690.88,-1.26,2,86383.000,1,75.200,491.23,-0.01,-0.10,1.66,-2.6778882938026,354.91,0.040,0,0,0,0.103989101946354
191710.920,16,46.99,64.3,24°52.870518 N,46°39.555036 E,0,1,0,0,690.86,-1.26,2,86417.000,1,75.240,491.75,0.04,-0.05,1.64,-2.68159278098197,376.74,0.040,0,0,0,0.0830943286418915
191710.960,16,46.97,64.0,24°52.870644 N,46°39.555312 E,0,1,0,0,690.85,-1.26,2,86483.000,1,75.280,492.27,0.14,-0.01,1.63,-2.68262045178735,316.08,0.040,0,0,0,0.0767173022031784
191711.000,15,46.89,63.7,24°52.870776 N,46°39.555588 E,0,1,0,0,690.84,-1.26,2,86517.000,1,75.320,492.79,0.16,-0.05,1.62,-2.68691090544633,258.40,0.040,0,0,0,0.0961361676454544
191711.040,15,46.67,63.6,24°52.870896 N,46°39.555858 E,0,1,0,0,690.82,-1.26,2,86550.000,1,75.360,493.31,0.08,-0.16,1.60,-2.69957578094871,264.98,0.040,0,0,0,0.131289198994637
191711.080,15,46.38,63.4,24°52.871022 N,46°39.556128 E,0,1,0,0,690.81,-1.30,2,86583.000,1,75.400,493.83,0.14,-0.21,1.59,-2.79418740028459,256.76,0.040,0,0,0,0.181215897202492
191711.120,15,46.12,63.4,24°52.871148 N,46°39.556398 E,0,1,0,0,690.79,-1.30,2,86617.000,1,75.440,494.34,-0.04,-0.18,1.57,-2.80987793508662,286.00,0.040,0,0,0,0.182357802987099
191711.160,15,45.88,63.4,24°52.871274 N,46°39.556668 E,0,1,0,0,690.79,-1.26,2,86683.000,1,75.480,494.86,0.00,-0.17,1.56,-2.7461749705767,282.13,0.040,0,0,0,0.178301304578781
191711.200,15,45.59,63.2,24°52.871394 N,46°39.556932 E,0,1,0,0,690.78,-1.26,2,86717.000,1,75.520,495.36,0.13,-0.21,1.55,-2.76394586175883,234.68,0.040,0,0,0,0.201517701148987
191711.240,16,45.44,63.1,24°52.871520 N,46°39.557202 E,0,1,0,0,690.75,-1.26,2,86750.000,1,75.560,495.87,0.08,-0.10,1.53,-2.77294834833513,204.96,0.040,0,0,0,0.163032293319702
191711.280,16,45.21,62.9,24°52.871646 N,46°39.557466 E,0,1,0,0,690.74,-1.30,2,86783.000,1,75.600,496.37,0.06,-0.16,1.52,-2.86668583689088,201.55,0.040,0,0,0,0.169647097587585
191711.320,16,45.05,62.8,24°52.871766 N,46°39.557730 E,0,1,0,0,690.71,-1.30,2,86817.000,1,75.640,496.87,0.11,-0.11,1.50,-2.87680355160932,219.38,0.040,0,0,0,0.153844505548477
191711.360,16,44.78,62.4,24°52.871898 N,46°39.557988 E,0,1,0,0,690.68,-1.30,2,86883.000,1,75.680,497.37,0.20,-0.19,1.49,-2.89414917373828,213.81,0.040,0,0,0,0.191160500049591
191711.400,16,44.53,62.3,24°52.872018 N,46°39.558252 E,0,1,0,0,690.67,-1.30,2,86917.000,1,75.720,497.87,0.03,-0.18,1.47,-2.91052820697089,218.96,0.040,0,0,0,0.191260606050491
191711.440,16,44.37,62.4,24°52.872144 N,46°39.558510 E,0,1,0,0,690.65,-1.30,2,86950.000,1,75.760,498.36,0.00,-0.11,1.46,-2.92089249492901,215.95,0.040,0,0,0,0.157069593667984
191711.480,16,44.29,62.2,24°52.872270 N,46°39.558768 E,0,1,0,0,690.63,-1.30,2,86983.000,1,75.800,498.86,0.07,-0.06,1.45,-2.92636665387134,201.67,0.040,0,0,0,0.121212497353554
191711.520,16,44.23,62.0,24°52.872396 N,46°39.559026 E,0,1,0,0,690.61,-1.30,2,87017.000,1,75.840,499.35,0.10,-0.04,1.43,-2.92993918567585,191.04,0.040,0,0,0,0.101558096706867
191711.560,16,44.33,61.8,24°52.872522 N,46°39.559284 E,0,1,0,0,690.58,-1.33,2,87083.000,1,75.880,499.84,0.15,0.07,1.42,-3.00473719828559,188.98,0.040,0,0,0,0.0889125689864159
191711.600,16,44.24,61.4,24°52.872654 N,46°39.559536 E,0,1,0,0,690.58,-1.30,2,87117.000,1,75.920,500.33,0.19,-0.06,1.40,-2.92947558770344,182.80,0.040,0,0,0,0.113478802144527
191711.640,16,44.24,61.2,24°52.872780 N,46°39.559794 E,0,1,0,0,690.57,-1.30,2,87150.000,1,75.960,500.82,0.14,0.00,1.39,-2.92947558770344,174.64,0.040,0,0,0,0.115594200789928
191711.680,16,44.27,61.1,24°52.872912 N,46°39.560052 E,0,1,0,0,690.55,-1.26,2,87183.000,1,76.000,501.32,0.07,0.02,1.37,-2.8459783615296,184.94,0.040,0,0,0,0.104630596935749
191711.720,16,44.27,60.9,24°52.873044 N,46°39.560304 E,0,1,0,0,690.53,-1.26,2,87217.000,1,76.040,501.81,0.12,0.00,1.36,-2.84642841006642,164.93,0.040,0,0,0,0.107046999037266
191711.760,16,44.27,60.5,24°52.873176 N,46°39.560562 E,0,1,0,0,690.50,-1.30,2,87283.000,1,76.080,502.30,0.17,0.00,1.35,-2.92775493606831,146.37,0.040,0,0,0,0.120321497321129
191711.800,16,44.38,60.3,24°52.873308 N,46°39.560814 E,0,1,0,0,690.47,-1.30,2,87317.000,1,76.120,502.79,0.11,0.08,1.33,-2.9204317551885,148.22,0.040,0,0,0,0.124052003026009
191711.840,16,44.27,60.1,24°52.873446 N,46°39.561066 E,0,1,0,0,690.46,-1.33,2,87350.000,1,76.160,503.28,0.16,-0.07,1.32,-3.00860569647415,140.64,0.040,0,0,0,0.126438200473785
191711.880,16,44.34,60.0,24°52.873578 N,46°39.561324 E,0,1,0,0,690.44,-1.30,2,87383.000,1,76.200,503.78,0.02,0.05,1.30,-2.92280282357186,144.76,0.040,0,0,0,0.104652501642704
191711.920,16,44.34,59.7,24°52.873716 N,46°39.561570 E,0,1,0,0,690.43,-1.30,2,87417.000,1,76.240,504.27,0.19,0.00,1.29,-2.92300058640444,137.56,0.040,0,0,0,0.120608597993851
191711.960,16,44.29,59.3,24°52.873854 N,46°39.561822 E,0,1,0,0,690.42,-1.30,2,87483.000,1,76.280,504.76,0.22,-0.03,1.27,-2.92590418566849,135.74,0.040,0,0,0,0.140397906303406
191712.000,16,44.32,59.0,24°52.873992 N,46°39.562068 E,0,1,0,0,690.40,-1.33,2,87517.000,1,76.320,505.25,0.18,0.02,1.26,-3.00568643379366,124.87,0.040,0,0,0,0.147994592785835
191712.040,16,44.23,58.5,24°52.874136 N,46°39.562314 E,0,1,0,0,690.38,-1.33,2,87550.000,1,76.360,505.75,0.24,-0.06,1.24,-3.0115306353154,110.13,0.040,0,0,0,0.168867498636246
191712.080,16,44.17,58.0,24°52.874280 N,46°39.562560 E,0,1,0,0,690.38,-1.33,2,87583.000,1,76.400,506.24,0.28,-0.04,1.23,-3.01575801485238,99.99,0.040,0,0,0,0.19198839366436
191712.120,16,44.01,57.6,24°52.874424 N,46°39.562806 E,0,1,0,0,690.36,-1.33,2,87617.000,1,76.440,506.73,0.23,-0.11,1.22,-3.02630981051484,94.09,0.040,0,0,0,0.210424304008484
191712.160,16,43.79,57.4,24°52.874562 N,46°39.563046 E,0,1,0,0,690.33,-1.33,2,87683.000,1,76.480,507.21,0.11,-0.16,1.20,-3.0417903630966,95.06,0.040,0,0,0,0.213479802012444
191712.200,16,43.69,57.0,24°52.874712 N,46°39.563286 E,0,1,0,0,690.32,-1.33,2,87717.000,1,76.520,507.70,0.19,-0.07,1.19,-3.04875257495994,94.82,0.040,0,0,0,0.203796297311783
191712.240,16,43.73,56.5,24°52.874856 N,46°39.563526 E,0,1,0,0,690.29,-1.33,2,87750.000,1,76.560,508.19,0.28,0.03,1.17,-3.04603352466327,89.55,0.040,0,0,0,0.202939301729202
191712.280,16,43.81,56.1,24°52.875006 N,46°39.563766 E,0,1,0,0,690.28,-1.33,2,87783.000,1,76.600,508.67,0.22,0.05,1.16,-3.04074877297112,84.52,0.040,0,0,0,0.204351603984833
191712.320,16,43.77,55.5,24°52.875156 N,46°39.564000 E,0,1,0,0,690.27,-1.33,2,87817.000,1,76.640,509.16,0.31,-0.03,1.14,-3.04324978866321,78.73,0.040,0,0,0,0.225408896803856
191712.360,15,43.63,55.1,24°52.875312 N,46°39.564240 E,0,1,0,0,690.24,-1.33,2,87883.000,1,76.680,509.64,0.24,-0.10,1.13,-3.05280528052805,76.75,0.040,0,0,0,0.233237996697426
191712.400,15,43.49,54.7,24°52.875462 N,46°39.564474 E,0,1,0,0,690.21,-1.37,2,87917.000,1,76.720,510.13,0.21,-0.10,1.11,-3.14569536423841,73.74,0.040,0,0,0,0.237560793757439
191712.440,15,43.23,54.3,24°52.875618 N,46°39.564702 E,0,1,0,0,690.19,-1.37,2,87950.000,1,76.760,510.61,0.23,-0.19,1.10,-3.16483516483516,71.44,0.040,0,0,0,0.26132270693779
191712.480,15,42.95,53.7,24°52.875774 N,46°39.564930 E,0,1,0,0,690.17,-1.37,2,87983.000,1,76.800,511.09,0.32,-0.19,1.08,-3.18495064257776,64.53,0.040,0,0,0,0.294233411550522
191712.520,15,42.77,52.9,24°52.875930 N,46°39.565152 E,0,1,0,0,690.15,-1.37,2,88017.000,1,76.840,511.56,0.40,-0.13,1.07,-3.19835406340597,60.28,0.040,0,0,0,0.312496900558472
191712.560,15,42.55,52.2,24°52.876092 N,46°39.565368 E,0,1,0,0,690.12,-1.37,2,88083.000,1,76.880,512.04,0.39,-0.16,1.05,-3.21541896815137,57.05,0.040,0,0,0,0.336478888988495
191712.600,15,42.31,51.8,24°52.876248 N,46°39.565590 E,0,1,0,0,690.10,-1.40,2,88117.000,1,76.920,512.51,0.19,-0.16,1.04,-3.31805076334074,56.42,0.040,0,0,0,0.320067495107651
191712.640,15,42.24,51.3,24°52.876410 N,46°39.565806 E,0,1,0,0,690.09,-1.37,2,88150.000,1,76.960,512.98,0.24,-0.05,1.02,-3.23871303771396,56.14,0.040,0,0,0,0.290760695934296
191712.680,15,42.20,50.7,24°52.876572 N,46°39.566016 E,0,1,0,0,690.08,-1.33,2,88183.000,1,77.000,513.45,0.35,-0.03,1.01,-3.15617373172523,54.81,0.040,0,0,0,0.294591903686523
191712.720,15,42.12,50.1,24°52.876740 N,46°39.566232 E,0,1,0,0,690.06,-1.33,2,88217.000,1,77.040,513.92,0.31,-0.06,0.99,-3.16269351315415,53.46,0.040,0,0,0,0.298784404993057
191712.760,15,42.07,49.8,24°52.876902 N,46°39.566442 E,0,1,0,0,690.03,-1.37,2,88283.000,1,77.080,514.39,0.14,-0.04,0.98,-3.2520325203252,52.85,0.040,0,0,0,0.267164409160614
191712.800,15,42.11,49.1,24°52.877070 N,46°39.566652 E,0,1,0,0,690.01,-1.37,2,88317.000,1,77.120,514.85,0.34,0.03,0.96,-3.24871167683868,50.91,0.040,0,0,0,0.277263194322586
191712.840,15,42.07,48.4,24°52.877244 N,46°39.566856 E,0,1,0,0,689.99,-1.37,2,88350.000,1,77.160,515.32,0.38,-0.03,0.95,-3.2520325203252,49.47,0.040,0,0,0,0.298695713281631
191712.880,15,42.16,47.7,24°52.877418 N,46°39.567060 E,0,1,0,0,689.97,-1.33,2,88383.000,1,77.200,515.79,0.39,0.07,0.93,-3.15939278937381,47.61,0.040,0,0,0,0.316521197557449
191712.920,15,42.26,46.8,24°52.877592 N,46°39.567264 E,0,1,0,0,689.96,-1.33,2,88417.000,1,77.240,516.26,0.44,0.07,0.92,-3.15191670610506,46.27,0.040,0,0,0,0.34344470500946
191712.960,16,42.30,46.1,24°52.877772 N,46°39.567462 E,0,1,0,0,689.94,-1.33,2,88483.000,1,77.280,516.73,0.39,0.03,0.90,-3.14893617021277,44.69,0.040,0,0,0,0.35287681221962
191713.000,15,42.30,45.3,24°52.877958 N,46°39.567654 E,0,1,0,0,689.93,-1.30,2,88517.000,1,77.320,517.20,0.40,0.00,0.89,-3.06411953849064,42.99,0.040,0,0,0,0.360165804624557
191713.040,16,42.24,44.6,24°52.878138 N,46°39.567846 E,0,1,0,0,689.92,-1.33,2,88550.000,1,77.360,517.67,0.36,-0.04,0.87,-3.1534837472478,41.77,0.040,0,0,0,0.36022961139679
191713.080,16,42.29,43.7,24°52.878330 N,46°39.568032 E,0,1,0,0,689.89,-1.33,2,88583.000,1,77.400,518.14,0.47,0.04,0.86,-3.14975525550379,40.59,0.040,0,0,0,0.382216185331345
191713.120,16,42.27,42.5,24°52.878522 N,46°39.568218 E,0,1,0,0,689.89,-1.33,2,88617.000,1,77.440,518.61,0.66,-0.01,0.84,-3.15109649641598,38.61,0.040,0,0,0,0.438307404518127
191713.160,16,42.12,41.6,24°52.878714 N,46°39.568392 E,0,1,0,0,689.88,-1.30,2,88683.000,1,77.480,519.08,0.45,-0.11,0.83,-3.07692307692308,38.01,0.040,0,0,0,0.444704204797745
191713.200,16,42.00,40.7,24°52.878906 N,46°39.568566 E,0,1,0,0,689.87,-1.30,2,88717.000,1,77.520,519.54,0.47,-0.09,0.81,-3.08586123148721,36.10,0.040,0,0,0,0.451658397912979
191713.240,16,41.86,40.0,24°52.879104 N,46°39.568740 E,0,1,0,0,689.87,-1.26,2,88750.000,1,77.560,520.01,0.38,-0.10,0.80,-3.01024918173782,35.13,0.040,0,0,0,0.440611690282822
191713.280,16,41.71,39.0,24°52.879302 N,46°39.568908 E,0,1,0,0,689.86,-1.26,2,88783.000,1,77.600,520.47,0.47,-0.10,0.78,-3.02064104715556,34.31,0.040,0,0,0,0.449274212121964
191713.320,16,41.67,38.0,24°52.879500 N,46°39.569070 E,0,1,0,0,689.86,-1.26,2,88817.000,1,77.640,520.94,0.52,-0.03,0.77,-3.02404838477416,33.08,0.040,0,0,0,0.460499286651611
191713.360,16,41.70,37.2,24°52.879704 N,46°39.569232 E,0,1,0,0,689.85,-1.26,2,88883.000,1,77.680,521.40,0.41,0.02,0.75,-3.0219450773474,31.75,0.040,0,0,0,0.447073400020599
191713.400,16,41.62,36.0,24°52.879908 N,46°39.569388 E,0,1,0,0,689.86,-1.22,2,88917.000,1,77.720,521.86,0.62,-0.05,0.74,-2.94068183456262,30.33,0.040,0,0,0,0.483154803514481
191713.440,16,41.43,35.2,24°52.880118 N,46°39.569538 E,0,1,0,0,689.86,-1.19,2,88950.000,1,77.760,522.32,0.41,-0.14,0.73,-2.86783343391672,30.04,0.040,0,0,0,0.475348889827728
191713.480,16,41.47,34.3,24°52.880328 N,46°39.569688 E,0,1,0,0,689.86,-1.19,2,88983.000,1,77.800,522.78,0.46,0.03,0.71,-2.86458333333333,29.72,0.040,0,0,0,0.466322004795074
191713.520,16,41.40,33.5,24°52.880538 N,46°39.569826 E,0,1,0,0,689.86,-1.15,2,89017.000,1,77.840,523.24,0.45,-0.05,0.70,-2.78233987054391,29.58,0.040,0,0,0,0.463893085718155
191713.560,16,41.60,32.5,24°52.880754 N,46°39.569970 E,0,1,0,0,689.86,-1.15,2,89083.000,1,77.880,523.71,0.49,0.14,0.69,-2.76909763953656,29.29,0.040,0,0,0,0.470651090145111
191713.600,16,41.67,31.4,24°52.880970 N,46°39.570108 E,0,1,0,0,689.86,-1.15,2,89117.000,1,77.920,524.17,0.56,0.05,0.67,-2.7645788336933,28.64,0.040,0,0,0,0.488562911748886
191713.640,16,41.65,30.3,24°52.881192 N,46°39.570240 E,0,1,0,0,689.86,-1.12,2,89150.000,1,77.960,524.63,0.56,-0.02,0.66,-2.67960046100653,27.84,0.040,0,0,0,0.500501394271851
191713.680,16,41.53,29.5,24°52.881414 N,46°39.570366 E,0,1,0,0,689.85,-1.12,2,89183.000,1,78.000,525.09,0.44,-0.09,0.65,-2.68747290853923,27.83,0.040,0,0,0,0.490075290203094
191713.720,16,41.27,28.3,24°52.881636 N,46°39.570486 E,0,1,0,0,689.86,-1.08,2,89217.000,1,78.040,525.55,0.59,-0.18,0.64,-2.61710325441636,27.88,0.040,0,0,0,0.52082347869873
191713.760,16,41.15,27.2,24°52.881858 N,46°39.570606 E,0,1,0,0,689.85,-1.08,2,89283.000,1,78.080,526.01,0.55,-0.08,0.62,-2.6244167962675,27.39,0.040,0,0,0,0.526140511035919
191713.800,16,41.13,26.1,24°52.882080 N,46°39.570714 E,0,1,0,0,689.84,-1.08,2,89317.000,1,78.120,526.47,0.55,-0.02,0.61,-2.62582056892779,27.01,0.040,0,0,0,0.527570128440857
191713.840,15,41.17,25.1,24°52.882314 N,46°39.570822 E,0,1,0,0,689.84,-1.08,2,89350.000,1,78.160,526.93,0.54,0.03,0.60,-2.62307823087946,26.43,0.040,0,0,0,0.52822482585907
191713.880,15,41.04,24.1,24°52.882536 N,46°39.570930 E,0,1,0,0,689.85,-1.04,2,89383.000,1,78.200,527.38,0.47,-0.09,0.59,-2.54385964912281,26.30,0.040,0,0,0,0.520054399967194
191713.920,15,40.91,23.2,24°52.882770 N,46°39.571026 E,0,1,0,0,689.85,-1.01,2,89417.000,1,78.240,527.84,0.47,-0.09,0.57,-2.46412594421493,26.37,0.040,0,0,0,0.513047516345978
191713.960,15,40.94,22.3,24°52.882998 N,46°39.571128 E,0,1,0,0,689.85,-1.01,2,89483.000,1,78.280,528.29,0.44,0.02,0.56,-2.4621998583258,26.25,0.040,0,0,0,0.495056688785553
191714.000,15,40.84,21.4,24°52.883232 N,46°39.571218 E,0,0,0,0,689.84,-1.01,1,89517.000,1,78.320,528.75,0.46,-0.07,0.55,-2.46804759806082,26.72,0.040,0,0,0,0.489811509847641
191714.040,15,40.77,20.5,24°52.883460 N,46°39.571308 E,0,1,0,0,689.84,-0.97,2,89550.000,1,78.360,529.20,0.47,-0.05,0.54,-2.38387207534213,26.43,0.040,0,0,0,0.48639640212059
191714.080,15,40.98,19.6,24°52.883700 N,46°39.571392 E,0,1,0,0,689.85,-0.94,2,89583.000,1,78.400,529.65,0.45,0.15,0.53,-2.28409673247273,26.58,0.040,0,0,0,0.479570686817169
191714.120,15,41.04,18.5,24°52.883934 N,46°39.571470 E,0,1,0,0,689.88,-0.86,2,89617.000,1,78.440,530.11,0.54,0.05,0.52,-2.10505798655102,26.28,0.040,0,0,0,0.492512196302414
191714.160,16,41.07,17.5,24°52.884174 N,46°39.571542 E,0,1,0,0,689.89,-0.83,2,89683.000,1,78.480,530.57,0.53,0.01,0.51,-2.01631559722391,26.15,0.040,0,0,0,0.498230695724487
191714.200,16,40.87,16.4,24°52.884414 N,46°39.571614 E,0,1,0,0,689.89,-0.83,2,89717.000,1,78.520,531.02,0.56,-0.14,0.50,-2.02573763272496,25.99,0.040,0,0,0,0.512263298034668
191714.240,16,40.82,15.2,24°52.884654 N,46°39.571674 E,0,1,0,0,689.90,-0.79,2,89750.000,1,78.560,531.47,0.58,-0.04,0.49,-1.94022537971583,25.84,0.040,0,0,0,0.52575671672821
191714.280,16,40.71,14.4,24°52.884888 N,46°39.571734 E,0,1,0,0,689.92,-0.76,2,89783.000,1,78.600,531.93,0.43,-0.08,0.48,-1.85726569217541,25.77,0.040,0,0,0,0.509417474269867
191714.320,16,40.71,13.4,24°52.885134 N,46°39.571788 E,0,1,0,0,689.93,-0.76,2,89817.000,1,78.640,532.38,0.47,0.00,0.47,-1.85708320027512,26.15,0.040,0,0,0,0.500296294689178
191714.360,16,40.65,12.7,24°52.885374 N,46°39.571842 E,0,1,0,0,689.93,-0.72,2,89883.000,1,78.680,532.83,0.35,-0.04,0.46,-1.77130486124779,26.80,0.040,0,0,0,0.471348792314529
191714.400,16,40.68,11.8,24°52.885614 N,46°39.571890 E,0,1,0,0,689.94,-0.72,2,89917.000,1,78.720,533.28,0.49,0.03,0.45,-1.76973748893914,27.04,0.040,0,0,0,0.47355580329895
191714.440,16,40.66,10.5,24°52.885860 N,46°39.571932 E,0,1,0,0,689.95,-0.72,2,89950.000,1,78.760,533.74,0.62,-0.02,0.44,-1.77086920163313,26.72,0.040,0,0,0,0.502521216869354
191714.480,16,40.73,9.1,24°52.886100 N,46°39.571968 E,0,1,0,0,689.94,-0.72,2,89983.000,1,78.800,534.19,0.73,0.05,0.44,-1.7678689812655,25.85,0.040,0,0,0,0.548043727874756
191714.520,16,40.62,8.2,24°52.886346 N,46°39.571998 E,0,1,0,0,689.94,-0.72,2,90017.000,1,78.840,534.64,0.45,-0.07,0.43,-1.77243858007976,25.84,0.040,0,0,0,0.528693914413452
191714.560,16,40.50,7.3,24°52.886586 N,46°39.572028 E,0,1,0,0,689.95,-0.72,2,90083.000,1,78.880,535.09,0.46,-0.09,0.42,-1.77795337811142,25.66,0.040,0,0,0,0.518740892410278
191714.600,16,40.63,6.6,24°52.886832 N,46°39.572052 E,0,1,0,0,689.95,-0.68,2,90117.000,1,78.920,535.54,0.36,0.10,0.41,-1.68336081510103,26.10,0.040,0,0,0,0.483784914016724
191714.640,16,40.59,5.7,24°52.887078 N,46°39.572070 E,0,1,0,0,689.95,-0.68,2,90150.000,1,78.960,535.99,0.42,-0.03,0.40,-1.68514412416851,26.25,0.040,0,0,0,0.470314413309097
191714.680,16,40.53,4.5,24°52.887324 N,46°39.572088 E,0,1,0,0,689.95,-0.68,2,90183.000,1,79.000,536.44,0.60,-0.04,0.40,-1.68768042636137,25.66,0.040,0,0,0,0.497268110513687
191714.720,16,40.38,3.4,24°52.887564 N,46°39.572094 E,0,1,0,0,689.96,-0.65,2,90217.000,1,79.040,536.89,0.56,-0.10,0.39,-1.60471508877938,25.47,0.040,0,0,0,0.514363884925842
191714.760,16,40.27,2.0,24°52.887810 N,46°39.572094 E,0,1,0,0,689.96,-0.65,2,90283.000,1,79.080,537.34,0.69,-0.08,0.38,-1.60901844908499,24.83,0.040,0,0,0,0.550495088100433
191714.800,16,40.21,0.9,24°52.888050 N,46°39.572088 E,0,1,0,0,689.95,-0.65,2,90317.000,1,79.120,537.79,0.53,-0.05,0.37,-1.61173983335406,24.83,0.040,0,0,0,0.546983420848846
191714.840,16,40.27,359.8,24°52.888296 N,46°39.572082 E,0,1,0,0,689.96,-0.61,2,90350.000,1,79.160,538.23,0.55,0.05,0.37,-1.51974174323318,24.95,0.040,0,0,0,0.544640600681305
191714.880,16,40.42,359.0,24°52.888542 N,46°39.572070 E,0,1,0,0,689.96,-0.61,2,90383.000,1,79.200,538.68,0.43,0.10,0.36,-1.51421431575822,25.05,0.040,0,0,0,0.523678600788116
191714.920,16,40.53,357.9,24°52.888788 N,46°39.572052 E,0,1,0,0,689.95,-0.61,2,90417.000,1,79.240,539.13,0.53,0.08,0.35,-1.5101789019124,24.92,0.040,0,0,0,0.526954114437103
191714.960,16,40.61,357.0,24°52.889034 N,46°39.572034 E,0,1,0,0,689.96,-0.58,2,90483.000,1,79.280,539.58,0.46,0.06,0.35,-1.41830000984931,24.64,0.040,0,0,0,0.514382779598236
191715.000,16,40.91,355.9,24°52.889280 N,46°39.572010 E,0,1,0,0,689.96,-0.54,2,90517.000,1,79.320,540.04,0.57,0.21,0.34,-1.31984161900572,24.56,0.040,0,0,0,0.541331827640533
191715.040,16,40.96,355.0,24°52.889526 N,46°39.571980 E,0,1,0,0,689.97,-0.50,2,90550.000,1,79.360,540.49,0.46,0.03,0.33,-1.23043870999243,25.10,0.040,0,0,0,0.517591118812561
191715.080,16,40.99,354.0,24°52.889772 N,46°39.571944 E,0,1,0,0,689.98,-0.47,2,90583.000,1,79.400,540.95,0.47,0.02,0.33,-1.14185331576636,25.97,0.040,0,0,0,0.505516409873962
191715.120,16,41.03,353.1,24°52.890018 N,46°39.571908 E,0,1,0,0,689.99,-0.40,2,90617.000,1,79.440,541.40,0.48,0.03,0.32,-0.965241554136401,25.90,0.040,0,0,0,0.500287175178528
191715.160,16,41.01,352.3,24°52.890264 N,46°39.571866 E,0,1,0,0,690.01,-0.36,2,90683.000,1,79.480,541.86,0.37,-0.01,0.32,-0.877877487319547,26.23,0.040,0,0,0,0.473430991172791
191715.200,16,41.14,351.7,24°52.890510 N,46°39.571818 E,0,1,0,0,690.01,-0.36,2,90717.000,1,79.520,542.31,0.34,0.10,0.31,-0.87497569511958,26.39,0.040,0,0,0,0.450162589550018
191715.240,15,41.25,350.9,24°52.890762 N,46°39.571770 E,0,1,0,0,690.02,-0.36,2,90750.000,1,79.560,542.77,0.42,0.07,0.31,-0.872833070675233,26.47,0.040,0,0,0,0.445664286613464
191715.280,15,41.64,350.0,24°52.891008 N,46°39.571710 E,0,1,0,0,690.03,-0.32,2,90783.000,1,79.600,543.23,0.44,0.28,0.30,-0.778135357125702,27.35,0.040,0,0,0,0.47357839345932
191715.320,15,41.95,348.8,24°52.891260 N,46°39.571644 E,0,1,0,0,690.04,-0.29,2,90817.000,1,79.640,543.70,0.62,0.22,0.30,-0.686466129570482,27.42,0.040,0,0,0,0.517123997211456
191715.360,15,42.08,347.9,24°52.891512 N,46°39.571578 E,0,1,0,0,690.06,-0.25,2,90883.000,1,79.680,544.16,0.46,0.09,0.29,-0.598859315589354,28.48,0.040,0,0,0,0.495509803295135
191715.400,15,42.17,347.4,24°52.891758 N,46°39.571512 E,0,1,0,0,690.08,-0.22,2,90917.000,1,79.720,544.63,0.27,0.07,0.29,-0.512163892445583,29.70,0.040,0,0,0,0.446656614542007
191715.440,15,42.33,346.8,24°52.892010 N,46°39.571446 E,0,1,0,0,690.10,-0.18,2,90950.000,1,79.760,545.10,0.31,0.11,0.29,-0.425280567040756,30.95,0.040,0,0,0,0.423834592103958
191715.480,15,42.38,345.7,24°52.892256 N,46°39.571368 E,0,1,0,0,690.12,-0.18,2,90983.000,1,79.800,545.57,0.54,0.04,0.29,-0.424738667736379,30.56,0.040,0,0,0,0.443107694387436
191715.520,16,42.31,344.5,24°52.892502 N,46°39.571284 E,0,1,0,0,690.12,-0.14,2,91017.000,1,79.840,546.04,0.66,-0.05,0.28,-0.340337028195977,30.05,0.040,0,0,0,0.482214391231537
191715.560,16,42.43,343.3,24°52.892748 N,46°39.571194 E,0,1,0,0,690.13,-0.14,2,91083.000,1,79.880,546.51,0.59,0.08,0.28,-0.339414509970301,29.66,0.040,0,0,0,0.506305873394012
191715.600,16,42.39,342.5,24°52.892988 N,46°39.571104 E,0,1,0,0,690.13,-0.14,2,91117.000,1,79.920,546.98,0.43,-0.03,0.28,-0.339702760084926,30.31,0.040,0,0,0,0.490418493747711
191715.640,16,42.65,341.9,24°52.893234 N,46°39.571014 E,0,1,0,0,690.13,-0.14,2,91150.000,1,79.960,547.46,0.31,0.18,0.28,-0.337639803981336,31.23,0.040,0,0,0,0.465173989534378
191715.680,16,42.84,341.2,24°52.893480 N,46°39.570912 E,0,1,0,0,690.13,-0.14,2,91183.000,1,80.000,547.93,0.40,0.14,0.28,-0.336103071608627,31.78,0.040,0,0,0,0.460061997175217
191715.720,16,42.87,340.2,24°52.893720 N,46°39.570810 E,0,1,0,0,690.13,-0.14,2,91217.000,1,80.040,548.41,0.49,0.01,0.27,-0.335938411291263,31.85,0.040,0,0,0,0.458853513002396
191715.760,16,42.98,339.1,24°52.893960 N,46°39.570702 E,0,1,0,0,690.13,-0.14,2,91283.000,1,80.080,548.88,0.60,0.08,0.27,-0.33500837520938,30.99,0.040,0,0,0,0.488904297351837
191715.800,16,42.89,338.0,24°52.894200 N,46°39.570588 E,0,1,0,0,690.14,-0.11,2,91317.000,1,80.120,549.36,0.59,-0.06,0.27,-0.251783466219052,29.91,0.040,0,0,0,0.505020499229431
191715.840,16,42.96,336.9,24°52.894434 N,46°39.570468 E,0,1,0,0,690.15,-0.11,2,91350.000,1,80.160,549.84,0.57,0.05,0.27,-0.251402500058195,29.43,0.040,0,0,0,0.518132090568542
191715.880,16,42.96,336.0,24°52.894668 N,46°39.570342 E,0,1,0,0,690.17,-0.07,2,91383.000,1,80.200,550.32,0.49,0.00,0.27,-0.167617273891282,29.31,0.040,0,0,0,0.511459827423096
191715.920,16,43.11,335.4,24°52.894908 N,46°39.570222 E,0,1,0,0,690.18,-0.04,2,91417.000,1,80.240,550.79,0.30,0.11,0.27,-0.0834995593078814,30.82,0.040,0,0,0,0.473267704248428
191715.960,16,42.91,335.0,24°52.895142 N,46°39.570096 E,0,1,0,0,690.19,-0.04,2,91483.000,1,80.280,551.27,0.21,-0.15,0.27,-0.0839004381467325,31.85,0.040,0,0,0,0.418926209211349
191716.000,16,42.88,334.6,24°52.895370 N,46°39.569976 E,0,1,0,0,690.19,-0.04,2,91517.000,1,80.320,551.75,0.22,-0.02,0.27,-0.083955223880597,32.09,0.040,0,0,0,0.379363298416138
191716.040,16,42.86,334.2,24°52.895604 N,46°39.569844 E,0,1,0,0,690.20,-0.04,2,91550.000,1,80.360,552.23,0.24,-0.02,0.27,-0.0839983200335993,32.43,0.040,0,0,0,0.351991295814514
191716.080,16,42.82,334.0,24°52.895832 N,46°39.569724 E,0,1,0,0,690.20,-0.04,2,91583.000,1,80.400,552.70,0.11,-0.03,0.26,-0.0840767901349899,34.69,0.040,0,0,0,0.3040372133255
191716.120,16,42.78,333.7,24°52.896066 N,46°39.569592 E,0,1,0,0,690.21,-0.04,2,91617.000,1,80.440,553.18,0.11,-0.03,0.26,-0.0841613091759205,38.06,0.040,0,0,0,0.266137689352036
191716.160,16,42.80,333.6,24°52.896294 N,46°39.569466 E,0,1,0,0,690.21,-0.04,2,91683.000,1,80.480,553.65,0.10,0.02,0.26,-0.0841042893187552,41.76,0.040,0,0,0,0.231497600674629
191716.200,16,42.85,333.5,24°52.896528 N,46°39.569340 E,0,1,0,0,690.21,-0.04,2,91717.000,1,80.520,554.13,0.05,0.04,0.26,-0.0840061604517665,45.20,0.040,0,0,0,0.195868894457817
191716.240,16,42.68,333.3,24°52.896756 N,46°39.569214 E,0,1,0,0,690.22,0.00,2,91750.000,1,80.560,554.60,0.08,-0.12,0.26,0,47.37,0.040,0,0,0,0.179965704679489
191716.280,16,42.79,333.0,24°52.896984 N,46°39.569082 E,0,1,0,0,690.23,0.00,2,91783.000,1,80.600,555.08,0.17,0.08,0.26,0,50.05,0.040,0,0,0,0.17207969725132
191716.320,16,42.68,332.6,24°52.897212 N,46°39.568950 E,0,1,0,0,690.23,0.00,2,91817.000,1,80.640,555.55,0.20,-0.08,0.26,0,53.55,0.040,0,0,0,0.179630905389786
191716.360,16,42.78,332.4,24°52.897440 N,46°39.568812 E,0,1,0,0,690.23,0.00,2,91883.000,1,80.680,556.03,0.14,0.07,0.26,0,60.56,0.040,0,0,0,0.169909596443176
191716.400,16,42.80,332.2,24°52.897668 N,46°39.568680 E,0,1,0,0,690.23,0.00,2,91917.000,1,80.720,556.50,0.08,0.01,0.26,0,70.82,0.040,0,0,0,0.1513631939888
191716.440,16,42.75,332.0,24°52.897890 N,46°39.568548 E,0,1,0,0,690.24,0.00,2,91950.000,1,80.760,556.98,0.09,-0.04,0.26,0,83.84,0.040,0,0,0,0.138345405459404
191716.480,16,42.67,332.0,24°52.898118 N,46°39.568416 E,0,1,0,0,690.24,0.00,2,91983.000,1,80.800,557.45,0.02,-0.06,0.26,0,101.91,0.040,0,0,0,0.120038501918316
191716.520,16,42.62,332.0,24°52.898346 N,46°39.568284 E,0,1,0,0,690.25,0.04,2,92017.000,1,80.840,557.93,-0.01,-0.03,0.26,0.0844594594594594,119.19,0.040,0,0,0,0.0958031192421913
191716.560,16,42.49,331.7,24°52.898568 N,46°39.568146 E,0,1,0,0,690.26,0.04,2,92083.000,1,80.880,558.40,0.17,-0.09,0.26,0.0847238238685839,121.12,0.040,0,0,0,0.123829796910286
191716.600,16,42.52,331.7,24°52.898796 N,46°39.568014 E,0,1,0,0,690.26,0.04,2,92117.000,1,80.920,558.87,0.01,0.02,0.26,0.0846740050804403,138.00,0.040,0,0,0,0.0894106477499008
191716.640,16,42.38,331.6,24°52.899018 N,46°39.567882 E,0,1,0,0,690.26,0.04,2,92150.000,1,80.960,559.34,0.05,-0.10,0.26,0.0849477335472758,157.22,0.040,0,0,0,0.0989334806799889
191716.680,16,42.12,331.7,24°52.899240 N,46°39.567750 E,0,1,0,0,690.26,0.04,2,92183.000,1,81.000,559.81,-0.07,-0.18,0.26,0.0854700854700855,180.37,0.040,0,0,0,0.131142005324364
191716.720,16,42.04,331.9,24°52.899462 N,46°39.567618 E,0,1,0,0,690.26,0.04,2,92217.000,1,81.040,560.28,-0.07,-0.06,0.26,0.0856306938464832,213.20,0.040,0,0,0,0.0923192873597145
191716.760,16,41.99,332.0,24°52.899684 N,46°39.567486 E,0,1,0,0,690.26,0.04,2,92283.000,1,81.080,560.75,-0.05,-0.03,0.26,0.085726532361766,250.16,0.040,0,0,0,0.0618766508996487
191716.800,16,42.03,332.1,24°52.899906 N,46°39.567360 E,0,1,0,0,690.27,0.04,2,92317.000,1,81.120,561.21,-0.08,0.03,0.26,0.0856531049250535,294.68,0.040,0,0,0,0.0190858896821737
191716.840,16,42.05,332.1,24°52.900134 N,46°39.567228 E,0,1,0,0,690.27,0.04,2,92350.000,1,81.160,561.68,-0.02,0.02,0.26,0.085608294492533,339.16,0.040,0,0,0,0.00912185106426477
191716.880,16,41.97,332.2,24°52.900356 N,46°39.567096 E,0,1,0,0,690.27,0.04,2,92383.000,1,81.200,562.15,-0.05,-0.06,0.27,0.0857714666920804,521.88,0.040,0,0,0,0.0331442803144455
191716.920,16,41.85,332.3,24°52.900578 N,46°39.566970 E,0,1,0,0,690.28,0.04,2,92417.000,1,81.240,562.61,-0.05,-0.09,0.27,0.0860215053763441,1000.00,0.040,0,0,0,0.0621511414647102
191716.960,16,41.81,332.6,24°52.900800 N,46°39.566844 E,0,1,0,0,690.28,0.04,2,92483.000,1,81.280,563.08,-0.15,-0.03,0.27,0.0861038029179622,1000.00,0.040,0,0,0,0.0648745000362396
191717.000,16,41.67,332.8,24°52.901022 N,46°39.566718 E,0,1,0,0,690.29,0.04,2,92517.000,1,81.320,563.54,-0.10,-0.10,0.27,0.0864013824221188,676.67,0.040,0,0,0,0.0930791422724724
191717.040,16,41.49,333.3,24°52.901250 N,46°39.566598 E,0,1,0,0,690.29,0.04,2,92550.000,1,81.360,564.00,-0.28,-0.13,0.27,0.0867762618714747,306.15,0.040,0,0,0,0.142878398299217
191717.080,16,41.52,333.5,24°52.901472 N,46°39.566478 E,0,1,0,0,690.29,0.04,2,92583.000,1,81.400,564.47,-0.10,0.02,0.27,0.0867072906380211,258.80,0.040,0,0,0,0.108489900827408
191717.120,16,41.46,333.9,24°52.901694 N,46°39.566358 E,0,1,0,0,690.29,0.04,2,92617.000,1,81.440,564.93,-0.21,-0.04,0.27,0.0868285859000024,206.53,0.040,0,0,0,0.128742307424545
191717.160,16,41.44,334.2,24°52.901922 N,46°39.566238 E,0,1,0,0,690.30,0.04,2,92683.000,1,81.480,565.39,-0.14,-0.01,0.27,0.0868662982892165,157.23,0.040,0,0,0,0.128739297389984
191717.200,16,41.26,334.6,24°52.902144 N,46°39.566124 E,0,1,0,0,690.30,0.04,2,92717.000,1,81.520,565.85,-0.21,-0.13,0.27,0.0872600349040139,133.50,0.040,0,0,0,0.164251402020454
191717.240,16,41.20,335.1,24°52.902372 N,46°39.566010 E,0,1,0,0,690.30,0.04,2,92750.000,1,81.560,566.30,-0.22,-0.04,0.27,0.087382882664207,113.24,0.040,0,0,0,0.16992250084877
191717.280,16,41.16,335.5,24°52.902594 N,46°39.565902 E,0,1,0,0,690.30,0.04,2,92783.000,1,81.600,566.76,-0.21,-0.03,0.27,0.0874656818678782,104.84,0.040,0,0,0,0.17459799349308
191717.320,16,40.84,336.1,24°52.902816 N,46°39.565794 E,0,1,0,0,690.30,0.04,2,92817.000,1,81.640,567.22,-0.34,-0.23,0.27,0.0881596669523693,90.98,0.040,0,0,0,0.244891002774239
191717.360,16,40.68,336.8,24°52.903044 N,46°39.565692 E,0,1,0,0,690.31,0.04,2,92883.000,1,81.680,567.67,-0.33,-0.11,0.27,0.0885042777067558,79.99,0.040,0,0,0,0.260773509740829
191717.400,16,40.59,337.5,24°52.903266 N,46°39.565596 E,0,1,0,0,690.31,0.04,2,92916.000,1,81.720,568.12,-0.36,-0.06,0.27,0.0886830566093511,71.52,0.040,0,0,0,0.270596295595169
191717.440,16,40.43,338.4,24°52.903494 N,46°39.565500 E,0,1,0,0,690.31,0.04,2,92950.000,1,81.760,568.57,-0.43,-0.11,0.27,0.0890383854372774,61.82,0.040,0,0,0,0.307338207960129
191717.480,16,40.35,339.2,24°52.903722 N,46°39.565410 E,0,1,0,0,690.31,0.04,2,92983.000,1,81.800,569.02,-0.43,-0.06,0.27,0.0892215420456517,54.93,0.040,0,0,0,0.327539503574371
191717.520,16,40.16,339.9,24°52.903950 N,46°39.565326 E,0,1,0,0,690.32,0.04,2,93016.000,1,81.840,569.47,-0.32,-0.13,0.27,0.0896369702704048,50.64,0.040,0,0,0,0.336243897676468
191717.560,16,40.05,340.4,24°52.904178 N,46°39.565242 E,0,1,0,0,690.33,0.04,2,93083.000,1,81.880,569.91,-0.27,-0.08,0.27,0.0898876404494382,48.85,0.040,0,0,0,0.322914302349091
191717.600,16,39.87,341.4,24°52.904400 N,46°39.565164 E,0,1,0,0,690.33,0.04,2,93116.000,1,81.920,570.36,-0.48,-0.12,0.27,0.0902843958469178,44.21,0.040,0,0,0,0.360101491212845
191717.640,16,39.86,342.0,24°52.904628 N,46°39.565086 E,0,1,0,0,690.32,0.00,2,93150.000,1,81.960,570.80,-0.31,-0.01,0.27,0,43.73,0.040,0,0,0,0.342268288135529
191717.680,15,39.79,342.9,24°52.904862 N,46°39.565014 E,0,1,0,0,690.30,-0.04,2,93183.000,1,82.000,571.24,-0.42,-0.05,0.27,-0.0904727199618004,40.60,0.040,0,0,0,0.356917500495911
191717.720,15,39.66,343.7,24°52.905090 N,46°39.564948 E,0,1,0,0,690.30,-0.04,2,93216.000,1,82.040,571.68,-0.41,-0.09,0.27,-0.0907761359624792,38.64,0.040,0,0,0,0.372592389583588
191717.760,15,39.57,344.7,24°52.905318 N,46°39.564882 E,0,1,0,0,690.30,-0.04,2,93283.000,1,82.080,572.12,-0.47,-0.06,0.27,-0.0909757145384246,36.00,0.040,0,0,0,0.392724096775055
191717.800,15,39.48,345.5,24°52.905546 N,46°39.564822 E,0,1,0,0,690.30,-0.04,2,93316.000,1,82.120,572.56,-0.39,-0.06,0.27,-0.0911831007319977,34.64,0.040,0,0,0,0.393838703632355
191717.840,15,39.19,346.5,24°52.905774 N,46°39.564774 E,0,1,0,0,690.31,-0.04,2,93350.000,1,82.160,573.00,-0.49,-0.21,0.27,-0.091869545245751,32.66,0.040,0,0,0,0.430564105510712
191717.880,14,39.16,347.7,24°52.906002 N,46°39.564726 E,0,1,0,0,690.32,-0.04,2,93383.000,1,82.200,573.44,-0.56,-0.02,0.27,-0.0919375845953469,30.63,0.040,0,0,0,0.44601708650589
191717.920,14,38.89,348.5,24°52.906230 N,46°39.564678 E,0,1,0,0,690.32,-0.04,2,93416.000,1,82.240,573.87,-0.39,-0.19,0.27,-0.0925664035380936,30.07,0.040,0,0,0,0.450022786855698
191717.960,14,38.87,349.4,24°52.906458 N,46°39.564636 E,0,1,0,0,690.30,-0.07,2,93483.000,1,82.280,574.30,-0.45,-0.01,0.27,-0.185218532143133,29.42,0.040,0,0,0,0.439272910356522
191718.000,14,38.96,350.5,24°52.906692 N,46°39.564600 E,0,1,0,0,690.28,-0.11,2,93516.000,1,82.320,574.73,-0.53,0.06,0.27,-0.277214507559229,28.59,0.040,0,0,0,0.452801287174225
191718.040,16,38.81,351.6,24°52.906920 N,46°39.564570 E,0,1,0,0,690.27,-0.14,2,93550.000,1,82.360,575.17,-0.54,-0.11,0.27,-0.371057513914657,27.92,0.040,0,0,0,0.472850292921066
191718.080,16,38.81,352.6,24°52.907148 N,46°39.564540 E,0,1,0,0,690.27,-0.14,2,93583.000,1,82.400,575.60,-0.48,0.00,0.27,-0.371057513914657,27.65,0.040,0,0,0,0.471708297729492
191718.120,16,38.75,353.8,24°52.907382 N,46°39.564522 E,0,1,0,0,690.25,-0.18,2,93616.000,1,82.440,576.03,-0.56,-0.04,0.27,-0.464552094355692,26.60,0.040,0,0,0,0.489089995622635
191718.160,16,38.57,355.1,24°52.907610 N,46°39.564510 E,0,1,0,0,690.25,-0.22,2,93683.000,1,82.480,576.46,-0.60,-0.13,0.27,-0.560020741508945,25.20,0.040,0,0,0,0.51576167345047
191718.200,16,38.30,356.1,24°52.907838 N,46°39.564498 E,0,1,0,0,690.24,-0.22,2,93716.000,1,82.520,576.88,-0.52,-0.19,0.26,-0.563968668407311,24.82,0.040,0,0,0,0.529140293598175
191718.240,16,38.06,357.5,24°52.908066 N,46°39.564492 E,0,1,0,0,690.23,-0.25,2,93750.000,1,82.560,577.31,-0.65,-0.17,0.26,-0.662182047508934,23.48,0.040,0,0,0,0.559951424598694
191718.280,16,37.92,358.8,24°52.908288 N,46°39.564498 E,0,1,0,0,690.22,-0.25,2,93783.000,1,82.600,577.73,-0.59,-0.09,0.26,-0.664521913401192,22.80,0.040,0,0,0,0.561931014060974
191718.320,16,38.02,359.8,24°52.908516 N,46°39.564498 E,0,1,0,0,690.21,-0.29,2,93816.000,1,82.640,578.15,-0.49,0.07,0.26,-0.757575757575758,22.58,0.040,0,0,0,0.536783397197723
191718.360,16,37.95,0.9,24°52.908744 N,46°39.564510 E,0,1,0,0,690.20,-0.32,2,93883.000,1,82.680,578.57,-0.51,-0.05,0.25,-0.85379993675556,22.36,0.040,0,0,0,0.533133983612061
191718.400,16,38.02,2.2,24°52.908972 N,46°39.564528 E,0,1,0,0,690.19,-0.32,2,93916.000,1,82.720,579.00,-0.60,0.05,0.25,-0.852115824632459,21.79,0.040,0,0,0,0.544513523578644
191718.440,16,38.05,3.3,24°52.909200 N,46°39.564546 E,0,1,0,0,690.19,-0.32,2,93950.000,1,82.760,579.42,-0.51,0.02,0.25,-0.851555929352397,21.70,0.040,0,0,0,0.537812292575836
191718.480,16,37.88,4.0,24°52.909422 N,46°39.564570 E,0,1,0,0,690.18,-0.36,2,93983.000,1,82.800,579.84,-0.35,-0.12,0.24,-0.950294327270807,22.15,0.040,0,0,0,0.502910971641541
191718.520,16,37.65,5.2,24°52.909644 N,46°39.564600 E,0,1,0,0,690.17,-0.36,2,94016.000,1,82.840,580.26,-0.55,-0.17,0.24,-0.956200695901618,21.52,0.040,0,0,0,0.522531270980835
191718.560,16,37.68,6.6,24°52.909866 N,46°39.564636 E,0,1,0,0,690.17,-0.36,2,94083.000,1,82.880,580.68,-0.66,0.02,0.24,-0.955388657413551,20.94,0.040,0,0,0,0.541552722454071
191718.600,16,37.53,8.0,24°52.910088 N,46°39.564678 E,0,1,0,0,690.15,-0.40,2,94116.000,1,82.920,581.10,-0.64,-0.10,0.23,-1.05504342729259,20.52,0.040,0,0,0,0.565556704998016
191718.640,16,37.39,9.1,24°52.910310 N,46°39.564720 E,0,1,0,0,690.15,-0.43,2,94150.000,1,82.960,581.51,-0.49,-0.10,0.23,-1.15551275878671,20.50,0.040,0,0,0,0.554177820682526
191718.680,16,37.13,10.0,24°52.910526 N,46°39.564768 E,0,1,0,0,690.13,-0.47,2,94183.000,1,83.000,581.93,-0.43,-0.18,0.22,-1.26043630487476,20.43,0.040,0,0,0,0.540754675865173
191718.720,16,36.91,11.2,24°52.910742 N,46°39.564822 E,0,1,0,0,690.13,-0.47,2,94216.000,1,83.040,582.34,-0.56,-0.16,0.22,-1.26791471377096,20.22,0.040,0,0,0,0.550700902938843
191718.760,16,36.82,12.6,24°52.910952 N,46°39.564882 E,0,1,0,0,690.12,-0.50,2,94283.000,1,83.080,582.75,-0.62,-0.06,0.21,-1.36878411775889,20.05,0.040,0,0,0,0.558807194232941
191718.800,16,36.69,14.1,24°52.911162 N,46°39.564948 E,0,1,0,0,690.11,-0.50,2,94316.000,1,83.120,583.16,-0.66,-0.09,0.21,-1.37374618403838,19.56,0.040,0,0,0,0.580712199211121
191718.840,16,36.65,15.8,24°52.911372 N,46°39.565026 E,0,1,0,0,690.10,-0.50,2,94350.000,1,83.160,583.56,-0.78,-0.03,0.20,-1.37509549274255,19.17,0.040,0,0,0,0.616499602794647
191718.880,16,36.80,17.4,24°52.911582 N,46°39.565104 E,0,1,0,0,690.10,-0.50,2,94383.000,1,83.200,583.97,-0.74,0.10,0.20,-1.36971409935863,18.86,0.040,0,0,0,0.63913768529892
191718.920,16,37.07,19.0,24°52.911792 N,46°39.565194 E,0,1,0,0,690.11,-0.50,2,94416.000,1,83.240,584.38,-0.72,0.19,0.19,-1.35973668591162,18.46,0.040,0,0,0,0.664022386074066
191718.960,16,37.28,19.9,24°52.912002 N,46°39.565284 E,0,1,0,0,690.11,-0.50,2,94483.000,1,83.280,584.80,-0.41,0.15,0.19,-1.35185880585805,18.79,0.040,0,0,0,0.619054675102234
191719.000,16,37.35,20.9,24°52.912206 N,46°39.565374 E,0,1,0,0,690.13,-0.47,2,94516.000,1,83.320,585.21,-0.46,0.05,0.18,-1.25314625394955,19.09,0.040,0,0,0,0.582978427410126
191719.040,16,37.34,22.1,24°52.912416 N,46°39.565476 E,0,1,0,0,690.15,-0.43,2,94550.000,1,83.360,585.63,-0.55,-0.01,0.18,-1.157060209985,18.97,0.040,0,0,0,0.572808027267456
191719.080,16,37.09,23.6,24°52.912614 N,46°39.565578 E,0,1,0,0,690.15,-0.43,2,94583.000,1,83.400,586.04,-0.72,-0.17,0.17,-1.16460883161697,18.05,0.040,0,0,0,0.605466783046722
191719.120,16,36.90,25.0,24°52.912812 N,46°39.565686 E,0,1,0,0,690.16,-0.43,2,94616.000,1,83.440,586.45,-0.61,-0.14,0.17,-1.17085862966175,17.83,0.040,0,0,0,0.611756324768066
191719.160,16,36.66,26.1,24°52.913004 N,46°39.565794 E,0,1,0,0,690.16,-0.43,2,94683.000,1,83.480,586.86,-0.50,-0.17,0.16,-1.17855681353158,17.98,0.040,0,0,0,0.598979473114014
191719.200,16,36.33,26.8,24°52.913196 N,46°39.565908 E,0,1,0,0,690.16,-0.43,2,94716.000,1,83.520,587.26,-0.32,-0.23,0.16,-1.18906718780105,18.45,0.040,0,0,0,0.561881482601166
191719.240,16,36.21,27.7,24°52.913388 N,46°39.566022 E,0,1,0,0,690.15,-0.43,2,94750.000,1,83.560,587.67,-0.40,-0.09,0.15,-1.19307354525118,18.56,0.040,0,0,0,0.522467494010925
191719.280,16,36.21,28.6,24°52.913580 N,46°39.566142 E,0,1,0,0,690.15,-0.43,2,94783.000,1,83.600,588.07,-0.41,0.00,0.15,-1.19297470451784,18.58,0.040,0,0,0,0.490935504436493
191719.320,16,36.24,29.8,24°52.913766 N,46°39.566262 E,0,1,0,0,690.17,-0.40,2,94816.000,1,83.640,588.47,-0.55,0.02,0.14,-1.09268508043376,18.61,0.040,0,0,0,0.498861014842987
191719.360,16,36.29,31.5,24°52.913946 N,46°39.566394 E,0,1,0,0,690.17,-0.40,2,94883.000,1,83.680,588.87,-0.74,0.03,0.14,-1.09126984126984,18.35,0.040,0,0,0,0.546625792980194
191719.400,16,36.39,33.1,24°52.914126 N,46°39.566532 E,0,1,0,0,690.16,-0.43,2,94916.000,1,83.720,589.28,-0.72,0.07,0.13,-1.18730245980486,18.27,0.040,0,0,0,0.582021772861481
191719.440,15,36.41,34.4,24°52.914306 N,46°39.566676 E,0,1,0,0,690.16,-0.43,2,94950.000,1,83.760,589.68,-0.62,0.02,0.13,-1.18658499739061,18.62,0.040,0,0,0,0.588758528232574
191719.480,15,36.36,35.6,24°52.914480 N,46°39.566820 E,0,1,0,0,690.16,-0.43,2,94983.000,1,83.800,590.09,-0.53,-0.03,0.12,-1.1879881201188,19.05,0.040,0,0,0,0.577463209629059
191719.520,15,36.24,36.4,24°52.914654 N,46°39.566964 E,0,1,0,0,690.15,-0.43,2,95016.000,1,83.840,590.49,-0.33,-0.09,0.12,-1.19202008774592,19.91,0.040,0,0,0,0.528896391391754
191719.560,15,35.98,37.7,24°52.914822 N,46°39.567114 E,0,1,0,0,690.13,-0.47,2,95083.000,1,83.880,590.89,-0.59,-0.19,0.11,-1.30090340514246,19.26,0.040,0,0,0,0.552660703659058
191719.600,15,35.80,38.8,24°52.914984 N,46°39.567264 E,0,1,0,0,690.12,-0.50,2,95116.000,1,83.920,591.29,-0.47,-0.13,0.11,-1.40801787959212,19.09,0.040,0,0,0,0.540234684944153
191719.640,15,35.68,40.2,24°52.915146 N,46°39.567420 E,0,1,0,0,690.12,-0.50,2,95150.000,1,83.960,591.69,-0.63,-0.08,0.10,-1.41271442986882,18.79,0.040,0,0,0,0.556471228599548
191719.680,15,35.62,41.6,24°52.915302 N,46°39.567576 E,0,1,0,0,690.11,-0.50,2,95183.000,1,84.000,592.08,-0.61,-0.04,0.10,-1.41501488011679,18.95,0.040,0,0,0,0.564742505550385
191719.720,15,35.75,42.9,24°52.915458 N,46°39.567744 E,0,1,0,0,690.11,-0.50,2,95216.000,1,84.040,592.48,-0.57,0.09,0.09,-1.4098690835851,19.06,0.040,0,0,0,0.562666296958923
191719.760,15,35.87,43.9,24°52.915614 N,46°39.567912 E,0,1,0,0,690.11,-0.50,2,95283.000,1,84.080,592.88,-0.45,0.09,0.09,-1.40491721023583,19.23,0.040,0,0,0,0.542375504970551
191719.800,15,36.06,45.4,24°52.915758 N,46°39.568086 E,0,1,0,0,690.11,-0.50,2,95316.000,1,84.120,593.28,-0.67,0.13,0.08,-1.39763179057708,18.52,0.040,0,0,0,0.573242783546448
191719.840,15,36.21,46.3,24°52.915908 N,46°39.568266 E,0,1,0,0,690.12,-0.47,2,95350.000,1,84.160,593.68,-0.39,0.10,0.08,-1.29249634068878,18.61,0.040,0,0,0,0.539989829063416
191719.880,16,36.31,47.0,24°52.916058 N,46°39.568440 E,0,1,0,0,690.12,-0.47,2,95383.000,1,84.200,594.08,-0.35,0.07,0.07,-1.28904313336639,18.81,0.040,0,0,0,0.501453101634979
191719.920,16,36.35,47.5,24°52.916202 N,46°39.568620 E,0,1,0,0,690.09,-0.50,2,95416.000,1,84.240,594.49,-0.22,0.03,0.07,-1.38655808963108,19.62,0.040,0,0,0,0.4423848092556
191719.960,16,36.38,47.5,24°52.916352 N,46°39.568800 E,0,1,0,0,690.07,-0.54,2,95483.000,1,84.280,594.89,0.01,0.02,0.06,-1.48425045352097,21.68,0.040,0,0,0,0.351489305496216
191720.000,16,36.66,48.3,24°52.916496 N,46°39.568986 E,0,1,0,0,690.07,-0.50,2,95516.000,1,84.320,595.30,-0.35,0.20,0.05,-1.37472041896241,23.04,0.040,0,0,0,0.368782699108124
191720.040,16,36.85,48.4,24°52.916646 N,46°39.569172 E,0,1,0,0,690.06,-0.50,2,95550.000,1,84.360,595.70,-0.06,0.13,0.05,-1.36770691994573,25.20,0.040,0,0,0,0.317870199680328
191720.080,16,36.95,48.4,24°52.916790 N,46°39.569358 E,0,1,0,0,690.06,-0.47,2,95583.000,1,84.400,596.11,0.02,0.07,0.04,-1.26667929737191,27.74,0.040,0,0,0,0.248370707035065
191720.120,16,36.70,48.6,24°52.916934 N,46°39.569538 E,0,1,0,0,690.04,-0.50,2,95616.000,1,84.440,596.52,-0.11,-0.17,0.04,-1.37322216772928,28.64,0.040,0,0,0,0.208551093935966
191720.160,16,36.57,48.8,24°52.917078 N,46°39.569724 E,0,1,0,0,690.02,-0.50,2,95683.000,1,84.480,596.93,-0.08,-0.09,0.03,-1.37810346713333,31.48,0.040,0,0,0,0.19225400686264
191720.200,16,36.69,48.8,24°52.917228 N,46°39.569910 E,0,1,0,0,690.00,-0.50,2,95716.000,1,84.520,597.34,-0.01,0.08,0.03,-1.37363386116486,34.88,0.040,0,0,0,0.146521806716919
191720.240,16,36.90,48.8,24°52.917372 N,46°39.570096 E,0,1,0,0,689.99,-0.50,2,95750.000,1,84.560,597.75,0.02,0.15,0.02,-1.36585365853659,41.12,0.040,0,0,0,0.137274205684662
191720.280,16,37.04,48.7,24°52.917522 N,46°39.570282 E,0,1,0,0,689.98,-0.50,2,95783.000,1,84.600,598.16,0.04,0.10,0.02,-1.36054421768708,49.91,0.040,0,0,0,0.122040398418903
191720.320,16,37.21,48.7,24°52.917672 N,46°39.570468 E,0,1,0,0,689.97,-0.50,2,95816.000,1,84.640,598.57,-0.01,0.11,0.01,-1.35462022254475,61.00,0.040,0,0,0,0.123295396566391
191720.360,16,37.10,48.3,24°52.917822 N,46°39.570648 E,0,1,0,0,689.94,-0.54,2,95883.000,1,84.680,598.98,0.18,-0.07,0.00,-1.45544714570643,80.21,0.040,0,0,0,0.0236513707786798
191720.400,16,37.11,47.7,24°52.917972 N,46°39.570834 E,0,1,0,0,689.93,-0.54,2,95916.000,1,84.720,599.39,0.28,0.01,0.00,-1.45505496874326,153.55,0.040,0,0,0,0.0420770682394505
191720.440,16,37.24,46.9,24°52.918128 N,46°39.571008 E,0,1,0,0,689.92,-0.54,2,95950.000,1,84.760,599.81,0.37,0.09,-0.01,-1.45024842218343,564.39,0.040,0,0,0,0.11705219745636
191720.480,16,37.35,46.1,24°52.918290 N,46°39.571182 E,0,1,0,0,689.92,-0.54,2,95983.000,1,84.800,600.22,0.37,0.08,-0.01,-1.44562831289822,379.47,0.040,0,0,0,0.171841606497765
191720.520,16,37.29,45.0,24°52.918452 N,46°39.571356 E,0,1,0,0,689.93,-0.50,2,96016.000,1,84.840,600.64,0.52,-0.04,-0.02,-1.35149629947442,140.15,0.040,0,0,0,0.230360597372055
191720.560,16,37.27,43.8,24°52.918614 N,46°39.571518 E,0,1,0,0,689.93,-0.47,2,96083.000,1,84.880,601.05,0.54,-0.01,-0.02,-1.25556688308204,96.59,0.040,0,0,0,0.291330903768539
191720.600,16,37.11,42.5,24°52.918782 N,46°39.571680 E,0,1,0,0,689.94,-0.47,2,96116.000,1,84.920,601.46,0.60,-0.12,-0.03,-1.26128554103221,61.39,0.040,0,0,0,0.359076589345932
191720.640,16,36.77,41.2,24°52.918956 N,46°39.571830 E,0,1,0,0,689.94,-0.43,2,96150.000,1,84.960,601.87,0.59,-0.23,-0.04,-1.17474302496329,48.66,0.040,0,0,0,0.428014606237411
191720.680,16,36.64,40.1,24°52.919124 N,46°39.571980 E,0,1,0,0,689.94,-0.43,2,96183.000,1,85.000,602.28,0.49,-0.09,-0.04,-1.17891059927955,42.48,0.040,0,0,0,0.435723185539246
191720.720,16,36.64,39.2,24°52.919298 N,46°39.572130 E,0,1,0,0,689.94,-0.43,2,96216.000,1,85.040,602.69,0.43,0.00,-0.05,-1.17891059927955,37.13,0.040,0,0,0,0.424710988998413
191720.760,16,36.55,38.1,24°52.919478 N,46°39.572274 E,0,1,0,0,689.93,-0.43,2,96283.000,1,85.080,603.10,0.48,-0.07,-0.05,-1.18203956549101,32.70,0.040,0,0,0,0.436940103769302
191720.800,16,36.60,37.3,24°52.919658 N,46°39.572412 E,0,1,0,0,689.93,-0.43,2,96316.000,1,85.120,603.50,0.39,0.04,-0.06,-1.18039237116782,30.25,0.040,0,0,0,0.424279004335403
191720.840,16,36.44,36.4,24°52.919832 N,46°39.572550 E,0,1,0,0,689.93,-0.43,2,96350.000,1,85.160,603.91,0.37,-0.11,-0.06,-1.18541283648437,28.24,0.040,0,0,0,0.417536705732346
191720.880,16,36.37,35.5,24°52.920018 N,46°39.572688 E,0,1,0,0,689.93,-0.43,2,96383.000,1,85.200,604.31,0.41,-0.05,-0.07,-1.18789012016388,26.42,0.040,0,0,0,0.41620209813118
191720.920,16,36.30,34.5,24°52.920198 N,46°39.572814 E,0,1,0,0,689.94,-0.43,2,96416.000,1,85.240,604.72,0.46,-0.05,-0.07,-1.19001707894882,24.39,0.040,0,0,0,0.425881713628769
191720.960,16,36.17,33.3,24°52.920384 N,46°39.572940 E,0,1,0,0,689.95,-0.40,2,96483.000,1,85.280,605.12,0.53,-0.09,-0.07,-1.09473917009925,23.02,0.040,0,0,0,0.450071185827255
191721.000,16,36.20,32.1,24°52.920570 N,46°39.573060 E,0,1,0,0,689.96,-0.36,2,96516.000,1,85.320,605.52,0.54,0.02,-0.08,-0.994530084535057,22.16,0.040,0,0,0,0.463499814271927
191721.040,16,36.06,30.6,24°52.920762 N,46°39.573174 E,0,1,0,0,689.96,-0.36,2,96550.000,1,85.360,605.92,0.65,-0.10,-0.08,-0.99830842184077,21.18,0.040,0,0,0,0.50407612323761
191721.080,16,36.04,29.3,24°52.920954 N,46°39.573282 E,0,1,0,0,689.95,-0.36,2,96583.000,1,85.400,606.32,0.61,-0.02,-0.09,-0.999000999000999,20.45,0.040,0,0,0,0.523434519767761
191721.120,16,36.06,28.3,24°52.921152 N,46°39.573390 E,0,1,0,0,689.95,-0.36,2,96616.000,1,85.440,606.72,0.43,0.02,-0.09,-0.99830842184077,20.65,0.040,0,0,0,0.503590822219849
191721.160,16,35.74,27.0,24°52.921344 N,46°39.573486 E,0,1,0,0,689.96,-0.36,2,96683.000,1,85.480,607.12,0.58,-0.23,-0.10,-1.00724657955849,20.30,0.040,0,0,0,0.531809985637665
191721.200,16,35.88,25.8,24°52.921542 N,46°39.573582 E,0,1,0,0,689.98,-0.32,2,96716.000,1,85.520,607.52,0.52,0.10,-0.10,-0.903060371258153,20.55,0.040,0,0,0,0.518657803535461
191721.240,16,35.81,24.6,24°52.921740 N,46°39.573672 E,0,1,0,0,689.98,-0.29,2,96750.000,1,85.560,607.92,0.55,-0.05,-0.10,-0.804334469083394,20.60,0.040,0,0,0,0.525317788124084
191721.280,16,35.55,23.0,24°52.921944 N,46°39.573756 E,0,1,0,0,689.98,-0.29,2,96783.000,1,85.600,608.32,0.68,-0.18,-0.11,-0.810217746019243,19.87,0.040,0,0,0,0.566608786582947
191721.320,16,35.33,21.8,24°52.922142 N,46°39.573834 E,0,1,0,0,689.98,-0.29,2,96816.000,1,85.640,608.71,0.56,-0.15,-0.11,-0.815171242570054,19.36,0.040,0,0,0,0.572126805782318
191721.360,16,35.43,20.4,24°52.922346 N,46°39.573906 E,0,1,0,0,689.99,-0.25,2,96883.000,1,85.680,609.10,0.59,0.07,-0.11,-0.711301795190245,19.11,0.040,0,0,0,0.563862502574921
191721.400,16,35.36,19.0,24°52.922550 N,46°39.573972 E,0,1,0,0,690.00,-0.25,2,96916.000,1,85.720,609.50,0.63,-0.05,-0.12,-0.712689838513533,18.46,0.040,0,0,0,0.578494906425476
191721.440,16,35.13,17.4,24°52.922754 N,46°39.574032 E,0,1,0,0,690.02,-0.22,2,96950.000,1,85.760,609.89,0.67,-0.16,-0.12,-0.614876597682826,17.65,0.040,0,0,0,0.604082882404327
191721.480,16,34.92,16.2,24°52.922958 N,46°39.574086 E,0,1,0,0,690.03,-0.18,2,96983.000,1,85.800,610.28,0.53,-0.15,-0.12,-0.515404879166189,17.25,0.040,0,0,0,0.595383405685425
191721.520,16,34.75,14.9,24°52.923162 N,46°39.574140 E,0,1,0,0,690.03,-0.18,2,97016.000,1,85.840,610.66,0.58,-0.13,-0.13,-0.518030333553976,16.90,0.040,0,0,0,0.594172120094299
191721.560,16,34.59,13.3,24°52.923366 N,46°39.574182 E,0,1,0,0,690.03,-0.18,2,97083.000,1,85.880,611.05,0.64,-0.11,-0.13,-0.520351526364477,16.56,0.040,0,0,0,0.605155229568481
191721.600,16,34.54,11.8,24°52.923570 N,46°39.574218 E,0,1,0,0,690.04,-0.14,2,97116.000,1,85.920,611.43,0.65,-0.04,-0.13,-0.416883793642522,16.26,0.040,0,0,0,0.610350489616394
191721.640,16,34.36,10.2,24°52.923774 N,46°39.574248 E,0,1,0,0,690.05,-0.11,2,97150.000,1,85.960,611.82,0.71,-0.13,-0.13,-0.314364721292388,16.01,0.040,0,0,0,0.634400427341461
191721.680,16,34.36,8.7,24°52.923984 N,46°39.574272 E,0,1,0,0,690.07,-0.11,2,97183.000,1,86.000,612.20,0.64,0.00,-0.13,-0.314337272251004,15.91,0.040,0,0,0,0.630362272262573
191721.720,16,34.31,7.2,24°52.924188 N,46°39.574296 E,0,1,0,0,690.08,-0.11,2,97216.000,1,86.040,612.58,0.63,-0.03,-0.14,-0.31475868500816,15.50,0.040,0,0,0,0.629843294620514
191721.760,16,34.36,5.9,24°52.924398 N,46°39.574308 E,0,1,0,0,690.09,-0.07,2,97283.000,1,86.080,612.96,0.55,0.04,-0.14,-0.209533787323206,15.52,0.040,0,0,0,0.613333404064178
191721.800,16,34.23,4.9,24°52.924602 N,46°39.574320 E,0,1,0,0,690.11,-0.04,2,97316.000,1,86.120,613.34,0.42,-0.09,-0.14,-0.105164758121056,15.59,0.040,0,0,0,0.576928198337555
191721.840,16,34.30,3.6,24°52.924812 N,46°39.574326 E,0,1,0,0,690.12,0.00,2,97350.000,1,86.160,613.72,0.55,0.05,-0.14,0,15.58,0.040,0,0,0,0.570357203483582
191721.880,16,34.19,2.3,24°52.925016 N,46°39.574326 E,0,1,0,0,690.15,0.04,2,97383.000,1,86.200,614.10,0.55,-0.08,-0.14,0.105284707396251,15.72,0.040,0,0,0,0.56760048866272
191721.920,16,33.95,0.6,24°52.925220 N,46°39.574320 E,0,1,0,0,690.17,0.07,2,97416.000,1,86.240,614.48,0.70,-0.17,-0.14,0.212064090480679,15.33,0.040,0,0,0,0.601636707782745
191721.960,16,33.79,358.6,24°52.925424 N,46°39.574302 E,0,1,0,0,690.20,0.11,2,97483.000,1,86.280,614.86,0.82,-0.11,-0.14,0.319592815080046,14.82,0.040,0,0,0,0.647185206413269
191722.000,16,33.67,357.4,24°52.925628 N,46°39.574290 E,0,1,0,0,690.22,0.14,2,97516.000,1,86.320,615.23,0.54,-0.08,-0.14,0.427629625230148,14.88,0.040,0,0,0,0.625065505504608
191722.040,16,33.72,356.8,24°52.925832 N,46°39.574272 E,0,1,0,0,690.22,0.14,2,97550.000,1,86.360,615.61,0.24,0.03,-0.14,0.427071593807462,15.59,0.040,0,0,0,0.543085992336273
191722.080,16,33.73,356.5,24°52.926036 N,46°39.574254 E,0,1,0,0,690.23,0.14,2,97583.000,1,86.400,615.98,0.13,0.00,-0.14,0.42698295033358,16.32,0.040,0,0,0,0.460526585578918
191722.120,16,33.67,355.8,24°52.926234 N,46°39.574236 E,0,1,0,0,690.24,0.14,2,97616.000,1,86.440,616.36,0.29,-0.04,-0.13,0.427629625230148,16.84,0.040,0,0,0,0.427197009325027
191722.160,16,33.42,354.2,24°52.926432 N,46°39.574206 E,0,1,0,0,690.26,0.18,2,97683.000,1,86.480,616.73,0.65,-0.18,-0.13,0.538567410687571,16.66,0.040,0,0,0,0.481769412755966
191722.200,16,33.47,352.4,24°52.926636 N,46°39.574164 E,0,1,0,0,690.28,0.22,2,97716.000,1,86.520,617.10,0.74,0.03,-0.13,0.645373330544683,16.47,0.040,0,0,0,0.524889826774597
191722.240,16,33.24,350.7,24°52.926828 N,46°39.574122 E,0,1,0,0,690.31,0.25,2,97750.000,1,86.560,617.47,0.71,-0.16,-0.13,0.758077131339871,16.31,0.040,0,0,0,0.568607687950134
191722.280,16,33.11,349.8,24°52.927026 N,46°39.574080 E,0,1,0,0,690.34,0.29,2,97783.000,1,86.600,617.84,0.38,-0.09,-0.13,0.869749041162081,16.74,0.040,0,0,0,0.533065617084503
191722.320,16,33.17,348.7,24°52.927224 N,46°39.574032 E,0,1,0,0,690.35,0.32,2,97816.000,1,86.640,618.21,0.41,0.04,-0.12,0.976668475311991,17.20,0.040,0,0,0,0.503158688545227
191722.360,16,33.33,348.1,24°52.927416 N,46°39.573978 E,0,1,0,0,690.37,0.32,2,97883.000,1,86.680,618.58,0.27,0.11,-0.12,0.972038881555262,17.91,0.040,0,0,0,0.458033412694931
191722.400,16,33.47,347.0,24°52.927614 N,46°39.573924 E,0,1,0,0,690.38,0.32,2,97916.000,1,86.720,618.95,0.47,0.09,-0.12,0.968146775832188,17.85,0.040,0,0,0,0.463278502225876
191722.440,16,33.62,345.5,24°52.927812 N,46°39.573858 E,0,1,0,0,690.40,0.36,2,97950.000,1,86.760,619.32,0.61,0.11,-0.12,1.07079119571684,17.76,0.040,0,0,0,0.497204810380936
191722.480,16,33.58,344.1,24°52.928004 N,46°39.573792 E,0,1,0,0,690.42,0.40,2,97983.000,1,86.800,619.69,0.59,-0.03,-0.11,1.1791329204383,17.61,0.040,0,0,0,0.510982990264893
191722.520,16,33.71,342.8,24°52.928196 N,46°39.573720 E,0,1,0,0,690.44,0.43,2,98016.000,1,86.840,620.07,0.52,0.09,-0.11,1.28151883714031,18.10,0.040,0,0,0,0.515007972717285
191722.560,16,33.56,342.1,24°52.928388 N,46°39.573648 E,0,1,0,0,690.48,0.47,2,98083.000,1,86.880,620.44,0.29,-0.10,-0.10,1.3943926347466,19.39,0.040,0,0,0,0.468347311019897
191722.600,16,33.54,341.3,24°52.928580 N,46°39.573570 E,0,1,0,0,690.49,0.47,2,98116.000,1,86.920,620.81,0.33,-0.02,-0.10,1.39530723592022,19.96,0.040,0,0,0,0.441221505403519
191722.640,16,33.44,340.7,24°52.928766 N,46°39.573492 E,0,1,0,0,690.52,0.50,2,98150.000,1,86.960,621.19,0.26,-0.07,-0.09,1.50699677072121,19.85,0.040,0,0,0,0.406310707330704
191722.680,16,33.49,340.1,24°52.928958 N,46°39.573414 E,0,1,0,0,690.55,0.54,2,98183.000,1,87.000,621.56,0.25,0.03,-0.09,1.61256607041538,19.53,0.040,0,0,0,0.37298920750618
191722.720,16,33.59,339.7,24°52.929144 N,46°39.573336 E,0,1,0,0,690.59,0.58,2,98216.000,1,87.040,621.93,0.18,0.07,-0.08,1.71489817792069,19.92,0.040,0,0,0,0.335646688938141
191722.760,16,33.65,339.2,24°52.929336 N,46°39.573252 E,0,1,0,0,690.61,0.61,2,98283.000,1,87.080,622.30,0.20,0.04,-0.08,1.81893835820008,21.41,0.040,0,0,0,0.309157490730286
191722.800,16,33.66,338.7,24°52.929522 N,46°39.573174 E,0,1,0,0,690.63,0.61,2,98316.000,1,87.120,622.68,0.19,0.01,-0.07,1.81796577946768,23.49,0.040,0,0,0,0.284341007471085
191722.840,16,33.68,338.6,24°52.929714 N,46°39.573090 E,0,1,0,0,690.66,0.65,2,98350.000,1,87.160,623.05,0.06,0.01,-0.06,1.92387625437919,26.56,0.040,0,0,0,0.23925319314003
191722.880,16,33.74,338.4,24°52.929900 N,46°39.573006 E,0,1,0,0,690.67,0.65,2,98383.000,1,87.200,623.43,0.07,0.04,-0.06,1.9207967749585,28.41,0.040,0,0,0,0.206524699926376
191722.920,16,33.99,338.3,24°52.930092 N,46°39.572922 E,0,1,0,0,690.71,0.68,2,98416.000,1,87.240,623.80,0.03,0.18,-0.05,2.01229737283399,31.19,0.040,0,0,0,0.199709206819534
191722.960,16,34.08,337.6,24°52.930284 N,46°39.572832 E,0,1,0,0,690.73,0.72,2,98483.000,1,87.280,624.18,0.30,0.06,-0.04,2.11280004695111,31.11,0.040,0,0,0,0.212615206837654
191723.000,16,34.12,337.0,24°52.930470 N,46°39.572742 E,0,1,0,0,690.75,0.72,2,98516.000,1,87.320,624.56,0.29,0.03,-0.04,2.11038485212651,32.55,0.040,0,0,0,0.220737293362617
191723.040,16,34.21,336.9,24°52.930662 N,46°39.572652 E,0,1,0,0,690.79,0.76,2,98550.000,1,87.360,624.94,0.02,0.07,-0.03,2.20981555639999,38.11,0.040,0,0,0,0.184507995843887
191723.080,16,34.28,336.7,24°52.930848 N,46°39.572562 E,0,1,0,0,690.82,0.79,2,98583.000,1,87.400,625.32,0.08,0.05,-0.02,2.31018288947875,44.71,0.040,0,0,0,0.16452719271183
191723.120,16,34.42,336.4,24°52.931040 N,46°39.572466 E,0,1,0,0,690.85,0.83,2,98616.000,1,87.440,625.70,0.14,0.10,-0.01,2.40557815223707,51.32,0.040,0,0,0,0.169463694095612
191723.160,16,34.62,335.9,24°52.931232 N,46°39.572370 E,0,1,0,0,690.88,0.86,2,98683.000,1,87.480,626.09,0.21,0.14,0.00,2.49581142758103,53.45,0.040,0,0,0,0.195398300886154
191723.200,16,34.87,335.5,24°52.931418 N,46°39.572274 E,0,1,0,0,690.90,0.90,2,98716.000,1,87.520,626.47,0.17,0.18,0.01,2.58079316376566,57.58,0.040,0,0,0,0.219230905175209
191723.240,16,35.00,335.3,24°52.931610 N,46°39.572172 E,0,1,0,0,690.93,0.90,2,98750.000,1,87.560,626.86,0.09,0.09,0.02,2.57150204291551,62.12,0.040,0,0,0,0.190672397613525
191723.280,16,35.01,334.8,24°52.931802 N,46°39.572070 E,0,1,0,0,690.95,0.90,2,98783.000,1,87.600,627.25,0.20,0.01,0.02,2.5706940874036,63.83,0.040,0,0,0,0.171898394823074
191723.320,16,35.08,334.5,24°52.931994 N,46°39.571968 E,0,1,0,0,690.98,0.94,2,98816.000,1,87.640,627.64,0.14,0.05,0.03,2.66803488968702,65.24,0.040,0,0,0,0.166489794850349
191723.360,16,35.16,334.4,24°52.932186 N,46°39.571866 E,0,1,0,0,691.00,0.97,2,98883.000,1,87.680,628.03,0.07,0.05,0.04,2.76466238125036,69.67,0.040,0,0,0,0.149835601449013
191723.400,16,35.43,334.3,24°52.932378 N,46°39.571764 E,0,1,0,0,691.04,0.97,2,98916.000,1,87.720,628.42,0.01,0.19,0.05,2.74336033417064,77.09,0.040,0,0,0,0.168358698487282
191723.440,16,35.51,334.1,24°52.932570 N,46°39.571662 E,0,1,0,0,691.06,1.01,2,98950.000,1,87.760,628.81,0.08,0.05,0.07,2.83887684118625,76.38,0.040,0,0,0,0.139729395508766
191723.480,16,35.46,333.9,24°52.932762 N,46°39.571560 E,0,1,0,0,691.09,1.01,2,98983.000,1,87.800,629.21,0.09,-0.03,0.08,2.84231897135123,75.66,0.040,0,0,0,0.107816897332668
191723.520,16,35.53,333.9,24°52.932954 N,46°39.571452 E,0,1,0,0,691.12,1.04,2,99016.000,1,87.840,629.60,0.02,0.05,0.09,2.93852735870299,76.15,0.040,0,0,0,0.0956020727753639
191723.560,16,35.64,333.7,24°52.933146 N,46°39.571350 E,0,1,0,0,691.15,1.08,2,99083.000,1,87.880,630.00,0.06,0.08,0.10,3.03064316982826,87.46,0.040,0,0,0,0.100790597498417
191723.600,16,35.93,333.8,24°52.933338 N,46°39.571242 E,0,1,0,0,691.17,1.08,2,99116.000,1,87.920,630.40,-0.01,0.21,0.11,3.00567739062674,107.36,0.040,0,0,0,0.147971406579018
191723.640,16,36.09,333.9,24°52.933536 N,46°39.571134 E,0,1,0,0,691.20,1.12,2,99150.000,1,87.960,630.80,-0.05,0.11,0.12,3.09226932668329,113.18,0.040,0,0,0,0.129540905356407
191723.680,16,36.25,334.0,24°52.933734 N,46°39.571032 E,0,1,0,0,691.21,1.08,2,99183.000,1,88.000,631.20,-0.07,0.11,0.13,2.9797213408746,127.81,0.040,0,0,0,0.117732800543308
191723.720,16,36.36,334.2,24°52.933932 N,46°39.570924 E,0,1,0,0,691.24,1.12,2,99216.000,1,88.040,631.60,-0.08,0.08,0.15,3.0689693103069,157.48,0.040,0,0,0,0.10011900216341
191723.760,16,36.50,334.3,24°52.934130 N,46°39.570822 E,0,1,0,0,691.26,1.15,2,99283.000,1,88.080,632.01,-0.03,0.09,0.16,3.15642381565608,211.61,0.040,0,0,0,0.0974626019597054
191723.800,16,36.61,334.4,24°52.934328 N,46°39.570714 E,0,1,0,0,691.29,1.15,2,99316.000,1,88.120,632.41,-0.07,0.08,0.17,3.14650934119961,318.41,0.040,0,0,0,0.0913733690977097
191723.840,16,36.82,334.8,24°52.934532 N,46°39.570612 E,0,1,0,0,691.32,1.19,2,99350.000,1,88.160,632.82,-0.19,0.15,0.18,3.22677024200777,765.96,0.040,0,0,0,0.128948494791985
191723.880,16,36.98,335.1,24°52.934736 N,46°39.570510 E,0,1,0,0,691.34,1.19,2,99383.000,1,88.200,633.23,-0.12,0.11,0.20,3.21289485071398,1000.00,0.040,0,0,0,0.132736593484879
191723.920,16,36.98,335.1,24°52.934934 N,46°39.570408 E,0,1,0,0,691.36,1.19,2,99416.000,1,88.240,633.64,0.01,0.00,0.21,3.21289485071398,615.15,0.040,0,0,0,0.0774087831377983
191723.960,16,37.13,335.1,24°52.935138 N,46°39.570306 E,0,1,0,0,691.38,1.22,2,99483.000,1,88.280,634.05,0.01,0.11,0.22,3.29652572044169,496.59,0.040,0,0,0,0.0923861265182495
191724.000,16,37.17,335.1,24°52.935342 N,46°39.570198 E,0,1,0,0,691.41,1.22,2,99516.000,1,88.320,634.47,0.00,0.03,0.23,3.29262387690321,487.62,0.040,0,0,0,0.0648321583867073
191724.040,16,37.31,335.3,24°52.935546 N,46°39.570096 E,0,1,0,0,691.44,1.22,2,99550.000,1,88.360,634.88,-0.12,0.09,0.25,3.28088562468169,301.40,0.040,0,0,0,0.0899994596838951
191724.080,16,37.45,335.6,24°52.935756 N,46°39.569994 E,0,1,0,0,691.47,1.26,2,99583.000,1,88.400,635.30,-0.13,0.10,0.26,3.36439614429521,214.02,0.040,0,0,0,0.110429398715496
191724.120,16,37.53,335.8,24°52.935960 N,46°39.569898 E,0,1,0,0,691.49,1.26,2,99616.000,1,88.440,635.71,-0.08,0.06,0.28,3.35731414868105,188.03,0.040,0,0,0,0.100168496370316
191724.160,16,37.57,335.8,24°52.936164 N,46°39.569796 E,0,1,0,0,691.51,1.30,2,99683.000,1,88.480,636.13,0.00,0.03,0.29,3.44956081980303,174.07,0.040,0,0,0,0.0753894597291946
191724.200,16,37.70,335.8,24°52.936374 N,46°39.569688 E,0,1,0,0,691.53,1.30,2,99716.000,1,88.520,636.55,0.02,0.09,0.30,3.43739224995358,179.57,0.040,0,0,0,0.0833566933870316
191724.240,16,37.91,335.8,24°52.936584 N,46°39.569586 E,0,1,0,0,691.56,1.30,2,99750.000,1,88.560,636.97,0.00,0.15,0.32,3.41844270943237,190.44,0.040,0,0,0,0.115207999944687
191724.280,16,37.96,335.9,24°52.936794 N,46°39.569484 E,0,1,0,0,691.58,1.30,2,99783.000,1,88.600,637.39,-0.08,0.03,0.33,3.41430001580694,189.28,0.040,0,0,0,0.0835835486650467
191724.320,16,37.94,336.2,24°52.936998 N,46°39.569382 E,0,1,0,0,691.62,1.33,2,99816.000,1,88.640,637.81,-0.11,-0.01,0.35,3.51108416585392,183.24,0.040,0,0,0,0.0637290179729462
191724.360,16,37.94,336.4,24°52.937208 N,46°39.569286 E,0,1,0,0,691.64,1.37,2,99883.000,1,88.680,638.23,-0.09,0.00,0.36,3.60597833249862,172.02,0.040,0,0,0,0.0660588815808296
191724.400,16,38.09,336.4,24°52.937418 N,46°39.569184 E,0,1,0,0,691.68,1.37,2,99916.000,1,88.720,638.65,0.00,0.11,0.38,3.59168241965974,185.57,0.040,0,0,0,0.0796867907047272
191724.440,16,38.11,336.5,24°52.937634 N,46°39.569082 E,0,1,0,0,691.71,1.40,2,99950.000,1,88.760,639.08,-0.04,0.01,0.39,3.68445914029287,223.38,0.040,0,0,0,0.0619572810828686
191724.480,16,37.98,336.8,24°52.937844 N,46°39.568986 E,0,1,0,0,691.74,1.40,2,99983.000,1,88.800,639.50,-0.17,-0.09,0.41,3.69668246445498,209.40,0.040,0,0,0,0.0787156075239182
191724.520,16,38.08,337.0,24°52.938054 N,46°39.568884 E,0,1,0,0,691.76,1.40,2,100016.000,1,88.840,639.92,-0.08,0.07,0.42,3.68726527825196,190.37,0.040,0,0,0,0.0776779726147652
191724.560,16,38.01,337.3,24°52.938264 N,46°39.568794 E,0,1,0,0,691.78,1.40,2,100083.000,1,88.880,640.35,-0.14,-0.05,0.44,3.69425075647941,162.45,0.040,0,0,0,0.0893694311380386
191724.600,16,37.95,337.5,24°52.938474 N,46°39.568698 E,0,1,0,0,691.80,1.44,2,100116.000,1,88.920,640.77,-0.10,-0.04,0.45,3.79436641985718,147.62,0.040,0,0,0,0.094228133559227
191724.640,16,37.92,337.7,24°52.938684 N,46°39.568602 E,0,1,0,0,691.83,1.44,2,100150.000,1,88.960,641.19,-0.08,-0.02,0.47,3.79726807657824,153.51,0.040,0,0,0,0.0908970907330513
191724.680,16,38.03,338.0,24°52.938900 N,46°39.568506 E,0,1,0,0,691.85,1.44,2,100183.000,1,89.000,641.61,-0.14,0.08,0.48,3.78608613345954,153.44,0.040,0,0,0,0.101916201412678
191724.720,16,38.03,338.3,24°52.939110 N,46°39.568416 E,0,1,0,0,691.87,1.44,2,100216.000,1,89.040,642.03,-0.17,0.00,0.50,3.78648435445701,142.81,0.040,0,0,0,0.112471297383308
191724.760,16,37.84,338.4,24°52.939326 N,46°39.568326 E,0,1,0,0,691.89,1.44,2,100283.000,1,89.080,642.46,-0.04,-0.13,0.52,3.80549682875264,137.76,0.040,0,0,0,0.115470096468925
191724.800,16,37.85,338.5,24°52.939536 N,46°39.568236 E,0,1,0,0,691.91,1.48,2,100316.000,1,89.120,642.88,-0.04,0.01,0.53,3.8996036988111,131.15,0.040,0,0,0,0.0912774428725243
191724.840,16,37.90,338.7,24°52.939746 N,46°39.568146 E,0,1,0,0,691.94,1.48,2,100350.000,1,89.160,643.30,-0.09,0.03,0.55,3.89476739583608,123.09,0.040,0,0,0,0.0878278091549873
191724.880,16,37.98,339.1,24°52.939962 N,46°39.568056 E,0,1,0,0,691.96,1.48,2,100383.000,1,89.200,643.72,-0.16,0.06,0.56,3.88666526227091,116.68,0.040,0,0,0,0.106166802346706
191724.920,16,37.88,339.2,24°52.940172 N,46°39.567966 E,0,1,0,0,691.98,1.48,2,100416.000,1,89.240,644.14,-0.09,-0.07,0.58,3.8969268138135,118.63,0.040,0,0,0,0.100942097604275
191724.960,16,37.84,339.4,24°52.940388 N,46°39.567882 E,0,1,0,0,692.00,1.48,2,100483.000,1,89.280,644.56,-0.07,-0.02,0.60,3.90032502708559,120.90,0.040,0,0,0,0.0946412310004234
191725.000,16,37.81,339.6,24°52.940604 N,46°39.567792 E,0,1,0,0,692.03,1.48,2,100516.000,1,89.320,644.98,-0.13,-0.02,0.61,3.90362592896247,110.89,0.040,0,0,0,0.101271003484726
191725.040,16,37.90,340.1,24°52.940814 N,46°39.567708 E,0,1,0,0,692.06,1.51,2,100550.000,1,89.360,645.40,-0.20,0.06,0.63,3.98976172256379,100.58,0.040,0,0,0,0.121105201542377
191725.080,16,37.97,340.3,24°52.941030 N,46°39.567624 E,0,1,0,0,692.08,1.51,2,100583.000,1,89.400,645.82,-0.09,0.05,0.65,3.98251066743929,105.58,0.040,0,0,0,0.11937790364027
191725.120,16,37.92,340.3,24°52.941246 N,46°39.567540 E,0,1,0,0,692.10,1.48,2,100616.000,1,89.440,646.24,0.01,-0.03,0.66,3.89250771381102,111.07,0.040,0,0,0,0.0905725285410881
191725.160,16,37.83,340.5,24°52.941462 N,46°39.567462 E,0,1,0,0,692.13,1.51,2,100683.000,1,89.480,646.66,-0.11,-0.06,0.68,3.99661662085007,113.43,0.040,0,0,0,0.0984694883227348
191725.200,16,37.82,340.5,24°52.941678 N,46°39.567378 E,0,1,0,0,692.15,1.51,2,100716.000,1,89.520,647.09,0.01,-0.01,0.70,3.998096144693,122.29,0.040,0,0,0,0.0758542120456696
191725.240,16,37.85,340.6,24°52.941888 N,46°39.567294 E,0,1,0,0,692.19,1.51,2,100750.000,1,89.560,647.51,-0.08,0.02,0.71,3.99471598414795,121.98,0.040,0,0,0,0.0748289301991463
191725.280,16,37.72,340.5,24°52.942104 N,46°39.567210 E,0,1,0,0,692.20,1.51,2,100783.000,1,89.600,647.93,0.09,-0.09,0.73,4.00805853037854,145.49,0.040,0,0,0,0.060819648206234
191725.320,16,37.78,340.3,24°52.942320 N,46°39.567126 E,0,1,0,0,692.23,1.51,2,100816.000,1,89.640,648.34,0.07,0.04,0.75,4.00232939806236,182.11,0.040,0,0,0,0.020744239911437
191725.360,16,37.77,340.2,24°52.942530 N,46°39.567036 E,0,1,0,0,692.25,1.51,2,100883.000,1,89.680,648.76,0.06,-0.01,0.76,4.00338911247617,204.69,0.040,0,0,0,0.00688154483214021
191725.400,16,37.71,340.0,24°52.942746 N,46°39.566952 E,0,1,0,0,692.28,1.55,2,100916.000,1,89.720,649.18,0.08,-0.04,0.78,4.10544740890044,241.17,0.040,0,0,0,0.0273905899375677
191725.440,16,37.81,339.7,24°52.942956 N,46°39.566862 E,0,1,0,0,692.30,1.55,2,100950.000,1,89.760,649.60,0.15,0.08,0.80,4.09372190194108,365.85,0.040,0,0,0,0.0472611486911774
191725.480,16,37.66,339.5,24°52.943166 N,46°39.566778 E,0,1,0,0,692.33,1.55,2,100983.000,1,89.800,650.02,0.10,-0.11,0.81,4.11089866156788,811.71,0.040,0,0,0,0.0665007680654526
191725.520,16,37.69,339.2,24°52.943382 N,46°39.566682 E,0,1,0,0,692.36,1.55,2,101016.000,1,89.840,650.44,0.16,0.02,0.83,4.10740819358947,1000.00,0.040,0,0,0,0.0727161392569542
191725.560,16,37.55,338.7,24°52.943592 N,46°39.566592 E,0,1,0,0,692.38,1.55,2,101083.000,1,89.880,650.86,0.20,-0.10,0.85,4.12272291466922,549.93,0.040,0,0,0,0.112207099795341
191725.600,16,37.36,338.3,24°52.943796 N,46°39.566502 E,0,1,0,0,692.41,1.55,2,101116.000,1,89.920,651.28,0.20,-0.13,0.86,4.14335804716148,262.14,0.040,0,0,0,0.151455894112587
191725.640,16,37.21,337.8,24°52.944000 N,46°39.566406 E,0,1,0,0,692.43,1.58,2,101150.000,1,89.960,651.69,0.24,-0.10,0.88,4.25657700266036,153.50,0.040,0,0,0,0.174106597900391
191725.680,16,37.29,337.2,24°52.944210 N,46°39.566304 E,0,1,0,0,692.47,1.58,2,101183.000,1,90.000,652.10,0.26,0.05,0.90,4.24790152591917,115.69,0.040,0,0,0,0.167940899729729
191725.720,16,37.25,336.8,24°52.944414 N,46°39.566208 E,0,1,0,0,692.49,1.58,2,101216.000,1,90.040,652.52,0.20,-0.03,0.92,4.25246315337324,101.57,0.040,0,0,0,0.175003796815872
191725.760,16,37.21,336.3,24°52.944618 N,46°39.566106 E,0,1,0,0,692.51,1.58,2,101283.000,1,90.080,652.93,0.20,-0.03,0.93,4.25692018274657,85.33,0.040,0,0,0,0.180482402443886
191725.800,16,37.25,335.9,24°52.944822 N,46°39.566004 E,0,1,0,0,692.54,1.58,2,101316.000,1,90.120,653.34,0.21,0.03,0.95,4.25246315337324,77.26,0.040,0,0,0,0.185205101966858
191725.840,16,37.13,335.4,24°52.945020 N,46°39.565896 E,0,1,0,0,692.57,1.58,2,101350.000,1,90.160,653.76,0.23,-0.08,0.97,4.26609210880689,67.08,0.040,0,0,0,0.199113503098488
191725.880,16,36.94,334.9,24°52.945224 N,46°39.565794 E,0,1,0,0,692.59,1.62,2,101383.000,1,90.200,654.17,0.23,-0.14,0.99,4.3859649122807,62.94,0.040,0,0,0,0.221173301339149
191725.920,16,36.89,334.7,24°52.945422 N,46°39.565686 E,0,1,0,0,692.62,1.62,2,101416.000,1,90.240,654.58,0.08,-0.03,1.00,4.39155303749085,62.40,0.040,0,0,0,0.188591599464417
191725.960,16,36.83,334.3,24°52.945620 N,46°39.565578 E,0,1,0,0,692.65,1.62,2,101483.000,1,90.280,654.99,0.18,-0.04,1.02,4.39834926151173,59.53,0.040,0,0,0,0.185517907142639
191726.000,16,36.92,333.6,24°52.945818 N,46°39.565464 E,0,1,0,0,692.68,1.62,2,101516.000,1,90.320,655.40,0.29,0.06,1.04,4.38810336421258,55.39,0.040,0,0,0,0.200236201286316
191726.040,16,36.95,332.7,24°52.946016 N,46°39.565350 E,0,1,0,0,692.69,1.58,2,101550.000,1,90.360,655.81,0.43,0.02,1.06,4.28722223725878,50.50,0.040,0,0,0,0.245944201946259
191726.080,16,36.97,331.9,24°52.946208 N,46°39.565230 E,0,1,0,0,692.71,1.58,2,101583.000,1,90.400,656.22,0.39,0.01,1.08,4.28513458677127,46.20,0.040,0,0,0,0.275267899036407
191726.120,16,36.73,330.9,24°52.946400 N,46°39.565110 E,0,1,0,0,692.73,1.62,2,101616.000,1,90.440,656.63,0.45,-0.17,1.09,4.41044349459585,42.28,0.040,0,0,0,0.31941831111908
191726.160,16,36.54,329.9,24°52.946586 N,46°39.564984 E,0,1,0,0,692.75,1.62,2,101683.000,1,90.480,657.04,0.43,-0.14,1.11,4.43398292095467,39.56,0.040,0,0,0,0.3514044880867
191726.200,16,36.57,328.7,24°52.946772 N,46°39.564852 E,0,1,0,0,692.78,1.62,2,101716.000,1,90.520,657.44,0.56,0.02,1.13,4.42998167847084,36.31,0.040,0,0,0,0.381990700960159
191726.240,16,36.42,327.6,24°52.946952 N,46°39.564720 E,0,1,0,0,692.81,1.62,2,101750.000,1,90.560,657.85,0.47,-0.10,1.15,4.44798330633426,34.32,0.040,0,0,0,0.40384829044342
191726.280,16,36.23,326.6,24°52.947132 N,46°39.564582 E,0,1,0,0,692.83,1.62,2,101783.000,1,90.600,658.25,0.48,-0.13,1.17,4.4709388971684,32.50,0.040,0,0,0,0.426540404558182
191726.320,16,36.14,325.5,24°52.947306 N,46°39.564444 E,0,1,0,0,692.85,1.62,2,101816.000,1,90.640,658.65,0.45,-0.07,1.18,4.48256779192031,30.78,0.040,0,0,0,0.429161787033081
191726.360,16,36.03,324.6,24°52.947480 N,46°39.564300 E,0,1,0,0,692.87,1.62,2,101883.000,1,90.680,659.05,0.40,-0.08,1.20,4.49600355239787,29.46,0.040,0,0,0,0.424689203500748
191726.400,16,36.14,323.9,24°52.947654 N,46°39.564156 E,0,1,0,0,692.89,1.62,2,101916.000,1,90.720,659.46,0.32,0.08,1.22,4.48207171314741,28.89,0.040,0,0,0,0.398270606994629
191726.440,16,36.22,323.4,24°52.947828 N,46°39.564012 E,0,1,0,0,692.90,1.62,2,101950.000,1,90.760,659.86,0.22,0.05,1.24,4.47266703478741,28.98,0.040,0,0,0,0.364164501428604
191726.480,16,36.22,322.2,24°52.947996 N,46°39.563856 E,0,1,0,0,692.91,1.58,2,101983.000,1,90.800,660.26,0.55,0.00,1.26,4.37375745526839,27.33,0.040,0,0,0,0.400393813848495
191726.520,16,36.13,321.0,24°52.948158 N,46°39.563700 E,0,1,0,0,692.93,1.62,2,102016.000,1,90.840,660.66,0.55,-0.06,1.27,4.48430493273543,25.17,0.040,0,0,0,0.431248009204865
191726.560,16,36.10,319.4,24°52.948320 N,46°39.563538 E,0,1,0,0,692.95,1.58,2,102083.000,1,90.880,661.06,0.71,-0.02,1.29,4.38817630273984,23.14,0.040,0,0,0,0.486091613769531
191726.600,16,36.09,318.2,24°52.948476 N,46°39.563376 E,0,1,0,0,692.97,1.58,2,102116.000,1,90.920,661.46,0.54,0.00,1.31,4.38902743142145,22.25,0.040,0,0,0,0.497605502605438
191726.640,16,36.13,317.2,24°52.948638 N,46°39.563208 E,0,1,0,0,692.98,1.58,2,102150.000,1,90.960,661.87,0.41,0.03,1.33,4.38380427863726,22.31,0.040,0,0,0,0.479470789432526
191726.680,16,36.07,316.0,24°52.948788 N,46°39.563040 E,0,1,0,0,693.00,1.55,2,102183.000,1,91.000,662.27,0.58,-0.05,1.34,4.29225010397893,21.67,0.040,0,0,0,0.498857408761978
191726.720,16,35.90,314.9,24°52.948932 N,46°39.562866 E,0,1,0,0,693.02,1.55,2,102216.000,1,91.040,662.67,0.46,-0.12,1.36,4.31209783002312,21.50,0.040,0,0,0,0.496061414480209
191726.760,16,35.64,313.6,24°52.949076 N,46°39.562692 E,0,1,0,0,693.03,1.55,2,102283.000,1,91.080,663.06,0.57,-0.18,1.38,4.34294691953765,20.92,0.040,0,0,0,0.521422922611237
191726.800,16,35.55,312.7,24°52.949220 N,46°39.562518 E,0,1,0,0,693.04,1.51,2,102316.000,1,91.120,663.46,0.40,-0.06,1.40,4.25268605501491,21.31,0.040,0,0,0,0.493138790130615
191726.840,16,35.47,311.3,24°52.949352 N,46°39.562338 E,0,1,0,0,693.05,1.51,2,102349.000,1,91.160,663.85,0.62,-0.06,1.41,4.26311782783996,20.76,0.040,0,0,0,0.517548203468323
191726.880,16,35.34,310.2,24°52.949490 N,46°39.562158 E,0,1,0,0,693.07,1.48,2,102383.000,1,91.200,664.25,0.47,-0.09,1.43,4.17680683683287,20.68,0.040,0,0,0,0.510384798049927
191726.920,16,35.17,309.1,24°52.949616 N,46°39.561972 E,0,1,0,0,693.08,1.48,2,102416.000,1,91.240,664.64,0.49,-0.12,1.45,4.19651995905834,20.43,0.040,0,0,0,0.510879814624786
191726.960,16,35.17,308.3,24°52.949742 N,46°39.561786 E,0,1,0,0,693.10,1.48,2,102483.000,1,91.280,665.03,0.33,0.00,1.46,4.19699727024568,20.59,0.040,0,0,0,0.470479488372803
191727.000,16,35.24,307.8,24°52.949874 N,46°39.561600 E,0,1,0,0,693.11,1.48,2,102516.000,1,91.320,665.42,0.22,0.05,1.48,4.18877884042342,20.92,0.040,0,0,0,0.417406797409058
191727.040,16,35.32,307.2,24°52.950000 N,46°39.561414 E,0,1,0,0,693.14,1.48,2,102549.000,1,91.360,665.81,0.27,0.06,1.50,4.1785805282677,20.82,0.040,0,0,0,0.388839691877365
191727.080,16,35.29,306.2,24°52.950120 N,46°39.561222 E,0,1,0,0,693.15,1.48,2,102583.000,1,91.400,666.21,0.45,-0.02,1.51,4.1823694426341,21.06,0.040,0,0,0,0.399442404508591
191727.120,16,35.47,305.0,24°52.950240 N,46°39.561024 E,0,1,0,0,693.16,1.44,2,102616.000,1,91.440,666.60,0.53,0.13,1.53,4.05965436553805,21.20,0.040,0,0,0,0.431159496307373
191727.160,16,35.55,303.8,24°52.950354 N,46°39.560820 E,0,1,0,0,693.17,1.44,2,102683.000,1,91.480,666.99,0.53,0.06,1.55,4.05017719525229,21.75,0.040,0,0,0,0.451975792646408
191727.200,16,35.57,302.3,24°52.950456 N,46°39.560616 E,0,1,0,0,693.20,1.44,2,102716.000,1,91.520,667.39,0.64,0.01,1.56,4.04858299595142,21.45,0.040,0,0,0,0.486621290445328
191727.240,16,35.66,301.1,24°52.950564 N,46°39.560406 E,0,1,0,0,693.23,1.48,2,102749.000,1,91.560,667.78,0.53,0.06,1.58,4.13932357395255,21.11,0.040,0,0,0,0.497085005044937
191727.280,16,35.71,299.9,24°52.950666 N,46°39.560196 E,0,1,0,0,693.25,1.48,2,102783.000,1,91.600,668.18,0.53,0.03,1.59,4.13387480744994,21.25,0.040,0,0,0,0.503562390804291
191727.320,16,35.92,298.8,24°52.950762 N,46°39.559986 E,0,1,0,0,693.28,1.48,2,102816.000,1,91.640,668.58,0.47,0.16,1.61,4.10867386705267,21.35,0.040,0,0,0,0.506072819232941
191727.360,16,36.03,297.6,24°52.950858 N,46°39.559770 E,0,1,0,0,693.30,1.48,2,102883.000,1,91.680,668.98,0.57,0.08,1.63,4.09635879218472,21.41,0.040,0,0,0,0.519226312637329
191727.400,16,36.10,296.3,24°52.950948 N,46°39.559548 E,0,1,0,0,693.32,1.48,2,102916.000,1,91.720,669.38,0.55,0.05,1.64,4.08818967427432,21.02,0.040,0,0,0,0.523794591426849
191727.440,16,36.05,295.1,24°52.951032 N,46°39.559332 E,0,1,0,0,693.35,1.48,2,102949.000,1,91.760,669.78,0.57,-0.04,1.66,4.09385921118322,21.18,0.040,0,0,0,0.529172599315643
191727.480,16,36.12,294.0,24°52.951116 N,46°39.559110 E,0,1,0,0,693.38,1.51,2,102983.000,1,91.800,670.18,0.49,0.04,1.68,4.18662605565554,21.18,0.040,0,0,0,0.522386014461517
191727.520,16,36.16,292.5,24°52.951194 N,46°39.558882 E,0,1,0,0,693.41,1.55,2,103016.000,1,91.840,670.58,0.66,0.03,1.69,4.28073668491787,20.77,0.040,0,0,0,0.549266517162323
191727.560,16,36.14,291.2,24°52.951266 N,46°39.558654 E,0,1,0,0,693.44,1.55,2,103083.000,1,91.880,670.98,0.56,-0.01,1.71,4.28286852589641,20.18,0.040,0,0,0,0.55077189207077
191727.600,16,36.31,289.9,24°52.951332 N,46°39.558426 E,0,1,0,0,693.47,1.55,2,103116.000,1,91.920,671.39,0.58,0.12,1.73,4.26328835031672,19.37,0.040,0,0,0,0.559990704059601
191727.640,16,36.40,288.7,24°52.951398 N,46°39.558192 E,0,1,0,0,693.49,1.55,2,103149.000,1,91.960,671.79,0.55,0.07,1.74,4.25239678048512,18.79,0.040,0,0,0,0.558707118034363
191727.680,16,36.46,287.4,24°52.951452 N,46°39.557958 E,0,1,0,0,693.52,1.58,2,103183.000,1,92.000,672.20,0.61,0.04,1.76,4.34436795480102,18.49,0.040,0,0,0,0.568337500095367
191727.720,16,36.46,286.2,24°52.951512 N,46°39.557724 E,0,1,0,0,693.55,1.58,2,103216.000,1,92.040,672.60,0.53,0.00,1.78,4.34484461146008,18.52,0.040,0,0,0,0.559616982936859
191727.760,16,36.46,285.0,24°52.951560 N,46°39.557490 E,0,1,0,0,693.57,1.58,2,103283.000,1,92.080,673.01,0.52,0.00,1.80,4.34484461146008,18.58,0.040,0,0,0,0.55124169588089
191727.800,16,36.58,283.9,24°52.951608 N,46°39.557250 E,0,1,0,0,693.60,1.62,2,103316.000,1,92.120,673.41,0.51,0.09,1.81,4.42864953526517,18.96,0.040,0,0,0,0.545752882957458
191727.840,16,36.62,282.9,24°52.951650 N,46°39.557010 E,0,1,0,0,693.62,1.62,2,103349.000,1,92.160,673.82,0.46,0.03,1.83,4.42393293099211,19.17,0.040,0,0,0,0.528654992580414
191727.880,16,36.67,282.1,24°52.951692 N,46°39.556776 E,0,1,0,0,693.64,1.62,2,103383.000,1,92.200,674.22,0.36,0.04,1.85,4.41741880947836,19.64,0.040,0,0,0,0.495417296886444
191727.920,16,36.76,281.1,24°52.951728 N,46°39.556530 E,0,1,0,0,693.66,1.58,2,103416.000,1,92.240,674.63,0.46,0.06,1.87,4.30950048971596,19.75,0.040,0,0,0,0.488924711942673
191727.960,16,36.97,280.0,24°52.951764 N,46°39.556290 E,0,1,0,0,693.68,1.58,2,103483.000,1,92.280,675.04,0.51,0.15,1.88,4.28478684267474,20.06,0.040,0,0,0,0.501547574996948
191728.000,16,37.05,278.7,24°52.951788 N,46°39.556044 E,0,1,0,0,693.71,1.62,2,103516.000,1,92.320,675.45,0.56,0.06,1.90,4.37270567911898,20.12,0.040,0,0,0,0.510400474071503
191728.040,16,37.01,277.6,24°52.951812 N,46°39.555798 E,0,1,0,0,693.74,1.62,2,103549.000,1,92.360,675.87,0.51,-0.03,1.92,4.37743190661479,20.28,0.040,0,0,0,0.506527721881866
191728.080,16,36.99,276.1,24°52.951830 N,46°39.555552 E,0,1,0,0,693.75,1.62,2,103583.000,1,92.400,676.28,0.71,-0.01,1.94,4.37908850083797,19.75,0.040,0,0,0,0.547300100326538
191728.120,16,36.97,274.8,24°52.951836 N,46°39.555306 E,0,1,0,0,693.78,1.62,2,103616.000,1,92.440,676.69,0.60,-0.02,1.96,4.38216836182644,19.91,0.040,0,0,0,0.557667672634125
191728.160,16,37.26,273.6,24°52.951848 N,46°39.555060 E,0,1,0,0,693.80,1.62,2,103683.000,1,92.480,677.10,0.55,0.21,1.97,4.34782608695652,20.14,0.040,0,0,0,0.564785480499268
191728.200,16,37.36,272.6,24°52.951854 N,46°39.554808 E,0,1,0,0,693.82,1.58,2,103716.000,1,92.520,677.51,0.44,0.07,1.99,4.23937479927203,20.59,0.040,0,0,0,0.539922416210175
191728.240,16,37.46,271.8,24°52.951854 N,46°39.554562 E,0,1,0,0,693.83,1.58,2,103749.000,1,92.560,677.93,0.35,0.07,2.01,4.22873618452667,21.20,0.040,0,0,0,0.502947628498077
191728.280,16,37.38,271.1,24°52.951854 N,46°39.554316 E,0,1,0,0,693.84,1.55,2,103783.000,1,92.600,678.35,0.33,-0.05,2.03,4.14103044245894,21.99,0.040,0,0,0,0.463553786277771
191728.320,16,37.28,270.1,24°52.951848 N,46°39.554070 E,0,1,0,0,693.86,1.55,2,103816.000,1,92.640,678.76,0.47,-0.07,2.04,4.15258329309512,22.14,0.040,0,0,0,0.466060101985931
191728.360,16,37.25,268.5,24°52.951836 N,46°39.553818 E,0,1,0,0,693.88,1.55,2,103883.000,1,92.680,679.17,0.75,-0.02,2.06,4.15581626352385,21.50,0.040,0,0,0,0.521735072135925
191728.400,16,37.31,266.8,24°52.951812 N,46°39.553572 E,0,1,0,0,693.89,1.51,2,103916.000,1,92.720,679.59,0.76,0.04,2.08,4.05285871284209,20.89,0.040,0,0,0,0.568767428398132
191728.440,16,37.33,265.4,24°52.951788 N,46°39.553326 E,0,1,0,0,693.91,1.51,2,103949.000,1,92.760,680.00,0.66,0.02,2.10,4.05014464802314,20.42,0.040,0,0,0,0.586290419101715
191728.480,16,37.46,264.2,24°52.951758 N,46°39.553074 E,0,1,0,0,693.92,1.51,2,103983.000,1,92.800,680.42,0.54,0.09,2.11,4.03652090341182,20.05,0.040,0,0,0,0.580020427703857
191728.520,16,37.57,263.3,24°52.951722 N,46°39.552828 E,0,1,0,0,693.92,1.48,2,104016.000,1,92.840,680.84,0.42,0.08,2.13,3.92866648922012,20.22,0.040,0,0,0,0.550348103046417
191728.560,16,37.69,262.4,24°52.951686 N,46°39.552576 E,0,1,0,0,693.92,1.44,2,104083.000,1,92.880,681.25,0.42,0.08,2.15,3.82084483124602,20.55,0.040,0,0,0,0.525977194309235
191728.600,16,37.60,261.2,24°52.951644 N,46°39.552330 E,0,1,0,0,693.93,1.40,2,104116.000,1,92.920,681.67,0.59,-0.07,2.16,3.73453916744248,20.43,0.040,0,0,0,0.535065114498138
191728.640,16,37.66,259.9,24°52.951596 N,46°39.552084 E,0,1,0,0,693.96,1.44,2,104149.000,1,92.960,682.09,0.57,0.04,2.18,3.82409177820268,20.33,0.040,0,0,0,0.542926371097565
191728.680,16,37.63,259.0,24°52.951548 N,46°39.551838 E,0,1,0,0,693.98,1.44,2,104183.000,1,93.000,682.51,0.43,-0.02,2.20,3.82663229783955,21.07,0.040,0,0,0,0.520361006259918
191728.720,16,37.51,258.2,24°52.951500 N,46°39.551598 E,0,1,0,0,693.99,1.44,2,104216.000,1,93.040,682.93,0.39,-0.09,2.21,3.83948806825757,21.59,0.040,0,0,0,0.496720403432846
191728.760,16,37.64,257.6,24°52.951446 N,46°39.551352 E,0,1,0,0,694.00,1.40,2,104283.000,1,93.080,683.34,0.28,0.10,2.23,3.72987620211466,22.46,0.040,0,0,0,0.452656090259552
191728.800,16,37.70,257.4,24°52.951398 N,46°39.551112 E,0,1,0,0,694.00,1.37,2,104316.000,1,93.120,683.76,0.08,0.04,2.24,3.62835848606212,23.66,0.040,0,0,0,0.379079699516296
191728.840,16,37.78,257.0,24°52.951344 N,46°39.550866 E,0,1,0,0,694.01,1.37,2,104349.000,1,93.160,684.18,0.18,0.05,2.26,3.62144275314361,24.31,0.040,0,0,0,0.340744107961655
191728.880,16,37.85,256.4,24°52.951284 N,46°39.550626 E,0,1,0,0,694.03,1.33,2,104383.000,1,93.200,684.60,0.28,0.06,2.27,3.51878269139325,24.56,0.040,0,0,0,0.329164803028107
191728.920,16,37.81,255.7,24°52.951224 N,46°39.550380 E,0,1,0,0,694.05,1.37,2,104416.000,1,93.240,685.02,0.35,-0.03,2.29,3.61770772729677,24.99,0.040,0,0,0,0.331266313791275
191728.960,16,37.67,255.3,24°52.951164 N,46°39.550146 E,0,1,0,0,694.07,1.37,2,104483.000,1,93.280,685.44,0.19,-0.10,2.30,3.63182626702419,27.19,0.040,0,0,0,0.305593609809875
191729.000,16,37.64,254.9,24°52.951104 N,46°39.549906 E,0,1,0,0,694.08,1.37,2,104516.000,1,93.320,685.86,0.15,-0.02,2.32,3.63423835077839,30.17,0.040,0,0,0,0.2744000852108
191729.040,16,37.66,254.3,24°52.951038 N,46°39.549666 E,0,1,0,0,694.09,1.33,2,104549.000,1,93.360,686.28,0.29,0.01,2.34,3.53690918746681,32.33,0.040,0,0,0,0.276633203029633
191729.080,16,37.81,253.8,24°52.950972 N,46°39.549426 E,0,1,0,0,694.10,1.30,2,104583.000,1,93.400,686.70,0.24,0.10,2.35,3.42793662549263,34.48,0.040,0,0,0,0.274148285388947
191729.120,16,37.84,253.6,24°52.950906 N,46°39.549186 E,0,1,0,0,694.11,1.30,2,104616.000,1,93.440,687.12,0.08,0.03,2.36,3.42467563353857,37.14,0.040,0,0,0,0.23466719686985
191729.160,16,37.88,253.4,24°52.950840 N,46°39.548946 E,0,1,0,0,694.13,1.30,2,104683.000,1,93.480,687.54,0.08,0.02,2.38,3.42169183651917,40.14,0.040,0,0,0,0.204167306423187
191729.200,16,37.90,253.4,24°52.950774 N,46°39.548706 E,0,1,0,0,694.13,1.26,2,104716.000,1,93.520,687.96,0.02,0.02,2.39,3.32445054220205,46.54,0.040,0,0,0,0.166989207267761
191729.240,16,38.02,253.4,24°52.950708 N,46°39.548460 E,0,1,0,0,694.15,1.26,2,104749.000,1,93.560,688.38,-0.03,0.08,2.41,3.31404523934771,55.92,0.040,0,0,0,0.138038396835327
191729.280,16,38.19,253.1,24°52.950642 N,46°39.548220 E,0,1,0,0,694.16,1.26,2,104783.000,1,93.600,688.80,0.16,0.12,2.42,3.29972502291476,61.76,0.040,0,0,0,0.158872097730637
191729.320,16,38.33,252.6,24°52.950570 N,46°39.547980 E,0,1,0,0,694.18,1.26,2,104816.000,1,93.640,689.23,0.24,0.10,2.44,3.28732813274544,65.75,0.040,0,0,0,0.181485697627068
191729.360,16,38.47,252.0,24°52.950492 N,46°39.547734 E,0,1,0,0,694.20,1.26,2,104883.000,1,93.680,689.66,0.27,0.10,2.45,3.27562002807674,66.42,0.040,0,0,0,0.201945006847382
191729.400,16,38.59,251.5,24°52.950414 N,46°39.547494 E,0,1,0,0,694.20,1.22,2,104916.000,1,93.720,690.08,0.26,0.09,2.46,3.1719705607961,62.31,0.040,0,0,0,0.215571999549866
191729.440,16,38.67,251.3,24°52.950336 N,46°39.547254 E,0,1,0,0,694.21,1.22,2,104949.000,1,93.760,690.51,0.08,0.06,2.48,3.16540808937623,64.84,0.040,0,0,0,0.187275499105453
191729.480,16,38.81,251.2,24°52.950264 N,46°39.547008 E,0,1,0,0,694.23,1.22,2,104983.000,1,93.800,690.94,0.03,0.10,2.49,3.15398886827458,71.69,0.040,0,0,0,0.167751103639603
191729.520,16,38.82,251.4,24°52.950186 N,46°39.546762 E,0,1,0,0,694.25,1.22,2,105016.000,1,93.840,691.37,-0.06,0.00,2.51,3.15342006956074,86.54,0.040,0,0,0,0.112376898527145
191729.560,16,38.92,251.3,24°52.950114 N,46°39.546522 E,0,1,0,0,694.25,1.19,2,105083.000,1,93.880,691.81,0.01,0.07,2.52,3.05241521068859,95.05,0.040,0,0,0,0.103672698140144
191729.600,16,39.05,251.2,24°52.950036 N,46°39.546276 E,0,1,0,0,694.27,1.19,2,105116.000,1,93.920,692.24,0.07,0.09,2.53,3.04233142974212,100.35,0.040,0,0,0,0.110962398350239
191729.640,16,39.07,250.9,24°52.949958 N,46°39.546030 E,0,1,0,0,694.27,1.19,2,105149.000,1,93.960,692.67,0.13,0.02,2.55,3.0403849106823,111.02,0.040,0,0,0,0.102473400533199
191729.680,16,39.09,250.8,24°52.949880 N,46°39.545790 E,0,1,0,0,694.28,1.15,2,105183.000,1,94.000,693.11,0.08,0.01,2.56,2.94689450526962,124.31,0.040,0,0,0,0.0937377214431763
191729.720,16,39.28,250.7,24°52.949802 N,46°39.545544 E,0,1,0,0,694.28,1.12,2,105216.000,1,94.040,693.54,0.03,0.13,2.57,2.84114052953157,129.79,0.040,0,0,0,0.111566200852394
191729.760,16,39.61,250.8,24°52.949718 N,46°39.545292 E,0,1,0,0,694.30,1.15,2,105283.000,1,94.080,693.98,-0.05,0.24,2.59,2.90806280607866,144.77,0.040,0,0,0,0.167222902178764
191729.800,16,39.90,250.7,24°52.949640 N,46°39.545046 E,0,1,0,0,694.31,1.12,2,105316.000,1,94.120,694.42,0.03,0.20,2.60,2.79734302544178,144.14,0.040,0,0,0,0.185316696763039
191729.840,16,40.06,250.8,24°52.949556 N,46°39.544794 E,0,1,0,0,694.33,1.12,2,105349.000,1,94.160,694.87,-0.04,0.11,2.61,2.78602990738198,145.72,0.040,0,0,0,0.150119498372078
191729.880,16,40.21,250.7,24°52.949478 N,46°39.544542 E,0,1,0,0,694.35,1.12,2,105383.000,1,94.200,695.31,0.04,0.11,2.62,2.77556705133307,162.76,0.040,0,0,0,0.131035298109055
191729.920,16,40.27,250.4,24°52.949394 N,46°39.544290 E,0,1,0,0,694.36,1.12,2,105416.000,1,94.240,695.76,0.19,0.05,2.64,2.77108732897971,171.69,0.040,0,0,0,0.10805170238018
191729.960,16,40.39,250.2,24°52.949304 N,46°39.544038 E,0,1,0,0,694.38,1.15,2,105483.000,1,94.280,696.21,0.09,0.08,2.65,2.85233237595325,207.35,0.040,0,0,0,0.109563700854778
191730.000,16,40.60,250.2,24°52.949220 N,46°39.543786 E,0,1,0,0,694.40,1.15,2,105516.000,1,94.320,696.66,0.00,0.15,2.66,2.83715890060093,296.66,0.040,0,0,0,0.131228893995285
191730.040,16,40.65,250.1,24°52.949136 N,46°39.543534 E,0,1,0,0,694.41,1.12,2,105549.000,1,94.360,697.11,0.06,0.03,2.67,2.74531991832919,309.07,0.040,0,0,0,0.0947206094861031
191730.080,16,40.81,249.9,24°52.949052 N,46°39.543282 E,0,1,0,0,694.43,1.12,2,105583.000,1,94.400,697.56,0.10,0.11,2.69,2.7348919276577,281.55,0.040,0,0,0,0.113046303391457
191730.120,16,40.99,249.9,24°52.948968 N,46°39.543024 E,0,1,0,0,694.43,1.12,2,105616.000,1,94.440,698.02,0.01,0.13,2.70,2.72261527201757,256.84,0.040,0,0,0,0.123265102505684
191730.160,16,41.13,249.8,24°52.948878 N,46°39.542772 E,0,1,0,0,694.44,1.08,2,105683.000,1,94.480,698.47,0.01,0.10,2.71,2.62607596167874,260.25,0.040,0,0,0,0.112791702151299
191730.200,16,41.35,249.9,24°52.948794 N,46°39.542514 E,0,1,0,0,694.45,1.08,2,105716.000,1,94.520,698.93,-0.04,0.16,2.72,2.61185006045949,304.21,0.040,0,0,0,0.133886694908142
191730.240,16,41.48,249.8,24°52.948704 N,46°39.542256 E,0,1,0,0,694.46,1.04,2,105749.000,1,94.560,699.39,0.07,0.09,2.74,2.51693628100967,343.53,0.040,0,0,0,0.116772100329399
191730.280,16,41.70,249.6,24°52.948614 N,46°39.541998 E,0,1,0,0,694.48,1.08,2,105783.000,1,94.600,699.85,0.11,0.16,2.75,2.58999016762992,331.00,0.040,0,0,0,0.142571106553078
191730.320,16,41.80,249.4,24°52.948524 N,46°39.541734 E,0,1,0,0,694.50,1.08,2,105816.000,1,94.640,700.32,0.08,0.07,2.76,2.58397932816537,306.08,0.040,0,0,0,0.115753598511219
191730.360,16,42.01,249.4,24°52.948434 N,46°39.541476 E,0,1,0,0,694.51,1.08,2,105883.000,1,94.680,700.78,-0.01,0.15,2.77,2.5711224854184,288.78,0.040,0,0,0,0.131839901208878
191730.400,16,42.17,249.5,24°52.948344 N,46°39.541212 E,0,1,0,0,694.52,1.08,2,105916.000,1,94.720,701.25,-0.02,0.12,2.78,2.56081946222791,316.12,0.040,0,0,0,0.125784799456596
191730.440,16,42.29,249.6,24°52.948254 N,46°39.540948 E,0,1,0,0,694.53,1.04,2,105949.000,1,94.760,701.72,-0.08,0.08,2.80,2.46849360414253,336.56,0.040,0,0,0,0.103503696620464
191730.480,16,42.57,249.6,24°52.948164 N,46°39.540684 E,0,1,0,0,694.54,1.04,2,105983.000,1,94.800,702.19,0.03,0.20,2.81,2.45243128964059,343.05,0.040,0,0,0,0.150300994515419
191730.520,16,42.69,249.2,24°52.948068 N,46°39.540420 E,0,1,0,0,694.55,1.04,2,106016.000,1,94.840,702.67,0.18,0.08,2.82,2.44559488392794,360.11,0.040,0,0,0,0.125717803835869
191730.560,16,42.70,249.1,24°52.947978 N,46°39.540156 E,0,1,0,0,694.57,1.04,2,106083.000,1,94.880,703.14,0.08,0.01,2.83,2.44496487119438,373.74,0.040,0,0,0,0.0812460333108902
191730.600,16,42.88,249.0,24°52.947882 N,46°39.539892 E,0,1,0,0,694.58,1.04,2,106116.000,1,94.920,703.61,0.04,0.12,2.84,2.43492863140218,349.65,0.040,0,0,0,0.106319703161716
191730.640,16,43.03,249.1,24°52.947792 N,46°39.539628 E,0,1,0,0,694.59,1.01,2,106149.000,1,94.960,704.09,-0.08,0.11,2.85,2.34249726941042,453.55,0.040,0,0,0,0.104534700512886
191730.680,16,43.30,249.2,24°52.947696 N,46°39.539358 E,0,1,0,0,694.60,1.01,2,106183.000,1,95.000,704.57,-0.01,0.19,2.87,2.32772953999631,587.39,0.040,0,0,0,0.148809298872948
191730.720,16,43.57,249.1,24°52.947600 N,46°39.539088 E,0,1,0,0,694.61,1.01,2,106216.000,1,95.040,705.05,0.01,0.19,2.88,2.31367778364358,588.45,0.040,0,0,0,0.167665898799896
191730.760,16,43.57,249.0,24°52.947504 N,46°39.538818 E,0,1,0,0,694.62,1.01,2,106283.000,1,95.080,705.54,0.06,0.00,2.89,2.31330609996787,517.54,0.040,0,0,0,0.0894279927015305
191730.800,16,43.77,248.9,24°52.947408 N,46°39.538548 E,0,1,0,0,694.63,0.97,2,106316.000,1,95.120,706.02,0.09,0.14,2.90,2.22059764232843,399.23,0.040,0,0,0,0.119326300919056
191730.840,16,43.82,248.7,24°52.947312 N,46°39.538278 E,0,1,0,0,694.64,0.97,2,106349.000,1,95.160,706.51,0.09,0.03,2.91,2.21821584244278,386.37,0.040,0,0,0,0.0875739231705666
191730.880,16,43.89,248.5,24°52.947210 N,46°39.538008 E,0,1,0,0,694.66,0.97,2,106383.000,1,95.200,707.00,0.12,0.05,2.92,2.21457702034586,387.72,0.040,0,0,0,0.0875160619616508
191730.920,16,43.98,248.7,24°52.947120 N,46°39.537738 E,0,1,0,0,694.67,0.97,2,106416.000,1,95.240,707.49,-0.11,0.06,2.93,2.21019600709446,585.72,0.040,0,0,0,0.0672046467661858
191730.960,16,44.20,248.8,24°52.947018 N,46°39.537462 E,0,1,0,0,694.67,0.94,2,106483.000,1,95.280,707.98,-0.05,0.16,2.94,2.11779080028056,662.56,0.040,0,0,0,0.109114997088909
191731.000,16,44.40,248.7,24°52.946922 N,46°39.537192 E,0,1,0,0,694.68,0.94,2,106516.000,1,95.320,708.47,0.03,0.14,2.95,2.10834553440703,576.01,0.040,0,0,0,0.125257700681686
191731.040,16,44.46,248.5,24°52.946820 N,46°39.536916 E,0,1,0,0,694.70,0.94,2,106549.000,1,95.360,708.96,0.13,0.04,2.96,2.10545258232859,380.74,0.040,0,0,0,0.0917554572224617
191731.080,16,44.64,248.4,24°52.946718 N,46°39.536640 E,0,1,0,0,694.73,0.97,2,106583.000,1,95.400,709.46,0.04,0.13,2.98,2.17741935483871,379.59,0.040,0,0,0,0.1132498010993
191731.120,16,44.89,248.4,24°52.946616 N,46°39.536364 E,0,1,0,0,694.73,0.94,2,106616.000,1,95.440,709.95,0.01,0.18,2.99,2.0850040096231,531.21,0.040,0,0,0,0.14630089700222
191731.160,16,45.13,248.4,24°52.946514 N,46°39.536088 E,0,1,0,0,694.73,0.94,2,106683.000,1,95.480,710.45,0.00,0.17,3.00,2.07387056034387,652.02,0.040,0,0,0,0.158827602863312
191731.200,16,45.09,248.1,24°52.946412 N,46°39.535812 E,0,1,0,0,694.76,0.97,2,106716.000,1,95.520,710.96,0.19,-0.03,3.01,2.15549740541979,468.06,0.040,0,0,0,0.0869628936052322
191731.240,16,45.15,247.8,24°52.946310 N,46°39.535536 E,0,1,0,0,694.80,1.01,2,106749.000,1,95.560,711.46,0.16,0.04,3.02,2.2326570390715,317.01,0.040,0,0,0,0.0944554284214973
191731.280,16,45.43,248.1,24°52.946208 N,46°39.535254 E,0,1,0,0,694.80,0.97,2,106783.000,1,95.600,711.96,-0.15,0.20,3.03,2.13964955534032,392.58,0.040,0,0,0,0.129454702138901
191731.320,16,45.65,248.2,24°52.946100 N,46°39.534972 E,0,1,0,0,694.80,0.94,2,106816.000,1,95.640,712.47,-0.11,0.16,3.04,2.05029352492771,483.31,0.040,0,0,0,0.141666695475578
191731.360,16,45.82,248.3,24°52.945998 N,46°39.534690 E,0,1,0,0,694.81,0.94,2,106883.000,1,95.680,712.97,-0.05,0.12,3.05,2.04290983696008,622.36,0.040,0,0,0,0.129549294710159
191731.400,16,45.94,248.1,24°52.945896 N,46°39.534408 E,0,1,0,0,694.82,0.94,2,106916.000,1,95.720,713.48,0.11,0.09,3.06,2.03730709792569,602.64,0.040,0,0,0,0.110697902739048
191731.440,16,45.97,248.1,24°52.945788 N,46°39.534126 E,0,1,0,0,694.84,0.94,2,106949.000,1,95.760,713.99,0.02,0.02,3.07,2.03633199173284,726.71,0.040,0,0,0,0.0649649202823639
191731.480,16,46.22,248.0,24°52.945686 N,46°39.533844 E,0,1,0,0,694.85,0.94,2,106983.000,1,95.800,714.51,0.04,0.18,3.08,2.02522881190904,947.08,0.040,0,0,0,0.122628100216389
191731.520,16,46.37,247.9,24°52.945578 N,46°39.533556 E,0,1,0,0,694.87,0.94,2,107016.000,1,95.840,715.02,0.06,0.11,3.09,2.01863354037267,568.40,0.040,0,0,0,0.117818303406239
191731.560,16,46.50,247.8,24°52.945470 N,46°39.533274 E,0,1,0,0,694.88,0.94,2,107083.000,1,95.880,715.54,0.04,0.09,3.10,2.01285993849595,465.95,0.040,0,0,0,0.109330199658871
191731.600,16,46.53,247.7,24°52.945362 N,46°39.532986 E,0,1,0,0,694.88,0.90,2,107116.000,1,95.920,716.05,0.06,0.02,3.11,1.9340697124683,443.92,0.040,0,0,0,0.0742804035544395
191731.640,16,46.58,247.7,24°52.945254 N,46°39.532704 E,0,1,0,0,694.88,0.86,2,107149.000,1,95.960,716.57,0.01,0.04,3.12,1.85471406491499,565.96,0.040,0,0,0,0.0594834797084332
191731.680,16,46.79,247.7,24°52.945146 N,46°39.532416 E,0,1,0,0,694.90,0.86,2,107183.000,1,96.000,717.09,0.01,0.14,3.13,1.84670627965631,603.75,0.040,0,0,0,0.100399896502495
191731.720,16,46.85,247.8,24°52.945038 N,46°39.532128 E,0,1,0,0,694.91,0.86,2,107216.000,1,96.040,717.61,-0.05,0.05,3.14,1.84402612370342,704.60,0.040,0,0,0,0.073541671037674
191731.760,16,47.06,247.7,24°52.944930 N,46°39.531840 E,0,1,0,0,694.93,0.90,2,107283.000,1,96.080,718.13,0.03,0.14,3.15,1.91261475688541,656.95,0.040,0,0,0,0.108754299581051
191731.800,16,47.14,247.7,24°52.944822 N,46°39.531552 E,0,1,0,0,694.96,0.90,2,107316.000,1,96.120,718.65,0.03,0.06,3.16,1.90928762357334,1000.00,0.040,0,0,0,0.0854172930121422
191731.840,16,47.29,247.7,24°52.944714 N,46°39.531264 E,0,1,0,0,694.97,0.90,2,107349.000,1,96.160,719.18,-0.02,0.10,3.17,1.90331176246669,1000.00,0.040,0,0,0,0.0946035832166672
191731.880,16,47.37,247.4,24°52.944600 N,46°39.530976 E,0,1,0,0,694.98,0.90,2,107383.000,1,96.200,719.71,0.15,0.06,3.18,1.89985645529004,741.59,0.040,0,0,0,0.0874653682112694
191731.920,16,47.52,247.3,24°52.944486 N,46°39.530682 E,0,1,0,0,694.98,0.86,2,107416.000,1,96.240,720.23,0.10,0.11,3.19,1.81802878545577,467.37,0.040,0,0,0,0.106263399124146
191731.960,16,47.73,247.2,24°52.944372 N,46°39.530394 E,0,1,0,0,694.99,0.86,2,107483.000,1,96.280,720.76,0.04,0.14,3.20,1.8103719224725,405.10,0.040,0,0,0,0.127537593245506
191732.000,16,47.82,247.3,24°52.944264 N,46°39.530100 E,0,1,0,0,695.01,0.90,2,107516.000,1,96.320,721.29,-0.06,0.06,3.21,1.88225452263934,555.47,0.040,0,0,0,0.0945586636662483
191732.040,16,48.11,247.5,24°52.944150 N,46°39.529806 E,0,1,0,0,695.02,0.90,2,107549.000,1,96.360,721.83,-0.09,0.21,3.22,1.87082960899661,730.35,0.040,0,0,0,0.148597806692123
191732.080,16,48.13,247.4,24°52.944036 N,46°39.529512 E,0,1,0,0,695.05,0.90,2,107583.000,1,96.400,722.36,0.06,0.01,3.23,1.87001329787234,695.29,0.040,0,0,0,0.0833531320095062
191732.120,16,48.11,247.2,24°52.943922 N,46°39.529218 E,0,1,0,0,695.05,0.90,2,107616.000,1,96.440,722.89,0.10,-0.01,3.24,1.87055742611298,634.61,0.040,0,0,0,0.0483172498643398
191732.160,16,48.11,247.1,24°52.943808 N,46°39.528924 E,0,1,0,0,695.05,0.86,2,107683.000,1,96.480,723.43,0.08,0.00,3.25,1.79588443151112,585.24,0.040,0,0,0,0.0456040799617767
191732.200,16,48.23,246.8,24°52.943694 N,46°39.528636 E,0,1,0,0,695.06,0.86,2,107716.000,1,96.520,723.96,0.12,0.08,3.26,1.79156471612823,516.28,0.040,0,0,0,0.0766727402806282
191732.240,16,48.42,246.7,24°52.943574 N,46°39.528336 E,0,1,0,0,695.08,0.86,2,107749.000,1,96.560,724.50,0.07,0.14,3.27,1.78438661710037,465.17,0.040,0,0,0,0.111751101911068
191732.280,16,48.58,246.5,24°52.943460 N,46°39.528042 E,0,1,0,0,695.09,0.86,2,107783.000,1,96.600,725.04,0.12,0.11,3.28,1.77843645794739,393.82,0.040,0,0,0,0.127596393227577
191732.320,16,48.64,246.6,24°52.943340 N,46°39.527748 E,0,1,0,0,695.12,0.90,2,107816.000,1,96.640,725.58,-0.03,0.04,3.29,1.85032894736842,385.78,0.040,0,0,0,0.0892755314707756
191732.360,16,48.78,246.8,24°52.943226 N,46°39.527448 E,0,1,0,0,695.14,0.94,2,107883.000,1,96.680,726.12,-0.11,0.10,3.30,1.91881918819188,481.21,0.040,0,0,0,0.0879908725619316
191732.400,16,49.00,246.9,24°52.943106 N,46°39.527148 E,0,1,0,0,695.15,0.90,2,107916.000,1,96.720,726.66,-0.07,0.16,3.31,1.83673469387755,592.30,0.040,0,0,0,0.12071680277586
191732.440,16,49.39,246.8,24°52.942986 N,46°39.526848 E,0,1,0,0,695.17,0.94,2,107949.000,1,96.760,727.21,0.06,0.28,3.32,1.89504373177843,516.60,0.040,0,0,0,0.199648693203926
191732.480,16,49.62,246.7,24°52.942866 N,46°39.526548 E,0,1,0,0,695.18,0.94,2,107983.000,1,96.800,727.76,0.09,0.16,3.33,1.88652625214149,598.97,0.040,0,0,0,0.180674701929092
191732.520,16,49.71,246.5,24°52.942746 N,46°39.526242 E,0,1,0,0,695.19,0.90,2,108016.000,1,96.840,728.31,0.09,0.07,3.34,1.81042806565819,616.51,0.040,0,0,0,0.13002710044384
191732.560,16,49.69,246.4,24°52.942626 N,46°39.525942 E,0,1,0,0,695.21,0.94,2,108083.000,1,96.880,728.87,0.08,-0.02,3.35,1.88379254130859,568.92,0.040,0,0,0,0.0711764991283417
191732.600,16,49.68,246.4,24°52.942506 N,46°39.525642 E,0,1,0,0,695.23,0.94,2,108116.000,1,96.920,729.42,0.01,0.00,3.36,1.88405797101449,493.15,0.040,0,0,0,0.0471010096371174
191732.640,16,49.61,246.3,24°52.942386 N,46°39.525342 E,0,1,0,0,695.24,0.94,2,108149.000,1,96.960,729.97,0.02,-0.05,3.37,1.88679245283019,411.93,0.040,0,0,0,0.0391388908028603
191732.680,16,49.56,246.3,24°52.942266 N,46°39.525048 E,0,1,0,0,695.25,0.94,2,108183.000,1,97.000,730.52,-0.01,-0.03,3.38,1.8885817477452,459.04,0.040,0,0,0,0.0363522581756115
191732.720,16,49.56,246.5,24°52.942146 N,46°39.524748 E,0,1,0,0,695.25,0.90,2,108216.000,1,97.040,731.07,-0.09,0.00,3.39,1.81594398821654,655.50,0.040,0,0,0,0.0127399396151304
191732.760,16,49.45,246.6,24°52.942026 N,46°39.524448 E,0,1,0,0,695.25,0.86,2,108283.000,1,97.080,731.62,-0.05,-0.08,3.40,1.74736075718966,940.59,0.040,0,0,0,0.0469811297953129
191732.800,16,49.55,246.5,24°52.941906 N,46°39.524148 E,0,1,0,0,695.26,0.86,2,108316.000,1,97.120,732.17,0.04,0.08,3.41,1.7435524881947,1000.00,0.040,0,0,0,0.0153648601844907
191732.840,16,49.71,246.5,24°52.941786 N,46°39.523848 E,0,1,0,0,695.27,0.86,2,108349.000,1,97.160,732.72,-0.02,0.11,3.42,1.73801094303186,1000.00,0.040,0,0,0,0.0635640770196915
191732.880,16,49.63,246.4,24°52.941666 N,46°39.523548 E,0,1,0,0,695.29,0.86,2,108383.000,1,97.200,733.27,0.09,-0.06,3.43,1.74102285092492,1000.00,0.040,0,0,0,0.0164305400103331
191732.920,16,49.76,246.2,24°52.941546 N,46°39.523242 E,0,1,0,0,695.31,0.90,2,108416.000,1,97.240,733.83,0.09,0.09,3.44,1.80871802086055,1000.00,0.040,0,0,0,0.0569540299475193
191732.960,16,49.81,246.2,24°52.941420 N,46°39.522942 E,0,1,0,0,695.33,0.90,2,108483.000,1,97.280,734.38,0.01,0.04,3.45,1.80675727219802,855.54,0.040,0,0,0,0.051018800586462
191733.000,16,49.69,246.4,24°52.941306 N,46°39.522642 E,0,1,0,0,695.34,0.90,2,108516.000,1,97.320,734.93,-0.14,-0.08,3.46,1.81108383305832,1000.00,0.040,0,0,0,0.0216611009091139
191733.040,16,49.71,246.4,24°52.941186 N,46°39.522342 E,0,1,0,0,695.35,0.90,2,108549.000,1,97.360,735.48,0.00,0.01,3.47,1.81042806565819,1000.00,0.040,0,0,0,0.00610393891111016
191733.080,16,49.72,246.3,24°52.941066 N,46°39.522042 E,0,1,0,0,695.35,0.86,2,108583.000,1,97.400,736.04,0.06,0.00,3.48,1.73787110789283,1000.00,0.040,0,0,0,0.00816173944622278
191733.120,16,49.57,246.2,24°52.940940 N,46°39.521742 E,0,1,0,0,695.37,0.86,2,108616.000,1,97.440,736.59,0.06,-0.10,3.49,1.74306003873467,1000.00,0.040,0,0,0,0.0559901781380177
191733.160,16,49.60,246.2,24°52.940820 N,46°39.521448 E,0,1,0,0,695.38,0.86,2,108683.000,1,97.480,737.14,0.05,0.02,3.50,1.741900364912,1000.00,0.040,0,0,0,0.0285267606377602
191733.200,16,49.85,246.3,24°52.940700 N,46°39.521142 E,0,1,0,0,695.40,0.90,2,108716.000,1,97.520,737.69,-0.06,0.17,3.51,1.80556112827509,1000.00,0.040,0,0,0,0.0796241164207458
191733.240,16,49.94,246.3,24°52.940580 N,46°39.520842 E,0,1,0,0,695.41,0.90,2,108749.000,1,97.560,738.25,-0.04,0.07,3.52,1.80205434194982,1000.00,0.040,0,0,0,0.0740836411714554
191733.280,16,49.72,246.3,24°52.940460 N,46°39.520542 E,0,1,0,0,695.42,0.86,2,108783.000,1,97.600,738.80,-0.01,-0.16,3.53,1.73773129525342,1000.00,0.040,0,0,0,0.0421899482607841
191733.320,16,49.61,246.3,24°52.940340 N,46°39.520242 E,0,1,0,0,695.43,0.86,2,108816.000,1,97.640,739.35,0.01,-0.08,3.54,1.74165457184325,1000.00,0.040,0,0,0,0.0605175606906414
191733.360,16,49.71,246.2,24°52.940214 N,46°39.519942 E,0,1,0,0,695.44,0.86,2,108883.000,1,97.680,739.90,0.10,0.07,3.55,1.73811583415478,1000.00,0.040,0,0,0,0.0208314098417759
191733.400,16,49.79,246.0,24°52.940094 N,46°39.519642 E,0,1,0,0,695.45,0.83,2,108916.000,1,97.720,740.46,0.08,0.06,3.56,1.66305133767173,1000.00,0.040,0,0,0,0.0439009107649326
191733.440,16,49.86,246.1,24°52.939968 N,46°39.519342 E,0,1,0,0,695.47,0.86,2,108949.000,1,97.760,741.01,-0.02,0.05,3.57,1.73299101412067,1000.00,0.040,0,0,0,0.0445993393659592
191733.480,16,49.73,245.9,24°52.939848 N,46°39.519042 E,0,1,0,0,695.48,0.86,2,108983.000,1,97.800,741.56,0.09,-0.09,3.58,1.73748667725783,1000.00,0.040,0,0,0,0.0426704995334148
191733.520,16,49.73,245.9,24°52.939722 N,46°39.518742 E,0,1,0,0,695.50,0.86,2,109016.000,1,97.840,742.12,0.03,0.00,3.59,1.73724212812161,1000.00,0.040,0,0,0,0.0342024490237236
191733.560,16,49.66,245.9,24°52.939602 N,46°39.518442 E,0,1,0,0,695.51,0.86,2,109083.000,1,97.880,742.67,0.01,-0.05,3.60,1.73976078289235,1000.00,0.040,0,0,0,0.0416611582040787
191733.600,16,49.69,246.0,24°52.939482 N,46°39.518142 E,0,1,0,0,695.52,0.86,2,109116.000,1,97.920,743.22,-0.06,0.02,3.61,1.7387454468616,990.63,0.040,0,0,0,0.0116476695984602
191733.640,16,49.69,245.9,24°52.939356 N,46°39.517842 E,0,1,0,0,695.53,0.86,2,109149.000,1,97.960,743.77,0.03,0.00,3.62,1.73864047973598,914.34,0.040,0,0,0,0.0140312295407057
191733.680,16,49.71,245.9,24°52.939236 N,46°39.517542 E,0,1,0,0,695.55,0.86,2,109183.000,1,98.000,744.32,0.02,0.01,3.63,1.73825570868122,1000.00,0.040,0,0,0,0.0159318298101425
191733.720,16,49.60,245.8,24°52.939110 N,46°39.517248 E,0,1,0,0,695.56,0.86,2,109216.000,1,98.040,744.88,0.04,-0.07,3.64,1.741900364912,1000.00,0.040,0,0,0,0.0411259792745113
191733.760,16,49.49,245.8,24°52.938990 N,46°39.516948 E,0,1,0,0,695.56,0.83,2,109283.000,1,98.080,745.43,-0.02,-0.08,3.64,1.67320050115184,1000.00,0.040,0,0,0,0.0600639283657074
191733.800,16,49.54,245.9,24°52.938870 N,46°39.516648 E,0,1,0,0,695.58,0.86,2,109316.000,1,98.120,745.98,-0.03,0.04,3.65,1.74404521598708,1000.00,0.040,0,0,0,0.0113511001691222
191733.840,16,49.46,246.0,24°52.938750 N,46°39.516354 E,0,1,0,0,695.59,0.86,2,109349.000,1,98.160,746.53,-0.06,-0.06,3.66,1.74697211719271,1000.00,0.040,0,0,0,0.0355129688978195
191733.880,16,49.34,246.0,24°52.938624 N,46°39.516054 E,0,1,0,0,695.59,0.83,2,109383.000,1,98.200,747.08,0.01,-0.08,3.67,1.67808357991164,1000.00,0.040,0,0,0,0.0581294409930706
191733.920,16,49.26,246.0,24°52.938504 N,46°39.515760 E,0,1,0,0,695.60,0.83,2,109416.000,1,98.240,747.62,-0.01,-0.06,3.68,1.68104760937976,1000.00,0.040,0,0,0,0.0597511716187
191733.960,16,49.26,246.0,24°52.938384 N,46°39.515466 E,0,1,0,0,695.61,0.79,2,109483.000,1,98.280,748.17,0.01,0.00,3.69,1.60782801112487,1000.00,0.040,0,0,0,0.0286103803664446
191734.000,16,49.36,245.8,24°52.938264 N,46°39.515166 E,0,1,0,0,695.63,0.83,2,109516.000,1,98.320,748.72,0.09,0.07,3.70,1.677471636953,1000.00,0.040,0,0,0,0.0272223204374313
191734.040,16,49.20,245.9,24°52.938144 N,46°39.514872 E,0,1,0,0,695.64,0.83,2,109549.000,1,98.360,749.27,-0.06,-0.11,3.71,1.68289262413366,1000.00,0.040,0,0,0,0.0453944206237793
191734.080,16,49.06,246.0,24°52.938024 N,46°39.514578 E,0,1,0,0,695.66,0.83,2,109583.000,1,98.400,749.81,-0.04,-0.10,3.72,1.68769491041764,1000.00,0.040,0,0,0,0.0727345496416092
191734.120,16,49.06,246.2,24°52.937904 N,46°39.514278 E,0,1,0,0,695.68,0.86,2,109616.000,1,98.440,750.36,-0.11,0.00,3.73,1.76107295000102,1000.00,0.040,0,0,0,0.0457678884267807
191734.160,16,49.02,246.1,24°52.937784 N,46°39.513984 E,0,1,0,0,695.68,0.83,2,109683.000,1,98.480,750.90,0.02,-0.03,3.74,1.68907203035434,1000.00,0.040,0,0,0,0.037443321198225
191734.200,16,48.96,246.2,24°52.937664 N,46°39.513690 E,0,1,0,0,695.70,0.83,2,109716.000,1,98.520,751.45,-0.02,-0.04,3.75,1.69117647058824,1000.00,0.040,0,0,0,0.0426200889050961
191734.240,16,48.90,246.3,24°52.937544 N,46°39.513390 E,0,1,0,0,695.72,0.83,2,109749.000,1,98.560,751.99,-0.06,-0.04,3.76,1.69318228293321,1000.00,0.040,0,0,0,0.0482071712613106
191734.280,16,48.79,246.5,24°52.937430 N,46°39.513096 E,0,1,0,0,695.74,0.86,2,109783.000,1,98.600,752.53,-0.11,-0.08,3.77,1.77081838863725,800.55,0.040,0,0,0,0.0743788704276085
191734.320,16,48.76,246.5,24°52.937316 N,46°39.512802 E,0,1,0,0,695.75,0.86,2,109816.000,1,98.640,753.07,-0.03,-0.03,3.78,1.77212593580146,670.86,0.040,0,0,0,0.0591082386672497
191734.360,16,48.61,246.8,24°52.937202 N,46°39.512508 E,0,1,0,0,695.76,0.86,2,109883.000,1,98.680,753.62,-0.15,-0.10,3.78,1.77752175612566,507.84,0.040,0,0,0,0.0964026674628258
191734.400,16,48.60,247.1,24°52.937088 N,46°39.512214 E,0,1,0,0,695.77,0.86,2,109916.000,1,98.720,754.16,-0.18,0.00,3.79,1.77777777777778,395.65,0.040,0,0,0,0.0953181311488152
191734.440,16,48.67,247.2,24°52.936974 N,46°39.511914 E,0,1,0,0,695.79,0.86,2,109949.000,1,98.760,754.70,-0.09,0.05,3.80,1.77529382756637,381.25,0.040,0,0,0,0.0879135504364967
191734.480,16,48.63,247.4,24°52.936866 N,46°39.511620 E,0,1,0,0,695.80,0.86,2,109983.000,1,98.800,755.24,-0.09,-0.03,3.81,1.77686375321337,333.81,0.040,0,0,0,0.0889193266630173
191734.520,16,48.62,247.6,24°52.936752 N,46°39.511320 E,0,1,0,0,695.82,0.86,2,110016.000,1,98.840,755.78,-0.16,0.00,3.82,1.77697338653284,282.08,0.040,0,0,0,0.102589800953865
191734.560,16,48.53,247.7,24°52.936644 N,46°39.511026 E,0,1,0,0,695.83,0.86,2,110083.000,1,98.880,756.32,-0.07,-0.07,3.83,1.78041543026706,260.93,0.040,0,0,0,0.10292050242424
191734.600,16,48.38,247.8,24°52.936536 N,46°39.510732 E,0,1,0,0,695.84,0.86,2,110116.000,1,98.920,756.85,-0.01,-0.10,3.84,1.78586192641587,238.39,0.040,0,0,0,0.105252601206303
191734.640,16,48.27,247.9,24°52.936428 N,46°39.510438 E,0,1,0,0,695.85,0.86,2,110149.000,1,98.960,757.39,-0.11,-0.08,3.85,1.78996871698191,227.85,0.040,0,0,0,0.112695902585983
191734.680,16,48.13,248.1,24°52.936320 N,46°39.510144 E,0,1,0,0,695.86,0.86,2,110183.000,1,99.000,757.93,-0.12,-0.10,3.86,1.79532467532468,212.46,0.040,0,0,0,0.127659797668457
191734.720,16,48.00,248.2,24°52.936212 N,46°39.509850 E,0,1,0,0,695.86,0.83,2,110216.000,1,99.040,758.46,-0.03,-0.09,3.87,1.7251797062194,226.00,0.040,0,0,0,0.120200201869011
191734.760,16,47.89,248.4,24°52.936110 N,46°39.509556 E,0,1,0,0,695.87,0.83,2,110283.000,1,99.080,758.99,-0.10,-0.07,3.88,1.72881780598822,205.92,0.040,0,0,0,0.116102896630764
191734.800,16,47.75,248.4,24°52.936002 N,46°39.509268 E,0,1,0,0,695.88,0.83,2,110316.000,1,99.120,759.53,-0.03,-0.10,3.89,1.73403141361257,204.66,0.040,0,0,0,0.116215899586678
191734.840,16,47.66,248.4,24°52.935894 N,46°39.508974 E,0,1,0,0,695.89,0.83,2,110349.000,1,99.160,760.06,-0.01,-0.07,3.90,1.73741528002182,211.77,0.040,0,0,0,0.0991132780909538
191734.880,16,47.70,248.3,24°52.935792 N,46°39.508680 E,0,1,0,0,695.90,0.83,2,110383.000,1,99.200,760.59,0.08,0.03,3.91,1.7359946326736,248.75,0.040,0,0,0,0.0414614081382751
191734.920,16,47.66,248.3,24°52.935684 N,46°39.508392 E,0,1,0,0,695.91,0.83,2,110416.000,1,99.240,761.11,-0.01,-0.02,3.92,1.73716012084592,251.89,0.040,0,0,0,0.037322960793972
191734.960,16,47.75,248.3,24°52.935576 N,46°39.508098 E,0,1,0,0,695.92,0.83,2,110483.000,1,99.280,761.64,-0.01,0.06,3.93,1.73388616660384,287.89,0.040,0,0,0,0.0321753807365894
191735.000,16,47.67,248.4,24°52.935468 N,46°39.507804 E,0,1,0,0,695.92,0.79,2,110516.000,1,99.320,762.18,-0.06,-0.06,3.94,1.66138742631789,332.04,0.040,0,0,0,0.036846898496151
191735.040,16,47.60,248.4,24°52.935366 N,46°39.507510 E,0,1,0,0,695.94,0.83,2,110549.000,1,99.360,762.70,0.00,-0.05,3.94,1.73964198672157,371.94,0.040,0,0,0,0.0444499403238297
191735.080,16,47.57,248.2,24°52.935258 N,46°39.507222 E,0,1,0,0,695.96,0.83,2,110583.000,1,99.400,763.23,0.13,-0.02,3.95,1.74059281059491,527.60,0.040,0,0,0,0.0275635402649641
191735.120,16,47.49,247.9,24°52.935150 N,46°39.506934 E,0,1,0,0,695.97,0.83,2,110616.000,1,99.440,763.76,0.16,-0.06,3.96,1.74348823987703,1000.00,0.040,0,0,0,0.0555057898163795
191735.160,16,47.26,247.8,24°52.935042 N,46°39.506646 E,0,1,0,0,695.97,0.83,2,110683.000,1,99.480,764.29,0.05,-0.16,3.97,1.75186188219364,1000.00,0.040,0,0,0,0.108857199549675
191735.200,16,47.06,248.0,24°52.934940 N,46°39.506358 E,0,1,0,0,695.99,0.83,2,110716.000,1,99.520,764.81,-0.09,-0.15,3.98,1.75960557633458,1000.00,0.040,0,0,0,0.125366106629372
191735.240,16,47.08,248.1,24°52.934832 N,46°39.506070 E,0,1,0,0,696.00,0.83,2,110749.000,1,99.560,765.33,-0.07,0.01,3.99,1.7588206555218,1000.00,0.040,0,0,0,0.0546240583062172
191735.280,16,47.10,248.1,24°52.934724 N,46°39.505782 E,0,1,0,0,696.00,0.79,2,110783.000,1,99.600,765.86,0.03,0.02,4.00,1.68156436442387,1000.00,0.040,0,0,0,0.020368130877614
191735.320,16,47.17,247.8,24°52.934616 N,46°39.505494 E,0,1,0,0,696.01,0.79,2,110816.000,1,99.640,766.38,0.15,0.05,4.01,1.67899768925823,1000.00,0.040,0,0,0,0.0380398705601692
191735.360,16,47.03,247.4,24°52.934502 N,46°39.505206 E,0,1,0,0,696.02,0.79,2,110883.000,1,99.680,766.90,0.24,-0.10,4.02,1.68388825105243,460.19,0.040,0,0,0,0.0856312215328217
191735.400,16,46.82,247.2,24°52.934394 N,46°39.504924 E,0,1,0,0,696.03,0.79,2,110916.000,1,99.720,767.43,0.13,-0.15,4.03,1.69151253684166,357.98,0.040,0,0,0,0.1291463971138
191735.440,16,46.74,247.0,24°52.934286 N,46°39.504642 E,0,1,0,0,696.05,0.79,2,110949.000,1,99.760,767.95,0.10,-0.06,4.04,1.69451635678983,309.73,0.040,0,0,0,0.117894403636456
191735.480,16,46.63,246.9,24°52.934172 N,46°39.504360 E,0,1,0,0,696.06,0.79,2,110983.000,1,99.800,768.46,0.07,-0.08,4.04,1.69844095129849,311.83,0.040,0,0,0,0.114384599030018
191735.520,16,46.53,246.7,24°52.934064 N,46°39.504078 E,0,1,0,0,696.06,0.79,2,111016.000,1,99.840,768.98,0.09,-0.07,4.05,1.70227399733482,276.64,0.040,0,0,0,0.114503502845764
191735.560,16,46.30,246.6,24°52.933950 N,46°39.503802 E,0,1,0,0,696.07,0.76,2,111083.000,1,99.880,769.50,0.09,-0.16,4.06,1.63297045101089,247.53,0.040,0,0,0,0.147589102387428
191735.600,16,46.11,246.3,24°52.933836 N,46°39.503520 E,0,1,0,0,696.08,0.76,2,111116.000,1,99.920,770.01,0.13,-0.13,4.07,1.63948646773074,208.79,0.040,0,0,0,0.157163694500923
191735.640,16,45.93,245.9,24°52.933722 N,46°39.503250 E,0,1,0,0,696.09,0.76,2,111149.000,1,99.960,770.52,0.25,-0.13,4.08,1.64616222101252,171.71,0.040,0,0,0,0.180544793605804
191735.680,16,45.67,245.8,24°52.933608 N,46°39.502974 E,0,1,0,0,696.09,0.76,2,111183.000,1,100.000,771.03,0.05,-0.18,4.09,1.65535362382308,179.18,0.040,0,0,0,0.190991595387459
191735.720,16,45.55,245.4,24°52.933494 N,46°39.502704 E,0,1,0,0,696.09,0.72,2,111216.000,1,100.040,771.54,0.19,-0.08,4.10,1.580645869465,174.06,0.040,0,0,0,0.175437495112419
191735.760,16,45.53,245.0,24°52.933374 N,46°39.502434 E,0,1,0,0,696.09,0.72,2,111283.000,1,100.080,772.04,0.23,-0.02,4.10,1.58140965099168,154.23,0.040,0,0,0,0.163735896348953
191735.800,16,45.58,244.7,24°52.933260 N,46°39.502158 E,0,1,0,0,696.11,0.72,2,111316.000,1,100.120,772.55,0.16,0.03,4.11,1.57977883096367,133.91,0.040,0,0,0,0.152016505599022
191735.840,16,45.48,244.3,24°52.933134 N,46°39.501894 E,0,1,0,0,696.11,0.72,2,111349.000,1,100.160,773.06,0.27,-0.07,4.12,1.58314826623277,112.77,0.040,0,0,0,0.180448397994041
191735.880,16,45.36,243.9,24°52.933014 N,46°39.501624 E,0,1,0,0,696.12,0.72,2,111383.000,1,100.200,773.56,0.22,-0.08,4.13,1.58730158730159,103.48,0.040,0,0,0,0.195034995675087
191735.920,16,45.40,243.5,24°52.932888 N,46°39.501354 E,0,1,0,0,696.13,0.72,2,111416.000,1,100.240,774.07,0.19,0.03,4.14,1.58590308370044,101.63,0.040,0,0,0,0.18656399846077
191735.960,16,45.36,243.0,24°52.932762 N,46°39.501090 E,0,1,0,0,696.13,0.68,2,111483.000,1,100.280,774.57,0.27,-0.03,4.14,1.50793650793651,99.69,0.040,0,0,0,0.204682692885399
191736.000,16,45.24,242.4,24°52.932630 N,46°39.500832 E,0,1,0,0,696.14,0.68,2,111516.000,1,100.320,775.07,0.38,-0.09,4.15,1.5120031831646,90.13,0.040,0,0,0,0.24475260078907
191736.040,16,45.06,241.8,24°52.932504 N,46°39.500568 E,0,1,0,0,696.15,0.68,2,111549.000,1,100.360,775.57,0.32,-0.13,4.16,1.51804341071508,82.82,0.040,0,0,0,0.270354300737381
191736.080,16,44.95,241.1,24°52.932366 N,46°39.500310 E,0,1,0,0,696.16,0.68,2,111582.000,1,100.400,776.07,0.36,-0.08,4.17,1.52169076751947,75.03,0.040,0,0,0,0.28755909204483
191736.120,16,44.75,240.6,24°52.932234 N,46°39.500058 E,0,1,0,0,696.16,0.68,2,111616.000,1,100.440,776.57,0.30,-0.14,4.18,1.52855993563958,70.01,0.040,0,0,0,0.301985412836075
191736.160,16,44.85,240.1,24°52.932096 N,46°39.499800 E,0,1,0,0,696.17,0.68,2,111682.000,1,100.480,777.07,0.27,0.07,4.18,1.52501560688487,66.58,0.040,0,0,0,0.278644114732742
191736.200,16,44.78,239.8,24°52.931958 N,46°39.499548 E,0,1,0,0,696.18,0.68,2,111716.000,1,100.520,777.57,0.19,-0.05,4.19,1.52746761947298,65.33,0.040,0,0,0,0.262539088726044
191736.240,16,44.57,239.3,24°52.931820 N,46°39.499296 E,0,1,0,0,696.18,0.68,2,111749.000,1,100.560,778.06,0.27,-0.15,4.20,1.53459571031141,64.59,0.040,0,0,0,0.277323186397552
191736.280,16,44.30,238.6,24°52.931682 N,46°39.499050 E,0,1,0,0,696.19,0.68,2,111782.000,1,100.600,778.56,0.40,-0.19,4.21,1.5439483544761,58.58,0.040,0,0,0,0.32150200009346
191736.320,16,44.15,237.7,24°52.931532 N,46°39.498810 E,0,1,0,0,696.20,0.68,2,111816.000,1,100.640,779.05,0.49,-0.10,4.21,1.54912352221769,54.30,0.040,0,0,0,0.350361108779907
191736.360,16,44.12,236.9,24°52.931382 N,46°39.498564 E,0,1,0,0,696.21,0.68,2,111882.000,1,100.680,779.54,0.44,-0.03,4.22,1.55038759689922,51.59,0.040,0,0,0,0.359062910079956
191736.400,16,44.11,236.2,24°52.931232 N,46°39.498324 E,0,1,0,0,696.21,0.65,2,111916.000,1,100.720,780.03,0.34,0.00,4.23,1.46892143083828,49.47,0.040,0,0,0,0.35187891125679
191736.440,16,44.02,235.8,24°52.931082 N,46°39.498090 E,0,1,0,0,696.22,0.65,2,111949.000,1,100.760,780.52,0.24,-0.06,4.24,1.47192440487007,49.66,0.040,0,0,0,0.330856710672379
191736.480,16,43.83,235.2,24°52.930932 N,46°39.497850 E,0,1,0,0,696.22,0.65,2,111982.000,1,100.800,781.01,0.32,-0.13,4.24,1.4783045124789,48.30,0.040,0,0,0,0.339042395353317
191736.520,16,43.57,234.5,24°52.930776 N,46°39.497622 E,0,1,0,0,696.23,0.65,2,112016.000,1,100.840,781.49,0.38,-0.19,4.25,1.48736428948516,46.11,0.040,0,0,0,0.364262014627457
191736.560,16,43.50,233.4,24°52.930614 N,46°39.497394 E,0,1,0,0,696.24,0.65,2,112082.000,1,100.880,781.98,0.61,-0.05,4.26,1.48968941814754,42.97,0.040,0,0,0,0.401807993650436
191736.600,16,43.26,232.3,24°52.930452 N,46°39.497172 E,0,1,0,0,696.25,0.65,2,112116.000,1,100.920,782.46,0.57,-0.17,4.27,1.49798881131814,41.06,0.040,0,0,0,0.447085589170456
191736.640,16,43.08,231.5,24°52.930284 N,46°39.496956 E,0,1,0,0,696.25,0.65,2,112149.000,1,100.960,782.94,0.41,-0.13,4.27,1.50414335786077,40.07,0.040,0,0,0,0.443475514650345
191736.680,16,43.07,230.7,24°52.930116 N,46°39.496740 E,0,1,0,0,696.26,0.65,2,112182.000,1,101.000,783.42,0.41,-0.01,4.28,1.50463231708733,39.55,0.040,0,0,0,0.427789390087128
191736.720,16,42.98,230.0,24°52.929948 N,46°39.496524 E,0,1,0,0,696.28,0.68,2,112216.000,1,101.040,783.90,0.38,-0.06,4.29,1.59128978224456,38.81,0.040,0,0,0,0.418933987617493
191736.760,16,42.90,229.0,24°52.929774 N,46°39.496314 E,0,1,0,0,696.28,0.65,2,112282.000,1,101.080,784.37,0.54,-0.06,4.29,1.51045430176453,36.88,0.040,0,0,0,0.443606704473495
191736.800,16,42.80,227.6,24°52.929594 N,46°39.496110 E,0,1,0,0,696.30,0.68,2,112316.000,1,101.120,784.85,0.73,-0.07,4.30,1.59824286749071,33.64,0.040,0,0,0,0.502071022987366
191736.840,16,42.51,226.2,24°52.929408 N,46°39.495918 E,0,1,0,0,696.31,0.68,2,112349.000,1,101.160,785.32,0.76,-0.20,4.31,1.60895747083176,30.96,0.040,0,0,0,0.56670731306076
191736.880,16,42.31,225.0,24°52.929228 N,46°39.495726 E,0,1,0,0,696.32,0.68,2,112382.000,1,101.200,785.79,0.64,-0.14,4.32,1.61648626931985,29.70,0.040,0,0,0,0.584166884422302
191736.920,16,42.20,224.2,24°52.929042 N,46°39.495534 E,0,1,0,0,696.34,0.68,2,112416.000,1,101.240,786.26,0.39,-0.08,4.32,1.62089149031968,29.91,0.040,0,0,0,0.544230699539185
191736.960,16,41.89,223.3,24°52.928856 N,46°39.495354 E,0,1,0,0,696.35,0.72,2,112482.000,1,101.280,786.73,0.44,-0.22,4.33,1.71895143962183,29.60,0.040,0,0,0,0.541188895702362
191737.000,16,41.84,222.2,24°52.928664 N,46°39.495174 E,0,1,0,0,696.36,0.72,2,112516.000,1,101.320,787.20,0.59,-0.03,4.34,1.72088243026841,28.50,0.040,0,0,0,0.538863301277161
191737.040,16,41.76,221.2,24°52.928472 N,46°39.494994 E,0,1,0,0,696.37,0.72,2,112549.000,1,101.360,787.66,0.55,-0.05,4.35,1.72397279954027,27.24,0.040,0,0,0,0.538238823413849
191737.080,16,41.63,220.2,24°52.928280 N,46°39.494820 E,0,1,0,0,696.38,0.72,2,112582.000,1,101.400,788.12,0.50,-0.09,4.36,1.72952197934182,26.47,0.040,0,0,0,0.532974183559418
191737.120,16,41.48,219.3,24°52.928082 N,46°39.494652 E,0,1,0,0,696.38,0.68,2,112616.000,1,101.440,788.59,0.44,-0.11,4.36,1.64902721859254,26.09,0.040,0,0,0,0.518003284931183
191737.160,16,41.08,218.7,24°52.927890 N,46°39.494490 E,0,1,0,0,696.38,0.68,2,112682.000,1,101.480,789.04,0.34,-0.28,4.37,1.66504381694255,26.67,0.040,0,0,0,0.510848104953766
191737.200,16,40.62,218.1,24°52.927698 N,46°39.494328 E,0,1,0,0,696.38,0.65,2,112716.000,1,101.520,789.50,0.30,-0.33,4.38,1.59546965406869,27.25,0.040,0,0,0,0.510006189346313
191737.240,16,40.36,217.3,24°52.927500 N,46°39.494172 E,0,1,0,0,696.37,0.61,2,112749.000,1,101.560,789.95,0.37,-0.18,4.39,1.51624012090281,27.15,0.040,0,0,0,0.478312611579895
191737.280,16,40.03,216.4,24°52.927308 N,46°39.494022 E,0,1,0,0,696.38,0.61,2,112782.000,1,101.600,790.39,0.44,-0.23,4.39,1.52877697841727,26.70,0.040,0,0,0,0.485346496105194
191737.320,16,39.62,215.0,24°52.927110 N,46°39.493878 E,0,1,0,0,696.38,0.61,2,112816.000,1,101.640,790.84,0.69,-0.29,4.40,1.54459643632325,25.20,0.040,0,0,0,0.546859681606293
191737.360,16,39.20,213.8,24°52.926912 N,46°39.493746 E,0,1,0,0,696.38,0.61,2,112882.000,1,101.680,791.28,0.61,-0.30,4.41,1.56122448979592,24.54,0.040,0,0,0,0.578652381896973
191737.400,16,38.94,212.5,24°52.926708 N,46°39.493614 E,0,1,0,0,696.40,0.65,2,112916.000,1,101.720,791.71,0.63,-0.18,4.41,1.66405587940731,24.50,0.040,0,0,0,0.579614281654358
191737.440,16,38.86,211.2,24°52.926504 N,46°39.493488 E,0,1,0,0,696.41,0.65,2,112949.000,1,101.760,792.14,0.60,-0.06,4.42,1.6677390297259,24.79,0.040,0,0,0,0.56383091211319
191737.480,16,38.95,210.2,24°52.926294 N,46°39.493368 E,0,1,0,0,696.42,0.65,2,112982.000,1,101.800,792.57,0.49,0.06,4.43,1.66388496597766,25.20,0.040,0,0,0,0.534299075603485
191737.520,16,39.05,209.2,24°52.926084 N,46°39.493248 E,0,1,0,0,696.42,0.65,2,113016.000,1,101.840,793.01,0.50,0.07,4.44,1.65945350713206,24.78,0.040,0,0,0,0.527401804924011
191737.560,16,38.98,208.1,24°52.925874 N,46°39.493128 E,0,1,0,0,696.42,0.61,2,113082.000,1,101.880,793.44,0.49,-0.05,4.44,1.57015675911435,24.46,0.040,0,0,0,0.520793318748474
191737.600,16,39.01,207.0,24°52.925664 N,46°39.493020 E,0,1,0,0,696.44,0.65,2,113116.000,1,101.920,793.87,0.53,0.02,4.45,1.66128287955699,24.53,0.040,0,0,0,0.522500813007355
191737.640,16,39.07,205.6,24°52.925442 N,46°39.492918 E,0,1,0,0,696.45,0.68,2,113149.000,1,101.960,794.31,0.71,0.04,4.46,1.75083830342744,23.92,0.040,0,0,0,0.56070339679718
191737.680,16,39.01,204.1,24°52.925226 N,46°39.492816 E,0,1,0,0,696.47,0.68,2,113182.000,1,102.000,794.74,0.70,-0.04,4.46,1.75339656498334,23.16,0.040,0,0,0,0.588440179824829
191737.720,16,38.95,202.6,24°52.925004 N,46°39.492726 E,0,1,0,0,696.49,0.72,2,113216.000,1,102.040,795.17,0.70,-0.04,4.47,1.84842883548983,22.30,0.040,0,0,0,0.611248672008514
191737.760,16,38.93,201.4,24°52.924782 N,46°39.492642 E,0,1,0,0,696.50,0.72,2,113282.000,1,102.080,795.61,0.59,-0.02,4.48,1.84961594779973,21.56,0.040,0,0,0,0.607191801071167
191737.800,16,38.65,200.6,24°52.924566 N,46°39.492558 E,0,1,0,0,696.50,0.72,2,113316.000,1,102.120,796.04,0.38,-0.19,4.49,1.86272734328513,21.15,0.040,0,0,0,0.572223126888275
191737.840,16,38.50,200.2,24°52.924350 N,46°39.492468 E,0,1,0,0,696.50,0.72,2,113349.000,1,102.160,796.47,0.18,-0.11,4.50,1.87022702478051,21.51,0.040,0,0,0,0.498063892126083
191737.880,16,38.41,199.3,24°52.924128 N,46°39.492390 E,0,1,0,0,696.50,0.72,2,113382.000,1,102.200,796.89,0.46,-0.06,4.50,1.87441424554827,21.36,0.040,0,0,0,0.488890796899796
191737.920,16,38.30,198.0,24°52.923906 N,46°39.492318 E,0,1,0,0,696.51,0.68,2,113416.000,1,102.240,797.32,0.58,-0.08,4.51,1.78604068203776,21.53,0.040,0,0,0,0.508827805519104
191737.960,16,38.18,196.6,24°52.923684 N,46°39.492258 E,0,1,0,0,696.52,0.72,2,113482.000,1,102.280,797.74,0.67,-0.08,4.52,1.88570530616521,21.26,0.040,0,0,0,0.541589021682739
191738.000,16,37.93,195.4,24°52.923468 N,46°39.492198 E,0,1,0,0,696.53,0.72,2,113516.000,1,102.320,798.17,0.57,-0.18,4.53,1.8984337921215,21.22,0.040,0,0,0,0.558929622173309
191738.040,16,37.81,194.2,24°52.923246 N,46°39.492138 E,0,1,0,0,696.54,0.72,2,113549.000,1,102.360,798.59,0.53,-0.08,4.53,1.90405669857725,21.29,0.040,0,0,0,0.550973117351532
191738.080,16,37.93,193.2,24°52.923018 N,46°39.492090 E,0,1,0,0,696.54,0.72,2,113582.000,1,102.400,799.01,0.47,0.08,4.54,1.8984337921215,21.35,0.040,0,0,0,0.527586996555328
191738.120,16,38.12,191.9,24°52.922790 N,46°39.492042 E,0,1,0,0,696.54,0.68,2,113616.000,1,102.440,799.43,0.62,0.14,4.55,1.79433368310598,21.11,0.040,0,0,0,0.550275504589081
191738.160,16,38.29,190.7,24°52.922556 N,46°39.492006 E,0,1,0,0,696.55,0.68,2,113682.000,1,102.480,799.86,0.58,0.12,4.56,1.78622724779986,20.96,0.040,0,0,0,0.560971617698669
191738.200,16,38.35,189.4,24°52.922328 N,46°39.491970 E,0,1,0,0,696.56,0.68,2,113716.000,1,102.520,800.28,0.63,0.04,4.57,1.78371189402039,20.73,0.040,0,0,0,0.571803689002991
191738.240,16,38.58,188.1,24°52.922094 N,46°39.491940 E,0,1,0,0,696.56,0.68,2,113749.000,1,102.560,800.71,0.59,0.16,4.57,1.77303126134066,21.14,0.040,0,0,0,0.58335417509079
191738.280,16,38.74,187.0,24°52.921860 N,46°39.491916 E,0,1,0,0,696.55,0.65,2,113782.000,1,102.600,801.14,0.56,0.12,4.58,1.67256020442402,21.58,0.040,0,0,0,0.581303894519806
191738.320,16,38.95,185.9,24°52.921626 N,46°39.491892 E,0,1,0,0,696.55,0.61,2,113816.000,1,102.640,801.57,0.51,0.14,4.59,1.57144691231223,22.22,0.040,0,0,0,0.571752905845642
191738.360,16,39.30,185.1,24°52.921386 N,46°39.491874 E,0,1,0,0,696.55,0.61,2,113882.000,1,102.680,802.01,0.37,0.25,4.60,1.55721228467469,23.06,0.040,0,0,0,0.553846120834351
191738.400,16,39.29,184.4,24°52.921146 N,46°39.491862 E,0,1,0,0,696.54,0.58,2,113916.000,1,102.720,802.44,0.37,-0.01,4.60,1.46613383561993,23.10,0.040,0,0,0,0.498857706785202
191738.440,16,39.25,183.6,24°52.920912 N,46°39.491850 E,0,1,0,0,696.54,0.54,2,113949.000,1,102.760,802.88,0.38,-0.03,4.61,1.37576112710504,22.52,0.040,0,0,0,0.469801187515259
191738.480,16,39.29,182.5,24°52.920672 N,46°39.491844 E,0,1,0,0,696.54,0.54,2,113982.000,1,102.800,803.31,0.51,0.03,4.62,1.37450047089368,22.43,0.040,0,0,0,0.478277295827866
191738.520,16,39.41,181.2,24°52.920438 N,46°39.491844 E,0,1,0,0,696.53,0.50,2,114016.000,1,102.840,803.75,0.67,0.09,4.62,1.27876588942735,22.32,0.040,0,0,0,0.518564522266388
191738.560,16,39.31,179.9,24°52.920198 N,46°39.491850 E,0,1,0,0,696.52,0.47,2,114082.000,1,102.880,804.19,0.61,-0.08,4.63,1.19068820760717,22.47,0.040,0,0,0,0.53450882434845
191738.600,16,39.40,178.6,24°52.919964 N,46°39.491868 E,0,1,0,0,696.51,0.43,2,114116.000,1,102.920,804.63,0.66,0.07,4.63,1.09650236052591,22.36,0.040,0,0,0,0.559571921825409
191738.640,16,39.26,177.9,24°52.919724 N,46°39.491880 E,0,1,0,0,696.49,0.40,2,114149.000,1,102.960,805.06,0.32,-0.10,4.64,1.0087116001834,22.94,0.040,0,0,0,0.511959791183472
191738.680,16,39.27,177.1,24°52.919490 N,46°39.491898 E,0,1,0,0,696.47,0.32,2,114182.000,1,103.000,805.50,0.39,0.01,4.64,0.825015278060705,23.23,0.040,0,0,0,0.487686514854431
191738.720,16,39.38,175.8,24°52.919250 N,46°39.491928 E,0,1,0,0,696.45,0.29,2,114216.000,1,103.040,805.94,0.65,0.08,4.65,0.731335703402742,23.28,0.040,0,0,0,0.520833373069763
191738.760,16,39.51,174.2,24°52.919010 N,46°39.491958 E,0,1,0,0,696.42,0.22,2,114282.000,1,103.080,806.37,0.74,0.09,4.65,0.546697038724374,22.95,0.040,0,0,0,0.566901087760925
191738.800,16,39.61,173.0,24°52.918776 N,46°39.492000 E,0,1,0,0,696.41,0.18,2,114316.000,1,103.120,806.81,0.62,0.07,4.66,0.454465119802055,23.09,0.040,0,0,0,0.578326880931854
191738.840,16,39.76,172.0,24°52.918536 N,46°39.492042 E,0,1,0,0,696.41,0.18,2,114349.000,1,103.160,807.26,0.46,0.10,4.66,0.452773236070934,23.61,0.040,0,0,0,0.557825803756714
191738.880,16,39.94,171.1,24°52.918296 N,46°39.492090 E,0,1,0,0,696.40,0.14,2,114382.000,1,103.200,807.70,0.45,0.13,4.66,0.360522757999099,24.11,0.040,0,0,0,0.541502594947815
191738.920,16,40.10,170.5,24°52.918056 N,46°39.492138 E,0,1,0,0,696.39,0.11,2,114416.000,1,103.240,808.14,0.34,0.11,4.66,0.269326683291771,24.78,0.040,0,0,0,0.504567921161652
191738.960,16,40.28,169.7,24°52.917816 N,46°39.492192 E,0,1,0,0,696.37,0.07,2,114482.000,1,103.280,808.59,0.39,0.13,4.67,0.17876207264692,24.85,0.040,0,0,0,0.486847400665283
191739.000,16,40.60,168.8,24°52.917570 N,46°39.492252 E,0,1,0,0,696.36,0.04,2,114516.000,1,103.320,809.04,0.42,0.23,4.67,0.0886765031898909,24.95,0.040,0,0,0,0.492607712745667
191739.040,16,40.71,167.8,24°52.917330 N,46°39.492312 E,0,1,0,0,696.35,0.00,2,114549.000,1,103.360,809.49,0.51,0.08,4.67,0,24.65,0.040,0,0,0,0.488350600004196
191739.080,16,40.77,167.3,24°52.917090 N,46°39.492378 E,0,1,0,0,696.32,-0.04,2,114582.000,1,103.400,809.94,0.26,0.04,4.67,-0.0883088848550262,25.56,0.040,0,0,0,0.436728209257126
191739.120,16,40.81,166.6,24°52.916850 N,46°39.492444 E,0,1,0,0,696.30,-0.11,2,114616.000,1,103.440,810.40,0.35,0.03,4.67,-0.264641019358,26.79,0.040,0,0,0,0.416240990161896
191739.160,16,41.04,165.8,24°52.916610 N,46°39.492516 E,0,1,0,0,696.28,-0.14,2,114682.000,1,103.480,810.85,0.40,0.16,4.67,-0.350877192982456,27.84,0.040,0,0,0,0.424284398555756
191739.200,16,41.34,165.2,24°52.916370 N,46°39.492594 E,0,1,0,0,696.26,-0.18,2,114716.000,1,103.520,811.31,0.34,0.21,4.67,-0.435392578975376,29.46,0.040,0,0,0,0.428292095661163
191739.240,16,41.55,164.5,24°52.916124 N,46°39.492672 E,0,1,0,0,696.23,-0.25,2,114749.000,1,103.560,811.77,0.31,0.15,4.67,-0.606527390006739,29.71,0.040,0,0,0,0.409877091646194
191739.280,16,41.69,163.9,24°52.915884 N,46°39.492750 E,0,1,0,0,696.22,-0.25,2,114782.000,1,103.600,812.23,0.34,0.10,4.66,-0.604490500863558,30.14,0.040,0,0,0,0.393503785133362
191739.320,16,41.92,163.0,24°52.915638 N,46°39.492840 E,0,1,0,0,696.20,-0.29,2,114816.000,1,103.640,812.70,0.48,0.16,4.66,-0.687055680137411,31.29,0.040,0,0,0,0.418988287448883
191739.360,16,42.26,162.1,24°52.915398 N,46°39.492930 E,0,1,0,0,696.19,-0.29,2,114882.000,1,103.680,813.16,0.44,0.24,4.66,-0.681495504022717,33.28,0.040,0,0,0,0.446903705596924
191739.400,16,42.43,161.6,24°52.915152 N,46°39.493020 E,0,1,0,0,696.17,-0.32,2,114916.000,1,103.720,813.63,0.26,0.12,4.66,-0.763556665802559,35.68,0.040,0,0,0,0.406258314847946
191739.440,16,42.74,161.1,24°52.914912 N,46°39.493116 E,0,1,0,0,696.16,-0.36,2,114949.000,1,103.760,814.11,0.29,0.21,4.65,-0.842381130662673,37.16,0.040,0,0,0,0.403760194778442
191739.480,16,43.06,160.5,24°52.914666 N,46°39.493218 E,0,1,0,0,696.14,-0.36,2,114982.000,1,103.800,814.58,0.28,0.23,4.65,-0.835984487843392,38.77,0.040,0,0,0,0.401892185211182
191739.520,16,43.26,159.8,24°52.914420 N,46°39.493320 E,0,1,0,0,696.12,-0.40,2,115016.000,1,103.840,815.06,0.39,0.14,4.65,-0.915374124500127,38.80,0.040,0,0,0,0.393024414777756
191739.560,16,43.32,159.1,24°52.914180 N,46°39.493428 E,0,1,0,0,696.12,-0.43,2,115082.000,1,103.880,815.54,0.36,0.04,4.64,-0.997183878860625,39.26,0.040,0,0,0,0.370806008577347
191739.600,16,43.41,158.9,24°52.913934 N,46°39.493530 E,0,1,0,0,696.10,-0.43,2,115116.000,1,103.920,816.03,0.13,0.06,4.64,-0.995185330231058,41.64,0.040,0,0,0,0.321842700242996
191739.640,16,43.47,158.9,24°52.913694 N,46°39.493632 E,0,1,0,0,696.08,-0.47,2,115149.000,1,103.960,816.51,0.01,0.04,4.63,-1.07670363042378,46.38,0.040,0,0,0,0.257422298192978
191739.680,16,43.63,158.7,24°52.913448 N,46°39.493740 E,0,1,0,0,696.07,-0.50,2,115182.000,1,104.000,816.99,0.10,0.11,4.63,-1.15522141743834,48.30,0.040,0,0,0,0.237225100398064
191739.720,16,43.82,158.5,24°52.913202 N,46°39.493848 E,0,1,0,0,696.05,-0.50,2,115216.000,1,104.040,817.48,0.08,0.14,4.62,-1.15018599237774,51.71,0.040,0,0,0,0.222795501351357
191739.760,16,43.89,158.2,24°52.912956 N,46°39.493956 E,0,1,0,0,696.03,-0.54,2,115282.000,1,104.080,817.97,0.18,0.05,4.62,-1.23040466642362,54.88,0.040,0,0,0,0.206184700131416
191739.800,16,44.18,158.1,24°52.912704 N,46°39.494064 E,0,1,0,0,696.01,-0.61,2,115316.000,1,104.120,818.46,0.04,0.21,4.61,-1.38514813389765,59.92,0.040,0,0,0,0.215990707278252
191739.840,16,44.46,158.1,24°52.912458 N,46°39.494178 E,0,1,0,0,696.00,-0.61,2,115349.000,1,104.160,818.95,0.00,0.20,4.61,-1.37639438646995,66.07,0.040,0,0,0,0.214182302355766
191739.880,16,44.56,158.1,24°52.912206 N,46°39.494286 E,0,1,0,0,695.99,-0.61,2,115382.000,1,104.200,819.44,0.01,0.07,4.60,-1.37339826305514,73.54,0.040,0,0,0,0.159726202487946
191739.920,16,44.40,158.1,24°52.911960 N,46°39.494394 E,0,1,0,0,695.98,-0.61,2,115416.000,1,104.240,819.94,0.01,-0.11,4.59,-1.37831629205892,86.76,0.040,0,0,0,0.0862381607294083
191739.960,16,44.35,158.0,24°52.911714 N,46°39.494508 E,0,1,0,0,695.95,-0.65,2,115482.000,1,104.280,820.43,0.02,-0.04,4.59,-1.46126959070921,103.74,0.040,0,0,0,0.0755497291684151
191740.000,16,44.56,157.8,24°52.911462 N,46°39.494622 E,0,1,0,0,695.94,-0.68,2,115516.000,1,104.320,820.92,0.12,0.16,4.58,-1.53487119648146,111.81,0.040,0,0,0,0.107582896947861
191740.040,16,44.53,157.9,24°52.911216 N,46°39.494730 E,0,1,0,0,695.91,-0.72,2,115549.000,1,104.360,821.42,-0.02,-0.02,4.57,-1.61681487469685,132.68,0.040,0,0,0,0.0657248273491859
191740.080,16,44.80,157.8,24°52.910964 N,46°39.494844 E,0,1,0,0,695.90,-0.76,2,115582.000,1,104.400,821.91,0.05,0.19,4.57,-1.68768835807568,154.65,0.040,0,0,0,0.120205700397491
191740.120,16,44.87,157.7,24°52.910718 N,46°39.494958 E,0,1,0,0,695.88,-0.76,2,115616.000,1,104.440,822.41,0.01,0.05,4.56,-1.68498005215414,207.88,0.040,0,0,0,0.0922692269086838
191740.160,16,44.93,157.7,24°52.910466 N,46°39.495072 E,0,1,0,0,695.86,-0.79,2,115682.000,1,104.480,822.91,0.05,0.05,4.55,-1.76266358052168,291.29,0.040,0,0,0,0.0794561803340912
191740.200,16,44.99,157.8,24°52.910214 N,46°39.495180 E,0,1,0,0,695.83,-0.83,2,115716.000,1,104.520,823.41,-0.09,0.04,4.54,-1.84028626675261,402.30,0.040,0,0,0,0.0573035590350628
191740.240,16,44.86,157.6,24°52.909968 N,46°39.495294 E,0,1,0,0,695.81,-0.86,2,115749.000,1,104.560,823.91,0.10,-0.10,4.53,-1.92616372391653,348.53,0.040,0,0,0,0.0434905402362347
191740.280,16,44.77,157.5,24°52.909716 N,46°39.495408 E,0,1,0,0,695.79,-0.90,2,115782.000,1,104.600,824.41,0.09,-0.06,4.52,-2.0101400397561,352.76,0.040,0,0,0,0.0634556487202644
191740.320,16,44.72,157.3,24°52.909470 N,46°39.495522 E,0,1,0,0,695.77,-0.90,2,115816.000,1,104.640,824.91,0.10,-0.04,4.51,-2.01238736220736,345.25,0.040,0,0,0,0.0699774324893951
191740.360,16,44.78,157.2,24°52.909224 N,46°39.495636 E,0,1,0,0,695.75,-0.94,2,115882.000,1,104.680,825.40,0.07,0.04,4.50,-2.09021884769987,413.96,0.040,0,0,0,0.061138030141592
191740.400,16,44.84,157.3,24°52.908972 N,46°39.495750 E,0,1,0,0,695.73,-0.97,2,115916.000,1,104.720,825.90,-0.05,0.04,4.49,-2.1676107220909,493.90,0.040,0,0,0,0.0449760816991329
191740.440,16,45.01,157.4,24°52.908720 N,46°39.495870 E,0,1,0,0,695.70,-1.01,2,115949.000,1,104.760,826.40,-0.08,0.12,4.48,-2.23930332785356,592.08,0.040,0,0,0,0.0739297196269035
191740.480,16,45.25,157.3,24°52.908468 N,46°39.495984 E,0,1,0,0,695.67,-1.04,2,115982.000,1,104.800,826.90,0.05,0.17,4.47,-2.30708035003978,541.51,0.040,0,0,0,0.122491098940372
191740.520,16,45.34,157.4,24°52.908216 N,46°39.496098 E,0,1,0,0,695.65,-1.08,2,116016.000,1,104.840,827.40,-0.03,0.06,4.46,-2.38226535789125,603.79,0.040,0,0,0,0.0902002975344658
191740.560,16,45.36,157.2,24°52.907964 N,46°39.496218 E,0,1,0,0,695.65,-1.04,2,116082.000,1,104.880,827.91,0.09,0.01,4.45,-2.30179028132992,515.62,0.040,0,0,0,0.0591373704373837
191740.600,16,45.31,157.2,24°52.907718 N,46°39.496332 E,0,1,0,0,695.63,-1.08,2,116116.000,1,104.920,828.41,0.00,-0.03,4.44,-2.38342197603337,689.02,0.040,0,0,0,0.0253249891102314
191740.640,16,45.46,157.2,24°52.907466 N,46°39.496452 E,0,1,0,0,695.62,-1.08,2,116149.000,1,104.960,828.92,-0.01,0.11,4.43,-2.37550589477389,660.81,0.040,0,0,0,0.061307068914175
191740.680,16,45.45,157.1,24°52.907214 N,46°39.496566 E,0,1,0,0,695.60,-1.12,2,116182.000,1,105.000,829.42,0.05,-0.01,4.42,-2.45566166439291,670.75,0.040,0,0,0,0.0322663299739361
191740.720,16,45.38,157.1,24°52.906962 N,46°39.496680 E,0,1,0,0,695.58,-1.12,2,116216.000,1,105.040,829.93,0.02,-0.05,4.40,-2.45934153113844,652.60,0.040,0,0,0,0.0255636293441057
191740.760,16,45.31,157.1,24°52.906710 N,46°39.496800 E,0,1,0,0,695.56,-1.15,2,116282.000,1,105.080,830.43,-0.02,-0.05,4.39,-2.54248510262635,810.26,0.040,0,0,0,0.0333726517856121
191740.800,16,45.33,157.1,24°52.906464 N,46°39.496914 E,0,1,0,0,695.54,-1.19,2,116316.000,1,105.120,830.93,0.00,0.01,4.38,-2.62089657606777,635.61,0.040,0,0,0,0.0132933501154184
191740.840,16,45.49,157.1,24°52.906212 N,46°39.497034 E,0,1,0,0,695.52,-1.22,2,116349.000,1,105.160,831.44,0.04,0.12,4.37,-2.69052381685094,758.16,0.040,0,0,0,0.0562815293669701
191740.880,16,45.44,157.1,24°52.905960 N,46°39.497148 E,0,1,0,0,695.50,-1.22,2,116382.000,1,105.200,831.94,-0.02,-0.04,4.35,-2.69372125266841,1000.00,0.040,0,0,0,0.0115732299163938
191740.920,16,45.41,157.0,24°52.905708 N,46°39.497268 E,0,1,0,0,695.48,-1.26,2,116416.000,1,105.240,832.45,0.08,-0.02,4.34,-2.77447483154974,1000.00,0.040,0,0,0,0.0226752702146769
191740.960,16,45.41,156.9,24°52.905456 N,46°39.497388 E,0,1,0,0,695.46,-1.26,2,116482.000,1,105.280,832.95,0.02,0.00,4.33,-2.77490254806528,1000.00,0.040,0,0,0,0.0222405400127172
191741.000,16,45.46,156.7,24°52.905210 N,46°39.497508 E,0,1,0,0,695.44,-1.30,2,116516.000,1,105.320,833.46,0.10,0.04,4.31,-2.85060707372866,864.84,0.040,0,0,0,0.0413801483809948
191741.040,16,45.45,156.6,24°52.904958 N,46°39.497628 E,0,1,0,0,695.42,-1.30,2,116549.000,1,105.360,833.96,0.11,-0.01,4.30,-2.85123421481058,518.58,0.040,0,0,0,0.0515621900558472
191741.080,16,45.29,156.6,24°52.904712 N,46°39.497742 E,0,1,0,0,695.41,-1.33,2,116582.000,1,105.400,834.47,-0.01,-0.12,4.28,-2.94117647058824,595.69,0.040,0,0,0,0.0685467272996902
191741.120,16,45.36,156.6,24°52.904460 N,46°39.497862 E,0,1,0,0,695.38,-1.37,2,116616.000,1,105.440,834.97,-0.03,0.05,4.27,-3.01587301587302,586.14,0.040,0,0,0,0.026172149926424
191741.160,16,45.47,156.4,24°52.904208 N,46°39.497982 E,0,1,0,0,695.36,-1.37,2,116682.000,1,105.480,835.47,0.13,0.08,4.26,-3.00844475721323,543.46,0.040,0,0,0,0.0597183890640736
191741.200,16,45.57,156.1,24°52.903956 N,46°39.498108 E,0,1,0,0,695.34,-1.37,2,116716.000,1,105.520,835.98,0.18,0.07,4.24,-3.0018432370754,393.12,0.040,0,0,0,0.090717151761055
191741.240,16,45.63,156.0,24°52.903710 N,46°39.498234 E,0,1,0,0,695.33,-1.40,2,116749.000,1,105.560,836.49,0.07,0.04,4.23,-3.07665337248543,348.34,0.040,0,0,0,0.0875979289412498
191741.280,16,45.59,155.6,24°52.903458 N,46°39.498360 E,0,1,0,0,695.31,-1.40,2,116782.000,1,105.600,836.99,0.21,-0.03,4.21,-3.07962272428164,281.24,0.040,0,0,0,0.101182401180267
191741.320,16,45.53,155.4,24°52.903212 N,46°39.498486 E,0,1,0,0,695.29,-1.40,2,116816.000,1,105.640,837.50,0.09,-0.05,4.19,-3.08395202741291,261.42,0.040,0,0,0,0.099380299448967
191741.360,16,45.57,155.4,24°52.902960 N,46°39.498606 E,0,1,0,0,695.27,-1.44,2,116882.000,1,105.680,838.01,-0.01,0.03,4.18,-3.15983498639515,259.19,0.040,0,0,0,0.0759822800755501
191741.400,16,45.42,155.2,24°52.902720 N,46°39.498732 E,0,1,0,0,695.26,-1.44,2,116916.000,1,105.720,838.51,0.13,-0.11,4.16,-3.17054912149368,226.01,0.040,0,0,0,0.100543603301048
191741.440,16,45.39,154.9,24°52.902474 N,46°39.498864 E,0,1,0,0,695.23,-1.48,2,116949.000,1,105.760,839.02,0.15,-0.02,4.15,-3.2521758290184,203.57,0.040,0,0,0,0.106782801449299
191741.480,16,45.42,154.7,24°52.902222 N,46°39.498996 E,0,1,0,0,695.22,-1.48,2,116982.000,1,105.800,839.52,0.16,0.03,4.13,-3.24959820347416,177.40,0.040,0,0,0,0.111952796578407
191741.520,16,45.36,154.3,24°52.901982 N,46°39.499122 E,0,1,0,0,695.20,-1.48,2,117016.000,1,105.840,840.03,0.19,-0.04,4.12,-3.25368133321577,163.96,0.040,0,0,0,0.128942295908928
191741.560,16,45.22,154.3,24°52.901736 N,46°39.499254 E,0,1,0,0,695.18,-1.48,2,117082.000,1,105.880,840.53,0.03,-0.10,4.10,-3.2640424590889,162.52,0.040,0,0,0,0.124113097786903
191741.600,16,45.06,154.1,24°52.901496 N,46°39.499386 E,0,1,0,0,695.16,-1.48,2,117116.000,1,105.920,841.03,0.12,-0.11,4.08,-3.27555979672,159.78,0.040,0,0,0,0.140063494443893
191741.640,16,44.66,153.8,24°52.901256 N,46°39.499512 E,0,1,0,0,695.14,-1.51,2,117149.000,1,105.960,841.53,0.16,-0.29,4.07,-3.3857315598549,153.18,0.040,0,0,0,0.221077501773834
191741.680,16,44.19,153.7,24°52.901028 N,46°39.499638 E,0,1,0,0,695.13,-1.51,2,117182.000,1,106.000,842.02,0.06,-0.33,4.05,-3.42189833884036,145.00,0.040,0,0,0,0.281422913074493
191741.720,16,43.69,153.6,24°52.900794 N,46°39.499764 E,0,1,0,0,695.11,-1.51,2,117216.000,1,106.040,842.51,0.02,-0.35,4.03,-3.46050854828004,138.89,0.040,0,0,0,0.317924797534943
191741.760,16,43.19,153.6,24°52.900566 N,46°39.499890 E,0,1,0,0,695.09,-1.55,2,117282.000,1,106.080,842.99,0.03,-0.36,4.02,-3.5842459885619,145.73,0.040,0,0,0,0.339823305606842
191741.800,16,42.76,153.4,24°52.900338 N,46°39.500016 E,0,1,0,0,695.07,-1.51,2,117316.000,1,106.120,843.47,0.11,-0.31,4.00,-3.53626306803564,150.33,0.040,0,0,0,0.329134494066238
191741.840,16,42.46,153.5,24°52.900116 N,46°39.500136 E,0,1,0,0,695.05,-1.55,2,117349.000,1,106.160,843.94,-0.06,-0.21,3.98,-3.64621363796961,163.47,0.040,0,0,0,0.272008299827576
191741.880,16,42.25,153.6,24°52.899888 N,46°39.500256 E,0,1,0,0,695.03,-1.58,2,117382.000,1,106.200,844.41,-0.07,-0.15,3.97,-3.7491124260355,204.39,0.040,0,0,0,0.208152607083321
191741.920,16,42.16,153.6,24°52.899666 N,46°39.500382 E,0,1,0,0,695.00,-1.58,2,117416.000,1,106.240,844.88,0.02,-0.07,3.95,-3.75747224594364,216.66,0.040,0,0,0,0.139055207371712
191741.960,16,42.04,153.7,24°52.899438 N,46°39.500502 E,0,1,0,0,694.99,-1.58,2,117482.000,1,106.280,845.35,-0.06,-0.08,3.93,-3.76748168585292,228.25,0.040,0,0,0,0.108023703098297
191742.000,16,42.04,153.7,24°52.899216 N,46°39.500622 E,0,1,0,0,694.97,-1.58,2,117516.000,1,106.320,845.82,-0.02,0.00,3.91,-3.76775052924526,269.26,0.040,0,0,0,0.055234968662262
191742.040,16,41.94,153.9,24°52.898988 N,46°39.500742 E,0,1,0,0,694.95,-1.62,2,117549.000,1,106.360,846.28,-0.09,-0.07,3.90,-3.86229258058364,385.87,0.040,0,0,0,0.0636646375060081
191742.080,16,41.95,154.1,24°52.898760 N,46°39.500862 E,0,1,0,0,694.93,-1.62,2,117582.000,1,106.400,846.75,-0.09,0.00,3.88,-3.86164811327501,689.51,0.040,0,0,0,0.0412598289549351
191742.120,16,41.79,154.2,24°52.898538 N,46°39.500982 E,0,1,0,0,694.91,-1.62,2,117616.000,1,106.440,847.22,-0.09,-0.11,3.86,-3.87661824882146,1000.00,0.040,0,0,0,0.0825579315423965
191742.160,16,41.61,154.3,24°52.898316 N,46°39.501096 E,0,1,0,0,694.89,-1.62,2,117682.000,1,106.480,847.68,-0.01,-0.13,3.84,-3.89310775737768,1000.00,0.040,0,0,0,0.104562297463417
191742.200,16,41.48,154.4,24°52.898088 N,46°39.501216 E,0,1,0,0,694.88,-1.62,2,117716.000,1,106.520,848.14,-0.07,-0.10,3.83,-3.90587327611149,1000.00,0.040,0,0,0,0.106129497289658
191742.240,16,41.39,154.6,24°52.897866 N,46°39.501330 E,0,1,0,0,694.87,-1.62,2,117749.000,1,106.560,848.60,-0.13,-0.06,3.81,-3.91408345212496,455.87,0.040,0,0,0,0.0986263379454613
191742.280,16,41.23,155.1,24°52.897644 N,46°39.501438 E,0,1,0,0,694.87,-1.58,2,117782.000,1,106.600,849.06,-0.21,-0.11,3.79,-3.84214228539549,282.42,0.040,0,0,0,0.131777599453926
191742.320,16,40.73,155.3,24°52.897422 N,46°39.501546 E,0,1,0,0,694.86,-1.58,2,117816.000,1,106.640,849.52,-0.10,-0.35,3.77,-3.8893117587841,236.42,0.040,0,0,0,0.243723005056381
191742.360,16,40.40,156.0,24°52.897206 N,46°39.501654 E,0,1,0,0,694.84,-1.62,2,117882.000,1,106.680,849.97,-0.35,-0.23,3.75,-4.00960324728362,161.63,0.040,0,0,0,0.268699288368225
191742.400,16,40.02,156.5,24°52.896984 N,46°39.501750 E,0,1,0,0,694.82,-1.62,2,117916.000,1,106.720,850.41,-0.26,-0.27,3.74,-4.04787486569551,123.00,0.040,0,0,0,0.298904001712799
191742.440,16,39.40,156.9,24°52.896774 N,46°39.501846 E,0,1,0,0,694.81,-1.62,2,117949.000,1,106.760,850.85,-0.21,-0.44,3.72,-4.11188385197218,109.78,0.040,0,0,0,0.386322110891342
191742.480,16,38.68,157.2,24°52.896564 N,46°39.501942 E,0,1,0,0,694.81,-1.58,2,117982.000,1,106.800,851.29,-0.15,-0.51,3.70,-4.09535136253167,102.09,0.040,0,0,0,0.45980429649353
191742.520,16,38.39,157.6,24°52.896348 N,46°39.502032 E,0,1,0,0,694.81,-1.55,2,118016.000,1,106.840,851.72,-0.17,-0.21,3.68,-4.03261520827363,91.53,0.040,0,0,0,0.359149605035782
191742.560,16,38.13,158.2,24°52.896138 N,46°39.502122 E,0,1,0,0,694.79,-1.55,2,118082.000,1,106.880,852.14,-0.32,-0.18,3.66,-4.05968896698224,79.92,0.040,0,0,0,0.318481087684631
191742.600,16,37.64,158.6,24°52.895934 N,46°39.502212 E,0,1,0,0,694.77,-1.58,2,118116.000,1,106.920,852.56,-0.15,-0.35,3.65,-4.20806545879602,74.38,0.040,0,0,0,0.352139294147491
191742.640,16,37.41,159.3,24°52.895724 N,46°39.502290 E,0,1,0,0,694.76,-1.58,2,118149.000,1,106.960,852.98,-0.33,-0.17,3.63,-4.23438836612489,66.61,0.040,0,0,0,0.316658407449722
191742.680,16,37.18,160.4,24°52.895514 N,46°39.502368 E,0,1,0,0,694.74,-1.58,2,118182.000,1,107.000,853.39,-0.54,-0.16,3.61,-4.25989672977625,55.80,0.040,0,0,0,0.341688096523285
191742.720,16,36.84,161.4,24°52.895304 N,46°39.502440 E,0,1,0,0,694.74,-1.55,2,118216.000,1,107.040,853.81,-0.43,-0.24,3.59,-4.20206846005592,49.21,0.040,0,0,0,0.381089299917221
191742.760,16,36.73,162.1,24°52.895094 N,46°39.502506 E,0,1,0,0,694.73,-1.55,2,118282.000,1,107.080,854.21,-0.32,-0.08,3.58,-4.21488278378305,44.87,0.040,0,0,0,0.346001803874969
191742.800,16,36.55,162.5,24°52.894890 N,46°39.502578 E,0,1,0,0,694.72,-1.55,2,118316.000,1,107.120,854.62,-0.20,-0.13,3.56,-4.23564177634279,42.87,0.040,0,0,0,0.321883589029312
191742.840,16,36.38,163.3,24°52.894680 N,46°39.502644 E,0,1,0,0,694.70,-1.55,2,118349.000,1,107.160,855.03,-0.36,-0.12,3.54,-4.25485130009345,39.99,0.040,0,0,0,0.329535812139511
191742.880,16,36.25,164.4,24°52.894470 N,46°39.502698 E,0,1,0,0,694.69,-1.51,2,118382.000,1,107.200,855.43,-0.50,-0.09,3.53,-4.1708043694141,36.87,0.040,0,0,0,0.360119491815567
191742.920,16,36.14,165.8,24°52.894260 N,46°39.502752 E,0,1,0,0,694.68,-1.51,2,118416.000,1,107.240,855.83,-0.60,-0.08,3.51,-4.18326693227092,32.79,0.040,0,0,0,0.40516060590744
191742.960,16,36.08,167.0,24°52.894050 N,46°39.502800 E,0,1,0,0,694.66,-1.51,2,118482.000,1,107.280,856.23,-0.52,-0.04,3.49,-4.19033894077543,31.33,0.040,0,0,0,0.424914985895157
191743.000,16,35.87,167.5,24°52.893840 N,46°39.502848 E,0,1,0,0,694.65,-1.51,2,118516.000,1,107.320,856.63,-0.24,-0.15,3.47,-4.21522163367717,31.06,0.040,0,0,0,0.399259895086288
191743.040,16,35.64,168.2,24°52.893630 N,46°39.502890 E,0,1,0,0,694.64,-1.48,2,118549.000,1,107.360,857.03,-0.33,-0.16,3.46,-4.14141414141414,30.01,0.040,0,0,0,0.396516799926758
191743.080,16,35.50,169.0,24°52.893426 N,46°39.502926 E,0,1,0,0,694.61,-1.51,2,118582.000,1,107.400,857.43,-0.35,-0.10,3.44,-4.25963488843813,28.65,0.040,0,0,0,0.387543886899948
191743.120,16,35.35,170.3,24°52.893216 N,46°39.502962 E,0,1,0,0,694.59,-1.51,2,118616.000,1,107.440,857.82,-0.55,-0.10,3.42,-4.27746972954623,26.51,0.040,0,0,0,0.419833093881607
191743.160,16,35.47,171.4,24°52.893000 N,46°39.502986 E,0,1,0,0,694.58,-1.48,2,118682.000,1,107.480,858.21,-0.48,0.09,3.41,-4.1611457246765,25.76,0.040,0,0,0,0.419360905885696
191743.200,16,35.58,172.7,24°52.892790 N,46°39.503010 E,0,1,0,0,694.57,-1.48,2,118716.000,1,107.520,858.61,-0.58,0.07,3.39,-4.1489810260014,24.01,0.040,0,0,0,0.451494693756104
191743.240,16,35.60,174.0,24°52.892580 N,46°39.503028 E,0,1,0,0,694.55,-1.48,2,118749.000,1,107.560,859.00,-0.57,0.02,3.37,-4.14641683287917,23.08,0.040,0,0,0,0.474290311336517
191743.280,16,35.61,174.7,24°52.892364 N,46°39.503046 E,0,1,0,0,694.54,-1.48,2,118782.000,1,107.600,859.40,-0.33,0.01,3.36,-4.1447867232035,23.77,0.040,0,0,0,0.44572851061821
191743.320,16,35.51,175.4,24°52.892154 N,46°39.503058 E,0,1,0,0,694.53,-1.44,2,118816.000,1,107.640,859.79,-0.28,-0.07,3.34,-4.05553834455178,24.24,0.040,0,0,0,0.413146585226059
191743.360,16,35.23,176.6,24°52.891944 N,46°39.503064 E,0,1,0,0,694.52,-1.44,2,118882.000,1,107.680,860.19,-0.54,-0.19,3.33,-4.08707745579428,23.13,0.040,0,0,0,0.452332586050034
191743.400,16,34.88,178.2,24°52.891734 N,46°39.503058 E,0,1,0,0,694.50,-1.44,2,118916.000,1,107.720,860.58,-0.67,-0.25,3.31,-4.12844036697248,21.30,0.040,0,0,0,0.516839623451233
191743.440,16,34.76,179.8,24°52.891530 N,46°39.503052 E,0,1,0,0,694.48,-1.44,2,118949.000,1,107.760,860.96,-0.72,-0.08,3.29,-4.14245440423451,20.10,0.040,0,0,0,0.547145187854767
191743.480,16,34.54,180.8,24°52.891326 N,46°39.503040 E,0,1,0,0,694.47,-1.40,2,118982.000,1,107.800,861.35,-0.41,-0.16,3.28,-4.06461698801459,20.15,0.040,0,0,0,0.527192175388336
191743.520,16,34.32,181.6,24°52.891116 N,46°39.503028 E,0,1,0,0,694.47,-1.40,2,119016.000,1,107.840,861.73,-0.34,-0.16,3.26,-4.09067070683527,20.71,0.040,0,0,0,0.497079998254776
191743.560,16,34.10,182.3,24°52.890918 N,46°39.503016 E,0,1,0,0,694.47,-1.37,2,119082.000,1,107.880,862.11,-0.28,-0.16,3.25,-4.01220084467386,21.24,0.040,0,0,0,0.462407499551773
191743.600,16,33.89,183.2,24°52.890714 N,46°39.502998 E,0,1,0,0,694.46,-1.33,2,119116.000,1,107.920,862.49,-0.37,-0.15,3.23,-3.93071089208251,20.65,0.040,0,0,0,0.449220597743988
191743.640,16,33.69,184.6,24°52.890516 N,46°39.502968 E,0,1,0,0,694.45,-1.33,2,119149.000,1,107.960,862.86,-0.61,-0.14,3.21,-3.95428232150809,19.61,0.040,0,0,0,0.483519911766052
191743.680,16,33.71,186.2,24°52.890318 N,46°39.502932 E,0,1,0,0,694.43,-1.33,2,119182.000,1,108.000,863.24,-0.65,0.02,3.20,-3.95170142700329,18.77,0.040,0,0,0,0.502469897270203
191743.720,16,33.80,187.8,24°52.890114 N,46°39.502896 E,0,1,0,0,694.42,-1.30,2,119216.000,1,108.040,863.61,-0.67,0.07,3.18,-3.83431952662722,18.44,0.040,0,0,0,0.532788217067719
191743.760,15,33.90,189.1,24°52.889910 N,46°39.502848 E,0,1,0,0,694.41,-1.30,2,119282.000,1,108.080,863.99,-0.55,0.07,3.17,-3.82289607976166,18.26,0.040,0,0,0,0.537447810173035
191743.800,15,34.29,190.0,24°52.889706 N,46°39.502806 E,0,1,0,0,694.40,-1.26,2,119316.000,1,108.120,864.37,-0.37,0.28,3.16,-3.67411208957835,18.94,0.040,0,0,0,0.526880323886871
191743.840,15,34.64,190.9,24°52.889496 N,46°39.502752 E,0,1,0,0,694.41,-1.22,2,119349.000,1,108.160,864.75,-0.40,0.24,3.14,-3.53358930685066,19.54,0.040,0,0,0,0.521700084209442
191743.880,15,34.81,192.0,24°52.889292 N,46°39.502698 E,0,1,0,0,694.42,-1.19,2,119382.000,1,108.200,865.14,-0.48,0.12,3.13,-3.41261633919338,19.22,0.040,0,0,0,0.508077323436737
191743.920,15,34.98,193.3,24°52.889088 N,46°39.502638 E,0,1,0,0,694.43,-1.12,2,119416.000,1,108.240,865.52,-0.57,0.12,3.11,-3.19057693407285,18.59,0.040,0,0,0,0.517612218856812
191743.960,15,34.99,194.6,24°52.888890 N,46°39.502572 E,0,1,0,0,694.43,-1.08,2,119482.000,1,108.280,865.91,-0.56,0.00,3.10,-3.08703730170073,18.54,0.040,0,0,0,0.516476571559906
191744.000,15,34.77,195.6,24°52.888692 N,46°39.502506 E,0,1,0,0,694.42,-1.08,2,119516.000,1,108.320,866.30,-0.43,-0.16,3.09,-3.10657270243061,19.01,0.040,0,0,0,0.495995789766312
191744.040,15,34.66,196.8,24°52.888494 N,46°39.502428 E,0,1,0,0,694.42,-1.04,2,119549.000,1,108.360,866.69,-0.51,-0.07,3.07,-3.012030812729,19.50,0.040,0,0,0,0.500138580799103
191744.080,15,34.57,197.8,24°52.888296 N,46°39.502356 E,0,1,0,0,694.42,-1.01,2,119582.000,1,108.400,867.07,-0.42,-0.06,3.06,-2.91573862485899,19.43,0.040,0,0,0,0.485165506601334
191744.120,14,34.35,199.2,24°52.888110 N,46°39.502272 E,0,1,0,0,694.43,-0.97,2,119616.000,1,108.440,867.45,-0.60,-0.16,3.05,-2.82961194725044,18.65,0.040,0,0,0,0.515906393527985
191744.160,14,34.22,200.9,24°52.887924 N,46°39.502182 E,0,1,0,0,694.43,-0.97,2,119682.000,1,108.480,867.83,-0.73,-0.09,3.04,-2.84061020515518,17.52,0.040,0,0,0,0.55891352891922
191744.200,14,34.07,202.8,24°52.887738 N,46°39.502086 E,0,1,0,0,694.43,-0.94,2,119716.000,1,108.520,868.21,-0.80,-0.10,3.03,-2.74728500146757,16.55,0.040,0,0,0,0.608169376850128
191744.240,14,33.77,204.4,24°52.887558 N,46°39.501990 E,0,1,0,0,694.44,-0.90,2,119749.000,1,108.560,868.59,-0.66,-0.21,3.02,-2.66524520255863,16.31,0.040,0,0,0,0.631352484226227
191744.280,15,33.54,205.9,24°52.887378 N,46°39.501882 E,0,1,0,0,694.45,-0.86,2,119782.000,1,108.600,868.96,-0.62,-0.16,3.01,-2.57618224104001,16.25,0.040,0,0,0,0.633821189403534
191744.320,16,33.24,206.9,24°52.887210 N,46°39.501774 E,0,1,0,0,694.49,-0.76,2,119816.000,1,108.640,869.34,-0.41,-0.21,3.00,-2.27423139401961,16.62,0.040,0,0,0,0.601174414157867
191744.360,16,33.32,208.6,24°52.887036 N,46°39.501660 E,0,0,0,0,694.55,-0.65,1,119882.000,1,108.680,869.71,-0.70,0.06,2.99,-1.94466118480283,16.33,0.040,0,0,0,0.601171791553497
191744.400,16,33.51,209.8,24°52.886868 N,46°39.501540 E,0,0,0,0,694.60,-0.54,1,119916.000,1,108.720,870.08,-0.49,0.13,2.98,-1.61150735623265,16.16,0.040,0,0,0,0.577494978904724
191744.440,16,33.91,211.1,24°52.886694 N,46°39.501420 E,0,0,0,0,694.63,-0.47,1,119949.000,1,108.760,870.45,-0.55,0.28,2.97,-1.38032738534139,16.03,0.040,0,0,0,0.593175411224365
191744.480,16,34.06,212.8,24°52.886526 N,46°39.501288 E,0,1,0,0,694.65,-0.43,2,119982.000,1,108.800,870.83,-0.70,0.11,2.97,-1.26823826439245,15.69,0.040,0,0,0,0.611861824989319
191744.520,16,34.19,214.1,24°52.886358 N,46°39.501156 E,0,1,0,0,694.69,-0.36,2,120016.000,1,108.840,871.21,-0.55,0.09,2.96,-1.05297025359034,15.76,0.040,0,0,0,0.597458899021149
191744.560,16,34.17,215.4,24°52.886196 N,46°39.501018 E,0,0,0,0,694.72,-0.25,1,120082.000,1,108.880,871.59,-0.57,-0.01,2.95,-0.737532193865605,15.72,0.040,0,0,0,0.584966421127319
191744.600,16,33.92,216.6,24°52.886040 N,46°39.500874 E,0,1,0,0,694.76,-0.18,2,120116.000,1,108.920,871.97,-0.51,-0.18,2.95,-0.530676022288393,15.44,0.040,0,0,0,0.571557998657227
191744.640,16,33.75,217.8,24°52.885884 N,46°39.500730 E,0,1,0,0,694.80,-0.11,2,120149.000,1,108.960,872.34,-0.49,-0.12,2.95,-0.320037930421383,15.37,0.040,0,0,0,0.559921026229858
191744.680,16,33.85,219.0,24°52.885728 N,46°39.500586 E,0,1,0,0,694.82,-0.07,2,120182.000,1,109.000,872.72,-0.49,0.07,2.94,-0.212721954678406,15.27,0.040,0,0,0,0.54054582118988
191744.720,16,33.95,219.6,24°52.885572 N,46°39.500442 E,0,1,0,0,694.80,-0.11,2,120216.000,1,109.040,873.09,-0.27,0.07,2.94,-0.318096135721018,15.89,0.040,0,0,0,0.487628996372223
191744.760,16,33.96,220.6,24°52.885416 N,46°39.500292 E,0,1,0,0,694.80,-0.11,2,120282.000,1,109.080,873.47,-0.43,0.00,2.94,-0.318030566271092,16.46,0.040,0,0,0,0.475563496351242
191744.800,16,33.97,222.2,24°52.885272 N,46°39.500136 E,0,1,0,0,694.80,-0.11,2,120316.000,1,109.120,873.85,-0.65,0.01,2.94,-0.317899508433167,16.77,0.040,0,0,0,0.509935975074768
191744.840,16,33.90,223.9,24°52.885128 N,46°39.499974 E,0,1,0,0,694.84,0.00,2,120349.000,1,109.160,874.23,-0.71,-0.05,2.94,0,16.62,0.040,0,0,0,0.550854206085205
191744.880,16,33.88,225.8,24°52.884996 N,46°39.499806 E,0,1,0,0,694.88,0.07,2,120382.000,1,109.200,874.60,-0.79,-0.01,2.94,0.212514757969303,16.29,0.040,0,0,0,0.598171472549438
191744.920,16,33.80,227.1,24°52.884858 N,46°39.499638 E,0,1,0,0,694.90,0.11,2,120416.000,1,109.240,874.98,-0.56,-0.05,2.94,0.319488817891374,15.98,0.040,0,0,0,0.590820372104645
191744.960,16,33.69,227.8,24°52.884726 N,46°39.499476 E,0,1,0,0,694.92,0.18,2,120482.000,1,109.280,875.35,-0.28,-0.08,2.94,0.534299029356763,16.79,0.040,0,0,0,0.530310571193695
191745.000,16,33.68,228.6,24°52.884594 N,46°39.499302 E,0,0,0,0,694.92,0.14,1,120516.000,1,109.320,875.73,-0.33,-0.01,2.94,0.427578834847675,17.13,0.040,0,0,0,0.489329904317856
191745.040,16,33.94,229.9,24°52.884462 N,46°39.499128 E,0,0,0,0,694.91,0.14,1,120549.000,1,109.360,876.10,-0.57,0.19,2.94,0.424228140466651,17.24,0.040,0,0,0,0.510167419910431
191745.080,16,33.96,231.1,24°52.884336 N,46°39.498954 E,0,0,0,0,694.91,0.14,1,120582.000,1,109.400,876.48,-0.50,0.01,2.94,0.424090708290384,17.68,0.040,0,0,0,0.505222976207733
191745.120,16,34.03,232.5,24°52.884216 N,46°39.498768 E,0,0,0,0,694.91,0.18,1,120616.000,1,109.440,876.86,-0.60,0.05,2.94,0.528991683075205,17.60,0.040,0,0,0,0.524224698543549
191745.160,16,33.85,233.9,24°52.884102 N,46°39.498588 E,0,0,0,0,694.92,0.22,1,120682.000,1,109.480,877.24,-0.59,-0.12,2.94,0.638033910320789,17.45,0.040,0,0,0,0.536279320716858
191745.200,16,34.03,234.8,24°52.883988 N,46°39.498402 E,0,0,0,0,694.93,0.25,1,120715.000,1,109.520,877.61,-0.36,0.13,2.95,0.740501307631277,17.88,0.040,0,0,0,0.50263249874115
191745.240,16,34.16,235.5,24°52.883874 N,46°39.498210 E,0,0,0,0,694.93,0.25,1,120749.000,1,109.560,877.99,-0.31,0.09,2.95,0.737618545837724,18.38,0.040,0,0,0,0.468508094549179
191745.280,16,34.34,236.5,24°52.883760 N,46°39.498024 E,0,0,0,0,694.93,0.29,1,120782.000,1,109.600,878.37,-0.42,0.12,2.95,0.838745376707342,18.68,0.040,0,0,0,0.464034885168076
191745.320,16,34.57,237.4,24°52.883652 N,46°39.497826 E,0,0,0,0,694.92,0.29,1,120815.000,1,109.640,878.75,-0.39,0.17,2.95,0.833068178531139,18.52,0.040,0,0,0,0.460907787084579
191745.360,16,34.60,238.3,24°52.883544 N,46°39.497628 E,0,0,0,0,694.93,0.29,1,120882.000,1,109.680,879.14,-0.37,0.02,2.96,0.832466181061394,18.70,0.040,0,0,0,0.434138298034668
191745.400,16,34.83,239.5,24°52.883442 N,46°39.497430 E,0,0,0,0,694.94,0.32,1,120915.000,1,109.720,879.52,-0.50,0.17,2.96,0.930125739220302,19.23,0.040,0,0,0,0.459226101636887
191745.440,16,34.88,240.2,24°52.883340 N,46°39.497226 E,0,0,0,0,694.95,0.36,1,120949.000,1,109.760,879.91,-0.31,0.03,2.96,1.03219887031568,20.41,0.040,0,0,0,0.423513114452362
191745.480,16,34.96,240.5,24°52.883238 N,46°39.497028 E,0,1,0,0,694.96,0.40,2,120982.000,1,109.800,880.30,-0.13,0.06,2.97,1.13272311212815,22.67,0.040,0,0,0,0.364924401044846
191745.520,16,34.94,240.7,24°52.883136 N,46°39.496824 E,0,1,0,0,694.97,0.43,2,121015.000,1,109.840,880.69,-0.10,-0.01,2.97,1.23633449716673,24.51,0.040,0,0,0,0.30721640586853
191745.560,16,35.01,241.1,24°52.883034 N,46°39.496620 E,0,0,0,0,694.97,0.43,1,121082.000,1,109.880,881.08,-0.17,0.05,2.97,1.23407415871565,25.04,0.040,0,0,0,0.281466603279114
191745.600,16,35.14,241.6,24°52.882932 N,46°39.496416 E,0,1,0,0,694.98,0.43,2,121115.000,1,109.920,881.47,-0.19,0.09,2.98,1.22950819672131,25.82,0.040,0,0,0,0.26971110701561
191745.640,16,35.24,242.0,24°52.882836 N,46°39.496212 E,0,1,0,0,694.98,0.47,2,121149.000,1,109.960,881.86,-0.18,0.08,2.98,1.32788559754852,27.94,0.040,0,0,0,0.254737585783005
191745.680,16,35.36,242.5,24°52.882740 N,46°39.496002 E,0,1,0,0,694.98,0.47,2,121182.000,1,110.000,882.25,-0.26,0.08,2.99,1.3235668429537,29.51,0.040,0,0,0,0.258823901414871
191745.720,16,35.44,243.1,24°52.882644 N,46°39.495792 E,0,1,0,0,694.99,0.50,2,121215.000,1,110.040,882.64,-0.23,0.06,2.99,1.42220215587787,32.09,0.040,0,0,0,0.252601802349091
191745.760,16,35.42,243.7,24°52.882554 N,46°39.495582 E,0,1,0,0,695.00,0.54,2,121282.000,1,110.080,883.04,-0.27,-0.01,3.00,1.52469153231499,34.60,0.040,0,0,0,0.251314014196396
191745.800,16,35.52,244.4,24°52.882464 N,46°39.495372 E,0,1,0,0,695.01,0.54,2,121315.000,1,110.120,883.43,-0.31,0.07,3.00,1.52022747107345,35.31,0.040,0,0,0,0.265852987766266
191745.840,16,35.74,245.2,24°52.882374 N,46°39.495156 E,0,1,0,0,695.01,0.54,2,121349.000,1,110.160,883.83,-0.34,0.15,3.01,1.51103897920922,35.44,0.040,0,0,0,0.294723212718964
191745.880,16,35.78,245.9,24°52.882290 N,46°39.494940 E,0,1,0,0,695.00,0.54,2,121382.000,1,110.200,884.22,-0.32,0.03,3.02,1.50934958213377,36.46,0.040,0,0,0,0.29266819357872
191745.920,16,35.83,246.4,24°52.882206 N,46°39.494718 E,0,1,0,0,695.00,0.54,2,121415.000,1,110.240,884.62,-0.21,0.04,3.02,1.50694870793101,38.34,0.040,0,0,0,0.275380313396454
191745.960,16,35.97,246.8,24°52.882122 N,46°39.494496 E,0,1,0,0,695.00,0.58,2,121482.000,1,110.280,885.02,-0.17,0.10,3.03,1.60128992799755,40.67,0.040,0,0,0,0.261638909578323
191746.000,16,36.00,247.4,24°52.882038 N,46°39.494274 E,0,1,0,0,695.01,0.61,2,121515.000,1,110.320,885.42,-0.28,0.02,3.03,1.69981113209643,43.49,0.040,0,0,0,0.261407911777496
191746.040,16,36.23,247.9,24°52.881960 N,46°39.494052 E,0,1,0,0,695.02,0.61,2,121549.000,1,110.360,885.82,-0.22,0.16,3.04,1.68934772407321,45.06,0.040,0,0,0,0.270288914442062
191746.080,16,36.44,248.4,24°52.881882 N,46°39.493824 E,0,1,0,0,695.02,0.61,2,121582.000,1,110.400,886.23,-0.23,0.15,3.05,1.67951919646533,44.04,0.040,0,0,0,0.277172714471817
191746.120,16,36.50,249.1,24°52.881804 N,46°39.493602 E,0,1,0,0,695.02,0.61,2,121615.000,1,110.440,886.63,-0.34,0.04,3.05,1.67685015206729,41.32,0.040,0,0,0,0.277952790260315
191746.160,16,36.65,249.7,24°52.881726 N,46°39.493374 E,0,1,0,0,695.02,0.61,2,121682.000,1,110.480,887.04,-0.26,0.11,3.06,1.66994106090373,40.68,0.040,0,0,0,0.279842913150787
191746.200,16,36.59,250.4,24°52.881660 N,46°39.493146 E,0,1,0,0,695.02,0.61,2,121715.000,1,110.520,887.44,-0.32,-0.04,3.07,1.67240531234629,39.41,0.040,0,0,0,0.276382714509964
191746.240,16,36.75,251.0,24°52.881588 N,46°39.492912 E,0,1,0,0,695.02,0.65,2,121749.000,1,110.560,887.85,-0.25,0.11,3.07,1.763505238808,38.97,0.040,0,0,0,0.277380913496017
191746.280,16,36.95,251.6,24°52.881516 N,46°39.492678 E,0,1,0,0,695.02,0.65,2,121782.000,1,110.600,888.26,-0.31,0.14,3.08,1.75386364251495,38.82,0.040,0,0,0,0.296192497014999
191746.320,16,37.27,252.1,24°52.881450 N,46°39.492444 E,0,1,0,0,695.03,0.65,2,121815.000,1,110.640,888.67,-0.20,0.23,3.09,1.73880376740816,39.53,0.040,0,0,0,0.310061395168304
191746.360,16,37.32,252.4,24°52.881384 N,46°39.492210 E,0,1,0,0,695.03,0.65,2,121882.000,1,110.680,889.09,-0.16,0.04,3.09,1.73628788081777,40.89,0.040,0,0,0,0.261597394943237
191746.400,16,37.66,252.6,24°52.881318 N,46°39.491970 E,0,1,0,0,695.03,0.68,2,121915.000,1,110.720,889.50,-0.07,0.24,3.10,1.81610599261875,43.99,0.040,0,0,0,0.269481807947159
191746.440,16,37.90,252.6,24°52.881246 N,46°39.491730 E,0,1,0,0,695.04,0.72,2,121949.000,1,110.760,889.92,-0.03,0.17,3.11,1.89968602411546,48.40,0.040,0,0,0,0.242232292890549
191746.480,16,38.14,253.2,24°52.881180 N,46°39.491490 E,0,1,0,0,695.04,0.72,2,121982.000,1,110.800,890.35,-0.27,0.17,3.12,1.88768286927796,49.66,0.040,0,0,0,0.257217794656754
191746.520,16,38.17,254.0,24°52.881120 N,46°39.491244 E,0,1,0,0,695.05,0.72,2,122015.000,1,110.840,890.77,-0.34,0.02,3.12,1.88610048724263,48.03,0.040,0,0,0,0.242981195449829
191746.560,16,38.35,254.5,24°52.881060 N,46°39.491004 E,0,1,0,0,695.05,0.72,2,122082.000,1,110.880,891.20,-0.26,0.12,3.13,1.87759146738989,47.30,0.040,0,0,0,0.254363596439362
191746.600,16,38.62,254.9,24°52.881000 N,46°39.490752 E,0,1,0,0,695.05,0.72,2,122115.000,1,110.920,891.62,-0.18,0.19,3.14,1.86427073353875,49.21,0.040,0,0,0,0.267360210418701
191746.640,16,39.04,254.8,24°52.880940 N,46°39.490506 E,0,1,0,0,695.04,0.72,2,122149.000,1,110.960,892.05,0.06,0.30,3.15,1.84416781927155,54.22,0.040,0,0,0,0.278564006090164
191746.680,16,39.20,254.9,24°52.880874 N,46°39.490254 E,0,1,0,0,695.04,0.72,2,122182.000,1,111.000,892.49,-0.09,0.11,3.16,1.83654729109275,57.16,0.040,0,0,0,0.226537600159645
191746.720,16,39.35,255.2,24°52.880814 N,46°39.490002 E,0,1,0,0,695.03,0.68,2,122215.000,1,111.040,892.93,-0.10,0.10,3.16,1.73833485818847,62.58,0.040,0,0,0,0.195176392793655
191746.760,16,39.46,255.6,24°52.880760 N,46°39.489750 E,0,1,0,0,695.03,0.72,2,122282.000,1,111.080,893.36,-0.23,0.08,3.17,1.82463253928028,63.72,0.040,0,0,0,0.191305503249168
191746.800,16,39.59,255.9,24°52.880700 N,46°39.489498 E,0,1,0,0,695.04,0.72,2,122315.000,1,111.120,893.80,-0.13,0.09,3.18,1.81882483706361,69.11,0.040,0,0,0,0.1817636936903
191746.840,16,39.86,256.1,24°52.880646 N,46°39.489240 E,0,0,0,0,695.04,0.76,1,122349.000,1,111.160,894.24,-0.11,0.20,3.19,1.89649549707749,73.76,0.040,0,0,0,0.206761106848717
191746.880,16,40.04,256.0,24°52.880586 N,46°39.488988 E,0,0,0,0,695.04,0.76,1,122382.000,1,111.200,894.69,0.04,0.13,3.20,1.88797043178583,86.87,0.040,0,0,0,0.174565404653549
191746.920,16,40.18,255.8,24°52.880526 N,46°39.488730 E,0,0,0,0,695.03,0.72,1,122415.000,1,111.240,895.13,0.13,0.09,3.20,1.7921146953405,103.75,0.040,0,0,0,0.130349099636078
191746.960,16,40.34,255.6,24°52.880460 N,46°39.488472 E,0,0,0,0,695.02,0.72,1,122482.000,1,111.280,895.58,0.09,0.12,3.21,1.78474046899013,121.49,0.040,0,0,0,0.120151199400425
191747.000,16,40.40,255.5,24°52.880394 N,46°39.488214 E,0,0,0,0,695.01,0.68,1,122515.000,1,111.320,896.03,0.04,0.04,3.22,1.69323695415388,131.70,0.040,0,0,0,0.0788268074393272
191747.040,16,40.46,255.7,24°52.880334 N,46°39.487956 E,0,1,0,0,695.01,0.68,2,122549.000,1,111.360,896.48,-0.11,0.05,3.23,1.69055857637173,125.61,0.040,0,0,0,0.0701761171221733
191747.080,16,40.59,255.7,24°52.880274 N,46°39.487698 E,0,1,0,0,695.00,0.68,2,122582.000,1,111.400,896.93,0.02,0.09,3.24,1.68497807557767,158.42,0.040,0,0,0,0.0810235664248466
191747.120,16,41.06,255.4,24°52.880208 N,46°39.487434 E,0,1,0,0,695.00,0.68,2,122615.000,1,111.440,897.38,0.13,0.33,3.24,1.66577370805124,268.57,0.040,0,0,0,0.204875200986862
191747.160,16,41.33,255.4,24°52.880148 N,46°39.487170 E,0,1,0,0,695.01,0.68,2,122682.000,1,111.480,897.84,0.01,0.19,3.25,1.65505226480836,437.05,0.040,0,0,0,0.196859493851662
191747.200,16,41.56,255.5,24°52.880088 N,46°39.486906 E,0,1,0,0,695.01,0.72,2,122715.000,1,111.520,898.30,-0.07,0.16,3.26,1.73264348453856,610.49,0.040,0,0,0,0.178758695721626
191747.240,16,41.65,255.6,24°52.880022 N,46°39.486636 E,0,1,0,0,695.03,0.76,2,122749.000,1,111.560,898.76,-0.05,0.07,3.27,1.81503889369058,454.57,0.040,0,0,0,0.124729000031948
191747.280,16,41.80,255.6,24°52.879962 N,46°39.486372 E,0,1,0,0,695.04,0.79,2,122782.000,1,111.600,899.23,0.00,0.10,3.27,1.89473684210526,591.35,0.040,0,0,0,0.114720702171326
191747.320,16,42.12,255.5,24°52.879896 N,46°39.486102 E,0,1,0,0,695.03,0.76,2,122815.000,1,111.640,899.69,0.08,0.22,3.28,1.79504226422262,1000.00,0.040,0,0,0,0.169407695531845
191747.360,16,42.46,255.3,24°52.879830 N,46°39.485832 E,0,1,0,0,695.04,0.76,2,122882.000,1,111.680,900.16,0.10,0.24,3.29,1.78070898598516,1000.00,0.040,0,0,0,0.20621320605278
191747.400,16,42.73,255.0,24°52.879758 N,46°39.485556 E,0,1,0,0,695.04,0.76,2,122915.000,1,111.720,900.64,0.14,0.19,3.30,1.7694558221182,448.84,0.040,0,0,0,0.204153403639793
191747.440,16,42.88,254.9,24°52.879692 N,46°39.485286 E,0,1,0,0,695.05,0.79,2,122949.000,1,111.760,901.11,0.04,0.11,3.31,1.84688571228692,338.99,0.040,0,0,0,0.162116602063179
191747.480,16,42.97,255.0,24°52.879626 N,46°39.485010 E,0,1,0,0,695.06,0.86,2,122982.000,1,111.800,901.59,-0.05,0.06,3.32,2.0105647732297,398.41,0.040,0,0,0,0.11289019882679
191747.520,16,43.06,254.9,24°52.879560 N,46°39.484734 E,0,1,0,0,695.07,0.86,2,123015.000,1,111.840,902.07,0.05,0.06,3.33,2.0066889632107,476.42,0.040,0,0,0,0.0902399271726608
191747.560,16,43.40,254.5,24°52.879488 N,46°39.484458 E,0,1,0,0,695.07,0.86,2,123082.000,1,111.880,902.55,0.21,0.24,3.34,1.99087515553712,389.13,0.040,0,0,0,0.176745399832726
191747.600,16,43.78,254.1,24°52.879410 N,46°39.484182 E,0,1,0,0,695.07,0.86,2,123115.000,1,111.920,903.03,0.23,0.27,3.34,1.97336865906859,298.43,0.040,0,0,0,0.239756301045418
191747.640,16,43.99,253.9,24°52.879338 N,46°39.483900 E,0,1,0,0,695.07,0.86,2,123149.000,1,111.960,903.52,0.12,0.15,3.35,1.96417204692189,228.04,0.040,0,0,0,0.209491893649101
191747.680,16,44.04,253.6,24°52.879260 N,46°39.483624 E,0,1,0,0,695.08,0.86,2,123182.000,1,112.000,904.01,0.14,0.04,3.36,1.96189740911465,205.85,0.040,0,0,0,0.155156806111336
191747.720,16,43.99,253.4,24°52.879188 N,46°39.483342 E,0,1,0,0,695.08,0.90,2,123215.000,1,112.040,904.50,0.11,-0.04,3.37,2.04601254887697,211.72,0.040,0,0,0,0.11599700152874
191747.760,16,44.08,253.2,24°52.879110 N,46°39.483066 E,0,1,0,0,695.09,0.94,2,123282.000,1,112.080,904.99,0.10,0.06,3.38,2.12365286443562,195.58,0.040,0,0,0,0.11877279728651
191747.800,16,44.31,252.7,24°52.879026 N,46°39.482784 E,0,1,0,0,695.10,0.97,2,123315.000,1,112.120,905.48,0.29,0.17,3.39,2.19353673948366,150.11,0.040,0,0,0,0.181504607200623
191747.840,16,44.54,252.1,24°52.878942 N,46°39.482508 E,0,1,0,0,695.10,0.97,2,123349.000,1,112.160,905.97,0.32,0.16,3.40,2.18250404167415,121.72,0.040,0,0,0,0.223563998937607
191747.880,16,44.86,251.6,24°52.878852 N,46°39.482226 E,0,1,0,0,695.11,0.97,2,123382.000,1,112.200,906.47,0.29,0.23,3.41,2.16659608140338,107.00,0.040,0,0,0,0.271625310182571
191747.920,16,45.00,251.1,24°52.878762 N,46°39.481944 E,0,1,0,0,695.12,1.01,2,123415.000,1,112.240,906.97,0.26,0.09,3.42,2.24019912881145,99.76,0.040,0,0,0,0.253852903842926
191747.960,16,44.96,250.8,24°52.878672 N,46°39.481668 E,0,1,0,0,695.12,1.04,2,123482.000,1,112.280,907.47,0.21,-0.03,3.43,2.3220640569395,95.75,0.040,0,0,0,0.219334498047829
191748.000,16,44.95,250.6,24°52.878582 N,46°39.481386 E,0,1,0,0,695.13,1.04,2,123515.000,1,112.320,907.97,0.11,0.00,3.45,2.3224256445621,97.19,0.040,0,0,0,0.194141194224358
191748.040,16,44.89,250.3,24°52.878492 N,46°39.481110 E,0,1,0,0,695.13,1.08,2,123549.000,1,112.360,908.47,0.14,-0.04,3.46,2.40577385725742,93.09,0.040,0,0,0,0.18262679874897
191748.080,16,44.90,250.0,24°52.878396 N,46°39.480834 E,0,1,0,0,695.14,1.08,2,123582.000,1,112.400,908.96,0.20,0.00,3.47,2.4055595153243,84.88,0.040,0,0,0,0.184983298182487
191748.120,16,44.84,249.4,24°52.878300 N,46°39.480558 E,0,1,0,0,695.14,1.08,2,123615.000,1,112.440,909.46,0.33,-0.04,3.48,2.40867121637896,77.15,0.040,0,0,0,0.215320095419884
191748.160,15,44.82,248.9,24°52.878204 N,46°39.480282 E,0,1,0,0,695.14,1.08,2,123682.000,1,112.480,909.96,0.27,-0.01,3.49,2.40963855421687,75.89,0.040,0,0,0,0.225142002105713
191748.200,15,44.76,248.3,24°52.878102 N,46°39.480012 E,0,1,0,0,695.14,1.12,2,123715.000,1,112.520,910.46,0.31,-0.04,3.50,2.49335329207534,73.99,0.040,0,0,0,0.243146002292633
191748.240,15,44.78,247.9,24°52.877994 N,46°39.479736 E,0,1,0,0,695.15,1.12,2,123749.000,1,112.560,910.96,0.24,0.01,3.52,2.49218401071907,71.50,0.040,0,0,0,0.240531399846077
191748.280,15,44.94,247.5,24°52.877892 N,46°39.479466 E,0,1,0,0,695.15,1.12,2,123782.000,1,112.600,911.45,0.19,0.11,3.53,2.48320056962307,70.57,0.040,0,0,0,0.237356603145599
191748.320,15,44.77,247.2,24°52.877784 N,46°39.479196 E,0,1,0,0,695.15,1.15,2,123815.000,1,112.640,911.95,0.20,-0.12,3.54,2.57297925088781,68.45,0.040,0,0,0,0.227530896663666
191748.360,15,44.67,246.9,24°52.877676 N,46°39.478926 E,0,1,0,0,695.15,1.15,2,123882.000,1,112.680,912.45,0.16,-0.07,3.55,2.57879656160458,67.21,0.040,0,0,0,0.218046501278877
191748.400,16,44.68,246.5,24°52.877568 N,46°39.478656 E,0,1,0,0,695.15,1.12,2,123915.000,1,112.720,912.95,0.23,0.01,3.57,2.49759416332834,68.48,0.040,0,0,0,0.217052698135376
191748.440,16,44.72,246.1,24°52.877460 N,46°39.478386 E,0,1,0,0,695.15,1.12,2,123949.000,1,112.760,913.44,0.18,0.02,3.58,2.49575096162447,71.36,0.040,0,0,0,0.208710297942162
191748.480,16,44.58,245.5,24°52.877346 N,46°39.478122 E,0,1,0,0,695.15,1.15,2,123982.000,1,112.800,913.94,0.34,-0.09,3.59,2.58400251222466,69.94,0.040,0,0,0,0.240129396319389
191748.520,16,44.42,244.9,24°52.877226 N,46°39.477858 E,0,1,0,0,695.16,1.19,2,124015.000,1,112.840,914.43,0.34,-0.11,3.60,2.67447095902746,67.94,0.040,0,0,0,0.269217312335968
191748.560,16,44.47,244.6,24°52.877112 N,46°39.477594 E,0,1,0,0,695.16,1.19,2,124082.000,1,112.880,914.93,0.15,0.04,3.62,2.67122363628187,69.27,0.040,0,0,0,0.235416799783707
191748.600,16,44.45,244.2,24°52.876998 N,46°39.477330 E,0,1,0,0,695.16,1.19,2,124115.000,1,112.920,915.42,0.23,-0.01,3.63,2.67248554653229,66.92,0.040,0,0,0,0.234112694859505
191748.640,16,44.49,243.8,24°52.876872 N,46°39.477072 E,0,1,0,0,695.16,1.19,2,124149.000,1,112.960,915.92,0.24,0.02,3.64,2.67056311116107,65.13,0.040,0,0,0,0.23462750017643
191748.680,16,44.51,243.5,24°52.876752 N,46°39.476808 E,0,1,0,0,695.16,1.19,2,124182.000,1,113.000,916.41,0.16,0.02,3.66,2.66906313188048,65.76,0.040,0,0,0,0.220127701759338
191748.720,16,44.51,243.2,24°52.876632 N,46°39.476550 E,0,1,0,0,695.16,1.19,2,124215.000,1,113.040,916.90,0.16,0.00,3.67,2.66882329154873,68.98,0.040,0,0,0,0.208690404891968
191748.760,16,44.42,243.0,24°52.876512 N,46°39.476286 E,0,1,0,0,695.17,1.22,2,124282.000,1,113.080,917.40,0.10,-0.07,3.68,2.75551553354345,72.42,0.040,0,0,0,0.188352197408676
191748.800,16,44.35,242.8,24°52.876386 N,46°39.476028 E,0,1,0,0,695.18,1.26,2,124315.000,1,113.120,917.89,0.11,-0.05,3.70,2.84116532876342,77.11,0.040,0,0,0,0.174652606248856
191748.840,16,44.22,242.6,24°52.876266 N,46°39.475770 E,0,1,0,0,695.19,1.26,2,124349.000,1,113.160,918.38,0.11,-0.09,3.71,2.84926054904798,80.16,0.040,0,0,0,0.171024993062019
191748.880,16,44.09,242.3,24°52.876140 N,46°39.475518 E,0,1,0,0,695.19,1.26,2,124382.000,1,113.200,918.87,0.16,-0.09,3.72,2.85759644387998,80.93,0.040,0,0,0,0.176091194152832
191748.920,16,44.01,242.1,24°52.876014 N,46°39.475266 E,0,1,0,0,695.19,1.26,2,124415.000,1,113.240,919.36,0.12,-0.06,3.74,2.86324592101077,82.97,0.040,0,0,0,0.16603609919548
191748.960,16,44.01,241.9,24°52.875888 N,46°39.475008 E,0,0,0,0,695.19,1.26,1,124482.000,1,113.280,919.85,0.10,0.01,3.75,2.86272549643295,84.81,0.040,0,0,0,0.143449693918228
191749.000,16,43.82,242.2,24°52.875768 N,46°39.474756 E,0,0,0,0,695.18,1.22,1,124515.000,1,113.320,920.34,-0.13,-0.14,3.76,2.79330883863164,97.36,0.040,0,0,0,0.120967298746109
191749.040,16,43.74,242.3,24°52.875642 N,46°39.474504 E,0,1,0,0,695.18,1.22,2,124549.000,1,113.360,920.83,-0.06,-0.05,3.78,2.79809802487198,108.19,0.040,0,0,0,0.0896350666880608
191749.080,16,43.78,242.5,24°52.875522 N,46°39.474246 E,0,0,0,0,695.18,1.22,1,124582.000,1,113.400,921.31,-0.12,0.02,3.79,2.79605263157895,138.47,0.040,0,0,0,0.0317826792597771
191749.120,16,43.75,242.4,24°52.875402 N,46°39.473994 E,0,0,0,0,695.18,1.22,1,124615.000,1,113.440,921.80,0.03,-0.02,3.81,2.79765033942081,169.83,0.040,0,0,0,0.0316760018467903
191749.160,16,43.68,242.2,24°52.875276 N,46°39.473742 E,0,0,0,0,695.19,1.22,1,124682.000,1,113.480,922.29,0.13,-0.05,3.82,2.80206950231216,170.61,0.040,0,0,0,0.0576458387076855
191749.200,16,43.61,242.2,24°52.875150 N,46°39.473490 E,0,1,0,0,695.19,1.22,2,124715.000,1,113.520,922.77,0.02,-0.05,3.83,2.80643829962856,201.59,0.040,0,0,0,0.0584149397909641
191749.240,16,43.62,242.2,24°52.875030 N,46°39.473238 E,0,1,0,0,695.19,1.22,2,124749.000,1,113.560,923.25,-0.04,0.00,3.85,2.80618093447659,266.83,0.040,0,0,0,0.0320308096706867
191749.280,16,43.66,242.5,24°52.874904 N,46°39.472980 E,0,1,0,0,695.19,1.22,2,124782.000,1,113.600,923.74,-0.14,0.03,3.86,2.80322462440454,416.96,0.040,0,0,0,0.0110232504084706
191749.320,16,43.63,242.7,24°52.874790 N,46°39.472728 E,0,1,0,0,695.20,1.22,2,124815.000,1,113.640,924.22,-0.10,-0.02,3.87,2.80528052805281,792.12,0.040,0,0,0,0.0271747093647718
191749.360,16,43.61,242.5,24°52.874664 N,46°39.472476 E,0,1,0,0,695.20,1.26,2,124882.000,1,113.680,924.71,0.07,-0.01,3.89,2.88898060255881,856.96,0.040,0,0,0,0.0121434796601534
191749.400,16,43.61,242.3,24°52.874544 N,46°39.472218 E,0,1,0,0,695.21,1.26,2,124915.000,1,113.720,925.19,0.11,0.00,3.90,2.88944435526406,829.51,0.040,0,0,0,0.0190039798617363
191749.440,16,43.68,242.6,24°52.874424 N,46°39.471966 E,0,1,0,0,695.21,1.26,2,124949.000,1,113.760,925.68,-0.15,0.05,3.92,2.88468142585682,1000.00,0.040,0,0,0,0.0272958800196648
191749.480,16,43.79,243.3,24°52.874304 N,46°39.471708 E,0,1,0,0,695.21,1.26,2,124982.000,1,113.800,926.16,-0.37,0.08,3.93,2.87756640098659,438.76,0.040,0,0,0,0.100000500679016
191749.520,16,43.84,243.9,24°52.874190 N,46°39.471450 E,0,1,0,0,695.21,1.22,2,125015.000,1,113.840,926.65,-0.34,0.04,3.94,2.79171608429888,232.08,0.040,0,0,0,0.144704505801201
191749.560,16,43.90,243.9,24°52.874070 N,46°39.471192 E,0,1,0,0,695.21,1.22,2,125082.000,1,113.880,927.14,0.03,0.04,3.96,2.78847249117212,217.18,0.040,0,0,0,0.112015701830387
191749.600,16,43.58,243.3,24°52.873956 N,46°39.470934 E,0,1,0,0,695.21,1.22,2,125115.000,1,113.920,927.62,0.32,-0.22,3.97,2.80875671210244,379.69,0.040,0,0,0,0.0940105617046356
191749.640,16,43.37,242.8,24°52.873836 N,46°39.470682 E,0,1,0,0,695.23,1.26,2,125149.000,1,113.960,928.11,0.23,-0.15,3.98,2.90503308509902,757.19,0.040,0,0,0,0.122783198952675
191749.680,16,43.16,243.0,24°52.873716 N,46°39.470436 E,0,1,0,0,695.23,1.26,2,125182.000,1,114.000,928.59,-0.06,-0.15,4.00,2.91909924937448,922.12,0.040,0,0,0,0.133836895227432
191749.720,16,43.05,243.7,24°52.873602 N,46°39.470178 E,0,1,0,0,695.22,1.22,2,125215.000,1,114.040,929.07,-0.40,-0.08,4.01,2.84307349252067,323.46,0.040,0,0,0,0.127745807170868
191749.760,16,43.14,244.4,24°52.873494 N,46°39.469926 E,0,1,0,0,695.21,1.19,2,125282.000,1,114.080,929.55,-0.38,0.06,4.03,2.75369709331973,185.16,0.040,0,0,0,0.133689999580383
191749.800,16,43.16,244.8,24°52.873380 N,46°39.469668 E,0,1,0,0,695.20,1.15,2,125315.000,1,114.120,930.03,-0.21,0.02,4.04,2.66889074228524,155.60,0.040,0,0,0,0.146726801991463
191749.840,16,43.16,244.5,24°52.873266 N,46°39.469416 E,0,1,0,0,695.21,1.15,2,125349.000,1,114.160,930.51,0.14,0.00,4.05,2.66932363231921,178.25,0.040,0,0,0,0.0889786705374718
191749.880,16,43.16,244.2,24°52.873152 N,46°39.469158 E,0,1,0,0,695.22,1.19,2,125382.000,1,114.200,930.99,0.19,0.00,4.07,2.75273999582918,245.31,0.040,0,0,0,0.032380398362875
191749.920,16,43.21,244.1,24°52.873038 N,46°39.468906 E,0,1,0,0,695.23,1.19,2,125415.000,1,114.240,931.46,0.03,0.04,4.08,2.74929994677281,284.38,0.040,0,0,0,0.0271773803979158
191749.960,16,43.29,244.6,24°52.872924 N,46°39.468648 E,0,1,0,0,695.23,1.22,2,125482.000,1,114.280,931.95,-0.23,0.06,4.09,2.82744282744283,204.95,0.040,0,0,0,0.072681613266468
191750.000,16,43.43,245.2,24°52.872816 N,46°39.468384 E,0,1,0,0,695.24,1.22,2,125515.000,1,114.320,932.43,-0.36,0.10,4.11,2.81806879403233,143.67,0.040,0,0,0,0.139537796378136
191750.040,16,43.60,245.2,24°52.872708 N,46°39.468126 E,0,1,0,0,695.24,1.22,2,125549.000,1,114.360,932.91,-0.01,0.12,4.12,2.80733944954128,158.55,0.040,0,0,0,0.136265993118286
191750.080,16,43.70,245.4,24°52.872600 N,46°39.467862 E,0,1,0,0,695.25,1.22,2,125582.000,1,114.400,933.40,-0.09,0.07,4.13,2.80110762752592,197.11,0.040,0,0,0,0.127215296030045
191750.120,16,43.74,245.8,24°52.872492 N,46°39.467604 E,0,1,0,0,695.26,1.22,2,125615.000,1,114.440,933.88,-0.22,0.03,4.15,2.79860984086336,220.28,0.040,0,0,0,0.133887499570847
191750.160,16,43.67,246.2,24°52.872390 N,46°39.467340 E,0,1,0,0,695.26,1.26,2,125682.000,1,114.480,934.37,-0.20,-0.05,4.16,2.88540807914262,179.51,0.040,0,0,0,0.138372406363487
191750.200,16,43.36,246.5,24°52.872282 N,46°39.467082 E,0,1,0,0,695.27,1.26,2,125715.000,1,114.520,934.85,-0.14,-0.22,4.17,2.90603810138844,130.32,0.040,0,0,0,0.175466299057007
191750.240,16,43.29,246.9,24°52.872180 N,46°39.466818 E,0,1,0,0,695.27,1.22,2,125749.000,1,114.560,935.33,-0.24,-0.05,4.19,2.82770410756365,101.94,0.040,0,0,0,0.176613792777061
191750.280,16,43.29,247.1,24°52.872078 N,46°39.466560 E,0,1,0,0,695.27,1.22,2,125782.000,1,114.600,935.81,-0.11,0.01,4.20,2.82718159560216,100.01,0.040,0,0,0,0.152030497789383
191750.320,16,43.19,247.1,24°52.871976 N,46°39.466302 E,0,1,0,0,695.28,1.22,2,125815.000,1,114.640,936.29,-0.03,-0.07,4.21,2.83379251267566,120.43,0.040,0,0,0,0.134944006800652
191750.360,16,43.02,247.0,24°52.871874 N,46°39.466044 E,0,1,0,0,695.28,1.22,2,125882.000,1,114.680,936.77,0.06,-0.12,4.23,2.84518828451883,157.04,0.040,0,0,0,0.124498896300793
191750.400,16,42.84,247.4,24°52.871778 N,46°39.465780 E,0,1,0,0,695.28,1.19,2,125915.000,1,114.720,937.25,-0.21,-0.13,4.24,2.77310924369748,155.84,0.040,0,0,0,0.155449405312538
191750.440,16,42.72,247.7,24°52.871682 N,46°39.465522 E,0,1,0,0,695.28,1.19,2,125949.000,1,114.760,937.72,-0.14,-0.09,4.25,2.78102907439487,128.85,0.040,0,0,0,0.153309896588326
191750.480,16,42.73,247.9,24°52.871586 N,46°39.465264 E,0,1,0,0,695.29,1.22,2,125982.000,1,114.800,938.20,-0.13,0.00,4.27,2.86483323581042,108.25,0.040,0,0,0,0.128582507371902
191750.520,16,42.90,248.0,24°52.871490 N,46°39.465000 E,0,1,0,0,695.29,1.22,2,126015.000,1,114.840,938.68,-0.04,0.12,4.28,2.85327987318756,105.04,0.040,0,0,0,0.111083298921585
191750.560,16,43.23,248.2,24°52.871388 N,46°39.464736 E,0,1,0,0,695.30,1.22,2,126082.000,1,114.880,939.15,-0.10,0.23,4.30,2.8316946211683,112.75,0.040,0,0,0,0.170542702078819
191750.600,16,43.37,248.3,24°52.871292 N,46°39.464472 E,0,1,0,0,695.31,1.22,2,126115.000,1,114.920,939.63,-0.07,0.10,4.31,2.82248766314624,132.31,0.040,0,0,0,0.152364894747734
191750.640,16,43.18,248.7,24°52.871202 N,46°39.464208 E,0,1,0,0,695.33,1.26,2,126149.000,1,114.960,940.12,-0.19,-0.13,4.32,2.91788245102126,119.14,0.040,0,0,0,0.115749500691891
191750.680,16,42.92,248.9,24°52.871112 N,46°39.463950 E,0,1,0,0,695.34,1.26,2,126182.000,1,115.000,940.59,-0.11,-0.19,4.34,2.93576271581351,117.00,0.040,0,0,0,0.150138005614281
191750.720,16,42.87,249.2,24°52.871022 N,46°39.463686 E,0,1,0,0,695.35,1.30,2,126215.000,1,115.040,941.07,-0.17,-0.03,4.35,3.02295204329166,119.81,0.040,0,0,0,0.141672194004059
191750.760,16,43.03,249.4,24°52.870926 N,46°39.463422 E,0,1,0,0,695.36,1.30,2,126282.000,1,115.080,941.55,-0.07,0.11,4.36,3.01157224520147,129.59,0.040,0,0,0,0.117361299693584
191750.800,16,42.86,249.7,24°52.870836 N,46°39.463158 E,0,1,0,0,695.35,1.26,2,126315.000,1,115.120,942.02,-0.16,-0.12,4.38,2.93966683775839,127.15,0.040,0,0,0,0.133185595273972
191750.840,16,42.49,250.2,24°52.870752 N,46°39.462900 E,0,1,0,0,695.35,1.22,2,126349.000,1,115.160,942.50,-0.30,-0.26,4.39,2.88061001153185,121.30,0.040,0,0,0,0.22226470708847
191750.880,16,42.30,250.8,24°52.870668 N,46°39.462636 E,0,1,0,0,695.35,1.22,2,126382.000,1,115.200,942.97,-0.27,-0.14,4.41,2.8936170212766,110.33,0.040,0,0,0,0.232018604874611
191750.920,16,42.19,251.5,24°52.870590 N,46°39.462372 E,0,1,0,0,695.36,1.22,2,126415.000,1,115.240,943.44,-0.41,-0.08,4.42,2.90150527438663,91.53,0.040,0,0,0,0.253956586122513
191750.960,16,42.02,252.0,24°52.870512 N,46°39.462114 E,0,1,0,0,695.36,1.19,2,126482.000,1,115.280,943.91,-0.21,-0.12,4.43,2.82729241533592,81.59,0.040,0,0,0,0.252576887607574
191751.000,16,42.00,252.0,24°52.870434 N,46°39.461850 E,0,1,0,0,695.36,1.19,2,126515.000,1,115.320,944.37,-0.03,-0.01,4.45,2.82850408323611,87.51,0.040,0,0,0,0.196573093533516
191751.040,16,41.98,252.4,24°52.870356 N,46°39.461592 E,0,1,0,0,695.35,1.15,2,126549.000,1,115.360,944.84,-0.22,-0.02,4.46,2.74442538593482,84.74,0.040,0,0,0,0.196683794260025
191751.080,16,41.97,253.0,24°52.870284 N,46°39.461328 E,0,0,0,0,695.36,1.15,1,126582.000,1,115.400,945.31,-0.28,0.00,4.47,2.74488312802306,79.72,0.040,0,0,0,0.210703402757645
191751.120,16,41.78,253.8,24°52.870218 N,46°39.461064 E,0,1,0,0,695.36,1.15,2,126615.000,1,115.440,945.77,-0.42,-0.14,4.49,2.7574321413184,69.29,0.040,0,0,0,0.263396888971329
191751.160,16,41.50,254.5,24°52.870152 N,46°39.460806 E,0,1,0,0,695.37,1.15,2,126682.000,1,115.480,946.23,-0.36,-0.19,4.50,2.77563608326908,63.33,0.040,0,0,0,0.304403096437454
191751.200,16,41.22,255.1,24°52.870092 N,46°39.460542 E,0,1,0,0,695.37,1.15,2,126715.000,1,115.520,946.69,-0.34,-0.20,4.51,2.79448864738987,57.98,0.040,0,0,0,0.330868899822235
191751.240,16,41.14,255.7,24°52.870032 N,46°39.460284 E,0,1,0,0,695.38,1.15,2,126749.000,1,115.560,947.15,-0.30,-0.06,4.53,2.8001263945942,55.84,0.040,0,0,0,0.310376614332199
191751.280,16,41.10,256.3,24°52.869972 N,46°39.460020 E,0,1,0,0,695.38,1.12,2,126782.000,1,115.600,947.61,-0.28,-0.03,4.54,2.71546060635554,53.21,0.040,0,0,0,0.296541213989258
191751.320,16,40.96,257.3,24°52.869918 N,46°39.459762 E,0,1,0,0,695.38,1.12,2,126815.000,1,115.640,948.06,-0.50,-0.09,4.55,2.72434332584709,48.58,0.040,0,0,0,0.341239809989929
191751.360,16,40.60,258.3,24°52.869870 N,46°39.459498 E,0,1,0,0,695.38,1.12,2,126882.000,1,115.680,948.52,-0.50,-0.25,4.56,2.74849768495715,43.50,0.040,0,0,0,0.401488602161407
191751.400,16,40.31,259.3,24°52.869828 N,46°39.459240 E,0,1,0,0,695.39,1.12,2,126915.000,1,115.720,948.97,-0.50,-0.21,4.58,2.7688185381829,40.02,0.040,0,0,0,0.435642510652542
191751.440,16,40.17,259.8,24°52.869792 N,46°39.458982 E,0,1,0,0,695.40,1.15,2,126949.000,1,115.760,949.41,-0.24,-0.10,4.59,2.8681688036848,40.20,0.040,0,0,0,0.390065312385559
191751.480,16,39.94,260.4,24°52.869750 N,46°39.458724 E,0,1,0,0,695.42,1.15,2,126982.000,1,115.800,949.86,-0.32,-0.16,4.60,2.88418206399279,39.43,0.040,0,0,0,0.384625107049942
191751.520,16,39.79,261.6,24°52.869720 N,46°39.458466 E,0,1,0,0,695.42,1.15,2,127015.000,1,115.840,950.30,-0.57,-0.11,4.61,2.89512703877761,37.84,0.040,0,0,0,0.417520403862
191751.560,16,39.63,262.5,24°52.869690 N,46°39.458214 E,0,1,0,0,695.43,1.15,2,127082.000,1,115.880,950.74,-0.47,-0.12,4.63,2.90725552050473,35.74,0.040,0,0,0,0.429415613412857
191751.600,16,39.55,263.7,24°52.869666 N,46°39.457956 E,0,1,0,0,695.44,1.15,2,127115.000,1,115.920,951.18,-0.54,-0.05,4.64,2.91276864728192,32.46,0.040,0,0,0,0.446360409259796
191751.640,16,39.31,264.4,24°52.869648 N,46°39.457698 E,0,1,0,0,695.46,1.19,2,127149.000,1,115.960,951.62,-0.34,-0.17,4.65,3.02228553983922,31.48,0.040,0,0,0,0.438370913267136
191751.680,16,39.37,265.4,24°52.869630 N,46°39.457440 E,0,1,0,0,695.47,1.22,2,127182.000,1,116.000,952.06,-0.51,0.05,4.66,3.10872933228354,30.22,0.040,0,0,0,0.439716100692749
191751.720,16,39.27,266.6,24°52.869624 N,46°39.457182 E,0,1,0,0,695.47,1.19,2,127215.000,1,116.040,952.50,-0.60,-0.07,4.68,3.02505601955592,29.16,0.040,0,0,0,0.472823798656464
191751.760,16,38.98,267.9,24°52.869618 N,46°39.456930 E,0,1,0,0,695.47,1.19,2,127282.000,1,116.080,952.93,-0.63,-0.20,4.69,3.04740406320542,27.63,0.040,0,0,0,0.51821380853653
191751.800,16,38.78,269.1,24°52.869618 N,46°39.456678 E,0,1,0,0,695.47,1.15,2,127315.000,1,116.120,953.36,-0.53,-0.15,4.70,2.9706800072204,26.60,0.040,0,0,0,0.526014685630798
191751.840,16,38.36,270.1,24°52.869624 N,46°39.456432 E,0,0,0,0,695.47,1.12,1,127349.000,1,116.160,953.79,-0.49,-0.30,4.72,2.90912882540014,25.52,0.040,0,0,0,0.548388481140137
191751.880,16,38.23,271.3,24°52.869630 N,46°39.456180 E,0,0,0,0,695.48,1.15,1,127382.000,1,116.200,954.22,-0.57,-0.09,4.73,3.01349795961076,24.33,0.040,0,0,0,0.539908885955811
191751.920,16,38.27,272.0,24°52.869642 N,46°39.455928 E,0,0,0,0,695.48,1.15,1,127415.000,1,116.240,954.64,-0.33,0.03,4.74,3.01034807149577,24.83,0.040,0,0,0,0.484742701053619
191751.960,16,38.02,273.0,24°52.869660 N,46°39.455682 E,0,1,0,0,695.49,1.15,2,127482.000,1,116.280,955.07,-0.48,-0.18,4.76,3.02998421883219,24.63,0.040,0,0,0,0.494299113750458
191752.000,16,37.97,274.6,24°52.869678 N,46°39.455436 E,0,1,0,0,695.48,1.12,2,127515.000,1,116.320,955.49,-0.73,-0.04,4.77,2.93947215930043,23.70,0.040,0,0,0,0.536519706249237
191752.040,16,37.48,275.6,24°52.869708 N,46°39.455196 E,0,1,0,0,695.49,1.12,2,127549.000,1,116.360,955.91,-0.46,-0.34,4.78,2.97734973187845,22.66,0.040,0,0,0,0.557870805263519
191752.080,16,37.86,277.3,24°52.869738 N,46°39.454950 E,0,1,0,0,695.48,1.04,2,127582.000,1,116.400,956.33,-0.80,0.27,4.79,2.75767341116805,21.44,0.040,0,0,0,0.573725581169128
191752.120,16,37.69,278.2,24°52.869774 N,46°39.454710 E,0,1,0,0,695.49,1.08,2,127615.000,1,116.440,956.74,-0.41,-0.12,4.81,2.86563362343451,21.72,0.040,0,0,0,0.541494309902191
191752.160,16,37.53,278.9,24°52.869816 N,46°39.454464 E,0,1,0,0,695.50,1.08,2,127682.000,1,116.480,957.16,-0.37,-0.11,4.82,2.87739116534342,21.86,0.040,0,0,0,0.510698914527893
191752.200,16,37.43,280.4,24°52.869864 N,46°39.454224 E,0,1,0,0,695.50,1.08,2,127715.000,1,116.520,957.58,-0.66,-0.07,4.83,2.88515480992707,21.38,0.040,0,0,0,0.540877878665924
191752.240,16,36.79,281.7,24°52.869912 N,46°39.453996 E,0,1,0,0,695.50,1.08,2,127749.000,1,116.560,957.99,-0.59,-0.45,4.84,2.93542074363992,20.30,0.040,0,0,0,0.607307076454163
191752.280,16,36.55,282.8,24°52.869960 N,46°39.453768 E,0,1,0,0,695.50,1.08,2,127782.000,1,116.600,958.40,-0.53,-0.17,4.85,2.95453301964217,20.02,0.040,0,0,0,0.585577428340912
191752.320,16,36.79,284.1,24°52.870020 N,46°39.453534 E,0,1,0,0,695.52,1.12,2,127815.000,1,116.640,958.81,-0.57,0.16,4.87,3.0338453173848,20.12,0.040,0,0,0,0.549751281738281
191752.360,16,36.75,285.3,24°52.870086 N,46°39.453300 E,0,1,0,0,695.52,1.12,2,127882.000,1,116.680,959.22,-0.55,-0.02,4.88,3.03656943839791,20.21,0.040,0,0,0,0.55014032125473
191752.400,16,36.85,286.6,24°52.870152 N,46°39.453072 E,0,0,0,0,695.53,1.12,1,127915.000,1,116.720,959.62,-0.57,0.07,4.89,3.02849389416554,20.09,0.040,0,0,0,0.554663598537445
191752.440,16,36.87,287.7,24°52.870224 N,46°39.452844 E,0,0,0,0,695.53,1.12,1,127949.000,1,116.760,960.03,-0.50,0.01,4.90,3.02676900545144,20.03,0.040,0,0,0,0.543155610561371
191752.480,16,36.62,288.5,24°52.870296 N,46°39.452616 E,0,1,0,0,695.54,1.12,2,127982.000,1,116.800,960.44,-0.40,-0.18,4.92,3.04726537967944,20.28,0.040,0,0,0,0.519816100597382
191752.520,16,36.46,289.7,24°52.870374 N,46°39.452394 E,0,1,0,0,695.54,1.08,2,128015.000,1,116.840,960.85,-0.52,-0.11,4.93,2.9620690600916,19.68,0.040,0,0,0,0.523814082145691
191752.560,16,36.55,291.1,24°52.870458 N,46°39.452172 E,0,0,0,0,695.55,1.08,1,128082.000,1,116.880,961.25,-0.63,0.07,4.94,2.95453301964217,19.31,0.040,0,0,0,0.538617312908173
191752.600,16,36.46,292.4,24°52.870548 N,46°39.451956 E,0,0,0,0,695.57,1.12,1,128115.000,1,116.920,961.66,-0.57,-0.07,4.95,3.06114052171051,19.58,0.040,0,0,0,0.546584486961365
191752.640,16,36.64,293.6,24°52.870638 N,46°39.451734 E,0,0,0,0,695.58,1.15,1,128149.000,1,116.960,962.07,-0.56,0.13,4.96,3.14401899511476,19.42,0.040,0,0,0,0.549154579639435
191752.680,16,36.72,294.6,24°52.870734 N,46°39.451518 E,0,0,0,0,695.58,1.15,1,128182.000,1,117.000,962.47,-0.44,0.06,4.98,3.13725490196078,20.30,0.040,0,0,0,0.528026700019836
191752.720,16,36.63,295.4,24°52.870830 N,46°39.451302 E,0,0,0,0,695.59,1.15,1,128215.000,1,117.040,962.88,-0.39,-0.06,4.99,3.14496314496314,20.25,0.040,0,0,0,0.499498009681702
191752.760,16,36.58,296.4,24°52.870932 N,46°39.451092 E,0,0,0,0,695.60,1.15,1,128282.000,1,117.080,963.29,-0.44,-0.04,5.00,3.14926189174412,20.01,0.040,0,0,0,0.487657785415649
191752.800,16,36.55,297.5,24°52.871034 N,46°39.450882 E,0,0,0,0,695.61,1.15,1,128315.000,1,117.120,963.69,-0.50,-0.02,5.01,3.15150188761832,20.37,0.040,0,0,0,0.490237802267075
191752.840,16,36.67,298.7,24°52.871142 N,46°39.450672 E,0,0,0,0,695.62,1.15,1,128349.000,1,117.160,964.10,-0.55,0.08,5.03,3.14187530682376,20.53,0.040,0,0,0,0.503243029117584
191752.880,16,36.49,300.2,24°52.871256 N,46°39.450468 E,0,0,0,0,695.62,1.15,1,128382.000,1,117.200,964.51,-0.69,-0.12,5.04,3.15676979146686,20.03,0.040,0,0,0,0.541339218616486
191752.920,16,36.81,301.6,24°52.871382 N,46°39.450264 E,0,0,0,0,695.63,1.15,1,128415.000,1,117.240,964.91,-0.64,0.22,5.05,3.1299244688366,20.03,0.040,0,0,0,0.565505087375641
191752.960,16,36.89,302.5,24°52.871502 N,46°39.450066 E,0,0,0,0,695.64,1.15,1,128482.000,1,117.280,965.32,-0.37,0.06,5.07,3.12254357195132,20.54,0.040,0,0,0,0.526679515838623
191753.000,16,36.89,303.2,24°52.871622 N,46°39.449862 E,0,0,0,0,695.65,1.15,1,128515.000,1,117.320,965.73,-0.33,0.00,5.08,3.12254357195132,21.20,0.040,0,0,0,0.4848592877388
191753.040,16,36.91,303.8,24°52.871748 N,46°39.449664 E,0,0,0,0,695.66,1.15,1,128549.000,1,117.360,966.14,-0.28,0.01,5.09,3.12135909177121,21.83,0.040,0,0,0,0.443466514348984
191753.080,16,37.10,305.0,24°52.871880 N,46°39.449466 E,0,0,0,0,695.67,1.15,1,128582.000,1,117.400,966.55,-0.55,0.14,5.10,3.10495391084039,21.52,0.040,0,0,0,0.471267312765121
191753.120,16,37.21,306.6,24°52.872018 N,46°39.449274 E,0,0,0,0,695.68,1.19,1,128615.000,1,117.440,966.97,-0.71,0.07,5.12,3.19303338171263,21.07,0.040,0,0,0,0.519631326198578
191753.160,16,37.23,307.9,24°52.872162 N,46°39.449088 E,0,0,0,0,695.69,1.19,1,128682.000,1,117.480,967.38,-0.62,0.02,5.13,3.19114644890942,21.16,0.040,0,0,0,0.536424517631531
191753.200,16,37.05,309.1,24°52.872306 N,46°39.448902 E,0,0,0,0,695.70,1.15,1,128715.000,1,117.520,967.79,-0.57,-0.13,5.14,3.10922782111144,21.08,0.040,0,0,0,0.543273210525513
191753.240,16,37.00,309.9,24°52.872450 N,46°39.448722 E,0,0,0,0,695.71,1.15,1,128749.000,1,117.560,968.20,-0.33,-0.03,5.16,3.11317695384283,21.72,0.040,0,0,0,0.500385284423828
191753.280,16,36.81,311.0,24°52.872594 N,46°39.448542 E,0,1,0,0,695.72,1.19,2,128782.000,1,117.600,968.61,-0.52,-0.14,5.17,3.22738386308068,21.38,0.040,0,0,0,0.510136127471924
191753.320,16,36.86,312.6,24°52.872750 N,46°39.448368 E,0,1,0,0,695.73,1.19,2,128815.000,1,117.640,969.02,-0.71,0.04,5.18,3.22265625,20.56,0.040,0,0,0,0.54459011554718
191753.360,16,37.15,313.9,24°52.872912 N,46°39.448200 E,0,1,0,0,695.73,1.15,2,128882.000,1,117.680,969.44,-0.61,0.20,5.20,3.10077519379845,20.30,0.040,0,0,0,0.564164280891418
191753.400,16,37.42,314.8,24°52.873074 N,46°39.448026 E,0,0,0,0,695.74,1.15,1,128915.000,1,117.720,969.85,-0.41,0.19,5.21,3.07840307840308,20.71,0.040,0,0,0,0.545504689216614
191753.440,16,37.49,315.7,24°52.873236 N,46°39.447858 E,0,0,0,0,695.74,1.15,1,128949.000,1,117.760,970.27,-0.42,0.05,5.22,3.07249159865578,21.13,0.040,0,0,0,0.514584422111511
191753.480,16,37.56,316.2,24°52.873404 N,46°39.447690 E,0,0,0,0,695.76,1.15,1,128982.000,1,117.800,970.68,-0.24,0.05,5.23,3.06717431241513,22.50,0.040,0,0,0,0.458961606025696
191753.520,16,37.44,316.8,24°52.873566 N,46°39.447522 E,0,0,0,0,695.77,1.19,1,129015.000,1,117.840,971.10,-0.27,-0.09,5.25,3.17341596324394,23.62,0.040,0,0,0,0.417482107877731
191753.560,16,37.41,317.9,24°52.873740 N,46°39.447366 E,0,0,0,0,695.78,1.19,1,129082.000,1,117.880,971.52,-0.53,-0.02,5.26,3.17579127459367,23.08,0.040,0,0,0,0.440931290388107
191753.600,16,37.45,319.6,24°52.873914 N,46°39.447210 E,0,1,0,0,695.78,1.15,2,129115.000,1,117.920,971.93,-0.79,0.03,5.27,3.07601933192705,21.74,0.040,0,0,0,0.510257184505463
191753.640,16,37.70,321.2,24°52.874094 N,46°39.447060 E,0,1,0,0,695.77,1.08,2,129149.000,1,117.960,972.35,-0.74,0.18,5.29,2.86449354162799,20.65,0.040,0,0,0,0.564862906932831
191753.680,16,37.93,322.5,24°52.874280 N,46°39.446916 E,0,0,0,0,695.76,1.04,1,129182.000,1,118.000,972.77,-0.58,0.16,5.30,2.75243870287371,20.74,0.040,0,0,0,0.575225174427032
191753.720,16,37.92,323.2,24°52.874460 N,46°39.446772 E,0,0,0,0,695.76,1.04,1,129215.000,1,118.040,973.19,-0.33,-0.01,5.31,2.75352762758803,21.78,0.040,0,0,0,0.518266320228577
191753.760,16,37.91,324.0,24°52.874646 N,46°39.446628 E,0,0,0,0,695.76,1.01,1,129282.000,1,118.080,973.61,-0.39,0.00,5.32,2.65906932573599,22.46,0.040,0,0,0,0.490958213806152
191753.800,16,38.07,324.9,24°52.874838 N,46°39.446490 E,0,0,0,0,695.77,1.01,1,129315.000,1,118.120,974.03,-0.41,0.11,5.33,2.64775413711584,23.09,0.040,0,0,0,0.479597896337509
191753.840,16,38.19,326.1,24°52.875030 N,46°39.446352 E,0,1,0,0,695.77,1.01,2,129349.000,1,118.160,974.46,-0.56,0.08,5.35,2.63978001833181,22.50,0.040,0,0,0,0.496679693460464
191753.880,16,38.48,327.4,24°52.875228 N,46°39.446220 E,0,1,0,0,695.78,1.01,2,129382.000,1,118.200,974.88,-0.65,0.21,5.36,2.61927034611787,22.35,0.040,0,0,0,0.543016791343689
191753.920,16,38.56,328.9,24°52.875432 N,46°39.446100 E,0,1,0,0,695.78,0.97,2,129415.000,1,118.240,975.31,-0.69,0.05,5.37,2.52100840336134,22.53,0.040,0,0,0,0.566084384918213
191753.960,16,38.69,330.1,24°52.875636 N,46°39.445980 E,0,1,0,0,695.77,0.94,2,129482.000,1,118.280,975.74,-0.58,0.10,5.38,2.41904220401623,22.78,0.040,0,0,0,0.569727420806885
191754.000,16,38.73,331.3,24°52.875840 N,46°39.445866 E,0,1,0,0,695.77,0.90,2,129515.000,1,118.320,976.17,-0.59,0.03,5.39,2.32384001652508,22.32,0.040,0,0,0,0.56984668970108
191754.040,16,38.89,332.2,24°52.876050 N,46°39.445752 E,0,1,0,0,695.77,0.90,2,129549.000,1,118.360,976.60,-0.42,0.11,5.40,2.31439812790907,22.44,0.040,0,0,0,0.545045018196106
191754.080,15,38.98,332.9,24°52.876260 N,46°39.445638 E,0,0,0,0,695.78,0.90,1,129582.000,1,118.400,977.03,-0.35,0.07,5.41,2.30881711603089,22.24,0.040,0,0,0,0.505666613578796
191754.120,16,39.20,333.6,24°52.876476 N,46°39.445524 E,0,1,0,0,695.79,0.90,2,129615.000,1,118.440,977.47,-0.31,0.15,5.42,2.29609408883333,22.29,0.040,0,0,0,0.476446509361267
191754.160,16,39.48,334.5,24°52.876692 N,46°39.445416 E,0,1,0,0,695.79,0.86,2,129682.000,1,118.480,977.91,-0.43,0.20,5.43,2.18839441756794,22.82,0.040,0,0,0,0.482849508523941
191754.200,16,39.67,334.9,24°52.876908 N,46°39.445308 E,0,1,0,0,695.80,0.86,2,129715.000,1,118.520,978.35,-0.23,0.13,5.44,2.17807804779671,24.76,0.040,0,0,0,0.436704605817795
191754.240,16,39.85,335.4,24°52.877130 N,46°39.445200 E,0,1,0,0,695.80,0.83,2,129749.000,1,118.560,978.79,-0.25,0.13,5.45,2.07805245325637,26.78,0.040,0,0,0,0.403123110532761
191754.280,16,40.13,335.9,24°52.877352 N,46°39.445092 E,0,1,0,0,695.81,0.83,2,129782.000,1,118.600,979.23,-0.21,0.20,5.46,2.0634999750785,28.59,0.040,0,0,0,0.383859992027283
191754.320,16,40.33,336.4,24°52.877580 N,46°39.444990 E,0,1,0,0,695.82,0.83,2,129815.000,1,118.640,979.68,-0.27,0.15,5.47,2.05285863043586,29.11,0.040,0,0,0,0.365403294563293
191754.360,16,40.50,337.0,24°52.877802 N,46°39.444888 E,0,1,0,0,695.82,0.83,2,129882.000,1,118.680,980.13,-0.30,0.11,5.48,2.04464638482813,29.74,0.040,0,0,0,0.351978689432144
191754.400,16,40.70,337.2,24°52.878030 N,46°39.444786 E,0,0,0,0,695.83,0.79,1,129915.000,1,118.720,980.58,-0.09,0.15,5.49,1.94585032676527,31.57,0.040,0,0,0,0.311800599098206
191754.440,16,40.91,337.3,24°52.878258 N,46°39.444678 E,0,1,0,0,695.84,0.79,2,129949.000,1,118.760,981.03,-0.06,0.15,5.50,1.93576770787505,34.74,0.040,0,0,0,0.275610893964767
191754.480,16,41.16,337.4,24°52.878492 N,46°39.444576 E,0,1,0,0,695.85,0.79,2,129982.000,1,118.800,981.49,-0.04,0.18,5.51,1.92410475681454,39.53,0.040,0,0,0,0.252472102642059
191754.520,16,41.44,337.8,24°52.878726 N,46°39.444474 E,0,1,0,0,695.85,0.79,2,130015.000,1,118.840,981.95,-0.21,0.19,5.52,1.91138140747176,44.52,0.040,0,0,0,0.264831185340881
191754.560,16,41.46,338.0,24°52.878954 N,46°39.444372 E,0,1,0,0,695.86,0.79,2,130082.000,1,118.880,982.41,-0.12,0.02,5.52,1.91022888980005,50.07,0.040,0,0,0,0.205137893557549
191754.600,16,41.64,338.0,24°52.879188 N,46°39.444270 E,0,1,0,0,695.87,0.76,2,130115.000,1,118.920,982.87,0.01,0.13,5.53,1.81564916662664,59.75,0.040,0,0,0,0.180175706744194
191754.640,16,41.86,338.1,24°52.879428 N,46°39.444168 E,0,1,0,0,695.88,0.76,2,130148.000,1,118.960,983.33,-0.05,0.16,5.54,1.80614950904269,68.17,0.040,0,0,0,0.181268498301506
191754.680,16,42.00,338.1,24°52.879662 N,46°39.444060 E,0,1,0,0,695.88,0.76,2,130182.000,1,119.000,983.80,-0.03,0.10,5.55,1.79995714387753,77.12,0.040,0,0,0,0.15723280608654
191754.720,16,42.26,338.0,24°52.879902 N,46°39.443952 E,0,1,0,0,695.90,0.76,2,130215.000,1,119.040,984.27,0.05,0.18,5.56,1.78892569805963,90.65,0.040,0,0,0,0.167197793722153
191754.760,16,42.46,338.4,24°52.880142 N,46°39.443850 E,0,1,0,0,695.90,0.76,2,130282.000,1,119.080,984.74,-0.19,0.14,5.57,1.78058316453907,103.27,0.040,0,0,0,0.174107104539871
191754.800,16,42.65,338.4,24°52.880382 N,46°39.443748 E,0,1,0,0,695.91,0.76,2,130315.000,1,119.120,985.21,-0.03,0.13,5.58,1.77273366787037,116.06,0.040,0,0,0,0.161799892783165
191754.840,16,42.91,338.5,24°52.880622 N,46°39.443646 E,0,1,0,0,695.91,0.76,2,130348.000,1,119.160,985.69,-0.03,0.18,5.58,1.76203239715651,133.94,0.040,0,0,0,0.176918193697929
191754.880,16,43.01,338.5,24°52.880862 N,46°39.443544 E,0,1,0,0,695.92,0.76,2,130382.000,1,119.200,986.16,0.02,0.08,5.59,1.75760816497338,158.10,0.040,0,0,0,0.130617901682854
191754.920,16,43.27,338.7,24°52.881108 N,46°39.443442 E,0,1,0,0,695.93,0.76,2,130415.000,1,119.240,986.64,-0.12,0.18,5.60,1.74737085403906,180.34,0.040,0,0,0,0.163273796439171
191754.960,16,43.48,338.7,24°52.881354 N,46°39.443334 E,0,1,0,0,695.93,0.76,2,130482.000,1,119.280,987.12,0.00,0.15,5.61,1.73869046250086,245.54,0.040,0,0,0,0.160465195775032
191755.000,16,43.59,338.9,24°52.881600 N,46°39.443232 E,0,1,0,0,695.93,0.72,2,130515.000,1,119.320,987.61,-0.09,0.08,5.62,1.65167920719398,250.01,0.040,0,0,0,0.130090907216072
191755.040,16,43.86,339.0,24°52.881852 N,46°39.443130 E,0,1,0,0,695.93,0.72,2,130548.000,1,119.360,988.09,-0.06,0.19,5.63,1.64162429603958,251.70,0.040,0,0,0,0.163553193211555
191755.080,16,43.90,339.1,24°52.882098 N,46°39.443028 E,0,1,0,0,695.94,0.72,2,130582.000,1,119.400,988.58,-0.07,0.03,5.63,1.6402779359836,244.98,0.040,0,0,0,0.108031302690506
191755.120,16,44.22,339.0,24°52.882350 N,46°39.442926 E,0,1,0,0,695.94,0.72,2,130615.000,1,119.440,989.07,0.05,0.23,5.64,1.62814888517028,346.42,0.040,0,0,0,0.165096595883369
191755.160,16,44.48,339.0,24°52.882602 N,46°39.442818 E,0,1,0,0,695.95,0.72,2,130682.000,1,119.480,989.56,-0.01,0.18,5.65,1.61877782274383,418.46,0.040,0,0,0,0.173977807164192
191755.200,16,44.67,339.0,24°52.882854 N,46°39.442716 E,0,1,0,0,695.96,0.76,2,130715.000,1,119.520,990.06,0.00,0.13,5.66,1.6926004701668,412.89,0.040,0,0,0,0.153859496116638
191755.240,16,44.92,339.2,24°52.883106 N,46°39.442608 E,0,1,0,0,695.96,0.72,2,130748.000,1,119.560,990.56,-0.11,0.18,5.67,1.60295656432976,377.24,0.040,0,0,0,0.170433297753334
191755.280,16,45.08,339.1,24°52.883364 N,46°39.442506 E,0,1,0,0,695.96,0.72,2,130782.000,1,119.600,991.06,0.04,0.12,5.67,1.59705432202826,424.57,0.040,0,0,0,0.143671795725822
191755.320,16,45.34,339.1,24°52.883622 N,46°39.442398 E,0,1,0,0,695.96,0.72,2,130815.000,1,119.640,991.56,0.02,0.18,5.68,1.58817690526084,396.81,0.040,0,0,0,0.160861298441887
191755.360,16,45.47,338.9,24°52.883874 N,46°39.442290 E,0,1,0,0,695.96,0.72,2,130882.000,1,119.680,992.06,0.12,0.09,5.69,1.58353127474268,834.98,0.040,0,0,0,0.127381697297096
191755.400,16,45.55,338.9,24°52.884132 N,46°39.442182 E,0,1,0,0,695.97,0.72,2,130915.000,1,119.720,992.57,-0.02,0.06,5.70,1.58078468395284,891.27,0.040,0,0,0,0.0916638895869255
191755.440,16,45.90,338.8,24°52.884390 N,46°39.442068 E,0,1,0,0,695.97,0.72,2,130948.000,1,119.760,993.08,0.09,0.25,5.71,1.56862745098039,1000.00,0.040,0,0,0,0.172130301594734
191755.480,16,46.09,338.7,24°52.884654 N,46°39.441960 E,0,1,0,0,695.98,0.72,2,130982.000,1,119.800,993.59,0.02,0.14,5.71,1.56212709639626,1000.00,0.040,0,0,0,0.154540196061134
191755.520,16,46.35,338.7,24°52.884912 N,46°39.441852 E,0,1,0,0,695.99,0.72,2,131015.000,1,119.840,994.10,0.01,0.18,5.72,1.55353212790748,1000.00,0.040,0,0,0,0.168203994631767
191755.560,16,46.59,338.5,24°52.885176 N,46°39.441738 E,0,1,0,0,695.99,0.72,2,131082.000,1,119.880,994.62,0.11,0.17,5.73,1.54546235081995,1000.00,0.040,0,0,0,0.173384204506874
191755.600,16,46.86,338.3,24°52.885440 N,46°39.441618 E,0,1,0,0,695.99,0.72,2,131115.000,1,119.920,995.14,0.11,0.19,5.74,1.53655725809894,816.53,0.040,0,0,0,0.187861606478691
191755.640,16,46.98,338.3,24°52.885704 N,46°39.441504 E,0,1,0,0,695.99,0.68,2,131148.000,1,119.960,995.66,0.03,0.09,5.75,1.45581474544526,623.14,0.040,0,0,0,0.143598705530167
191755.680,16,47.24,338.1,24°52.885968 N,46°39.441390 E,0,1,0,0,695.99,0.68,2,131182.000,1,120.000,996.18,0.11,0.18,5.75,1.44783354147704,438.85,0.040,0,0,0,0.170715004205704
191755.720,16,47.44,337.9,24°52.886238 N,46°39.441270 E,0,1,0,0,696.00,0.68,2,131215.000,1,120.040,996.71,0.08,0.14,5.76,1.44191243122457,422.17,0.040,0,0,0,0.162200093269348
191755.760,16,47.49,337.7,24°52.886502 N,46°39.441150 E,0,1,0,0,696.00,0.68,2,131282.000,1,120.080,997.24,0.13,0.04,5.77,1.44027289381146,346.98,0.040,0,0,0,0.121219798922539
191755.800,16,47.51,337.5,24°52.886766 N,46°39.441030 E,0,1,0,0,696.00,0.68,2,131315.000,1,120.120,997.76,0.12,0.01,5.78,1.43972720958134,302.05,0.040,0,0,0,0.100792996585369
191755.840,16,47.68,337.4,24°52.887030 N,46°39.440910 E,0,1,0,0,695.99,0.65,2,131348.000,1,120.160,998.29,0.08,0.12,5.79,1.35911741264315,247.71,0.040,0,0,0,0.121328502893448
191755.880,16,47.83,337.3,24°52.887300 N,46°39.440784 E,0,1,0,0,695.99,0.65,2,131382.000,1,120.200,998.82,0.07,0.10,5.79,1.35491155438464,240.88,0.040,0,0,0,0.126349896192551
191755.920,16,47.93,336.9,24°52.887564 N,46°39.440658 E,0,1,0,0,696.00,0.65,2,131415.000,1,120.240,999.35,0.20,0.07,5.80,1.35205625221691,208.13,0.040,0,0,0,0.134282693266869
191755.960,16,48.02,336.7,24°52.887828 N,46°39.440538 E,0,1,0,0,696.00,0.65,2,131482.000,1,120.280,999.89,0.11,0.07,5.81,1.34932533733133,210.75,0.040,0,0,0,0.131066501140594
191756.000,16,48.18,336.7,24°52.888098 N,46°39.440412 E,0,1,0,0,696.01,0.65,2,131515.000,1,120.320,1000.42,-0.01,0.11,5.81,1.34490058528081,210.00,0.040,0,0,0,0.126053601503372
191756.040,16,48.36,336.8,24°52.888368 N,46°39.440286 E,0,1,0,0,696.01,0.65,2,131548.000,1,120.360,1000.96,-0.05,0.12,5.82,1.34008892565402,238.63,0.040,0,0,0,0.121987499296665
191756.080,16,48.70,336.7,24°52.888638 N,46°39.440160 E,0,1,0,0,696.02,0.65,2,131582.000,1,120.400,1001.50,0.08,0.25,5.83,1.33048620236531,230.36,0.040,0,0,0,0.18766650557518
191756.120,16,48.92,336.3,24°52.888908 N,46°39.440022 E,0,1,0,0,696.02,0.65,2,131615.000,1,120.440,1002.04,0.23,0.16,5.84,1.32450331125828,196.30,0.040,0,0,0,0.191552802920341
191756.160,16,48.98,336.0,24°52.889178 N,46°39.439890 E,0,1,0,0,696.03,0.65,2,131682.000,1,120.480,1002.58,0.19,0.04,5.84,1.32304299889746,187.08,0.040,0,0,0,0.153437301516533
191756.200,16,49.14,335.8,24°52.889454 N,46°39.439758 E,0,1,0,0,696.05,0.68,2,131715.000,1,120.520,1003.13,0.12,0.11,5.85,1.39205470530772,187.69,0.040,0,0,0,0.157037004828453
191756.240,16,49.32,335.7,24°52.889724 N,46°39.439626 E,0,1,0,0,696.06,0.68,2,131748.000,1,120.560,1003.68,0.04,0.13,5.86,1.38686131386861,187.94,0.040,0,0,0,0.155011907219887
191756.280,16,49.38,335.7,24°52.889994 N,46°39.439494 E,0,1,0,0,696.06,0.68,2,131782.000,1,120.600,1004.22,0.01,0.04,5.87,1.38523228968366,201.51,0.040,0,0,0,0.114694401621819
191756.320,16,49.45,335.6,24°52.890270 N,46°39.439356 E,0,1,0,0,696.05,0.65,2,131815.000,1,120.640,1004.77,0.09,0.05,5.87,1.31041456016178,200.17,0.040,0,0,0,0.107227198779583
191756.360,16,49.49,335.4,24°52.890540 N,46°39.439218 E,0,1,0,0,696.05,0.65,2,131882.000,1,120.680,1005.32,0.12,0.03,5.88,1.30946126177101,201.77,0.040,0,0,0,0.102542497217655
191756.400,16,49.58,335.0,24°52.890810 N,46°39.439080 E,0,1,0,0,696.06,0.65,2,131915.000,1,120.720,1005.87,0.24,0.07,5.89,1.3068995421818,186.63,0.040,0,0,0,0.135008007287979
191756.440,16,49.61,334.6,24°52.891080 N,46°39.438936 E,0,1,0,0,696.07,0.65,2,131948.000,1,120.760,1006.42,0.26,0.02,5.89,1.30613561235185,167.94,0.040,0,0,0,0.154907494783401
191756.480,16,49.60,334.4,24°52.891350 N,46°39.438798 E,0,1,0,0,696.08,0.68,2,131982.000,1,120.800,1006.98,0.10,-0.01,5.90,1.37892105475365,165.51,0.040,0,0,0,0.141153693199158
191756.520,16,49.66,334.5,24°52.891620 N,46°39.438654 E,0,1,0,0,696.09,0.68,2,132015.000,1,120.840,1007.53,-0.04,0.04,5.91,1.37750478300272,191.97,0.040,0,0,0,0.107663497328758
191756.560,16,49.87,334.4,24°52.891896 N,46°39.438516 E,0,1,0,0,696.10,0.68,2,132082.000,1,120.880,1008.08,0.01,0.16,5.92,1.37145606929462,207.52,0.040,0,0,0,0.12460420280695
191756.600,16,50.29,334.1,24°52.892166 N,46°39.438366 E,0,1,0,0,696.09,0.65,2,132115.000,1,120.920,1008.64,0.21,0.29,5.92,1.28865466839018,181.27,0.040,0,0,0,0.220513194799423
191756.640,16,50.61,333.9,24°52.892442 N,46°39.438216 E,0,1,0,0,696.11,0.68,2,132148.000,1,120.960,1009.20,0.14,0.23,5.93,1.35145815221687,163.11,0.040,0,0,0,0.241358295083046
191756.680,16,50.87,333.7,24°52.892718 N,46°39.438066 E,0,1,0,0,696.12,0.72,2,132182.000,1,121.000,1009.76,0.13,0.18,5.94,1.41531687372228,159.43,0.040,0,0,0,0.230842903256416
191756.720,16,50.95,333.5,24°52.892994 N,46°39.437916 E,0,1,0,0,696.14,0.72,2,132215.000,1,121.040,1010.33,0.08,0.06,5.95,1.41312241172892,174.33,0.040,0,0,0,0.16897539794445
191756.760,16,50.83,333.4,24°52.893270 N,46°39.437766 E,0,1,0,0,696.14,0.72,2,132282.000,1,121.080,1010.89,0.07,-0.09,5.96,1.41654206342961,188.42,0.040,0,0,0,0.10442890226841
191756.800,16,50.63,333.0,24°52.893540 N,46°39.437616 E,0,1,0,0,696.16,0.76,2,132315.000,1,121.120,1011.46,0.24,-0.14,5.96,1.49327433977917,174.22,0.040,0,0,0,0.144559293985367
191756.840,16,50.68,332.5,24°52.893810 N,46°39.437460 E,0,1,0,0,696.16,0.76,2,132348.000,1,121.160,1012.02,0.32,0.04,5.97,1.49180101426683,150.20,0.040,0,0,0,0.169457495212555
191756.880,16,50.75,332.4,24°52.894080 N,46°39.437304 E,0,1,0,0,696.16,0.72,2,132382.000,1,121.200,1012.58,0.07,0.05,5.98,1.41883104087022,146.18,0.040,0,0,0,0.150639802217484
191756.920,16,50.90,332.6,24°52.894356 N,46°39.437154 E,0,1,0,0,696.15,0.68,2,132415.000,1,121.240,1013.15,-0.12,0.11,5.99,1.34389060258954,164.03,0.040,0,0,0,0.113635197281837
191756.960,16,50.81,332.8,24°52.894626 N,46°39.437004 E,0,1,0,0,696.15,0.65,2,132482.000,1,121.280,1013.71,-0.15,-0.06,5.99,1.27533950009841,191.32,0.040,0,0,0,0.046897828578949
191757.000,16,50.67,332.7,24°52.894896 N,46°39.436854 E,0,1,0,0,696.14,0.65,2,132515.000,1,121.320,1014.28,0.09,-0.10,6.00,1.27886323268206,212.41,0.040,0,0,0,0.0739301890134811
191757.040,16,50.50,332.7,24°52.895166 N,46°39.436704 E,0,1,0,0,696.14,0.65,2,132548.000,1,121.360,1014.84,-0.03,-0.12,6.01,1.28314290806123,266.14,0.040,0,0,0,0.0931457281112671
191757.080,16,50.36,332.4,24°52.895430 N,46°39.436548 E,0,1,0,0,696.15,0.65,2,132582.000,1,121.400,1015.40,0.23,-0.10,6.02,1.28673550436855,238.66,0.040,0,0,0,0.119880899786949
191757.120,16,50.43,332.4,24°52.895700 N,46°39.436398 E,0,1,0,0,696.15,0.65,2,132615.000,1,121.440,1015.96,-0.04,0.05,6.02,1.28507684680218,238.38,0.040,0,0,0,0.0589783489704132
191757.160,16,50.48,332.4,24°52.895970 N,46°39.436242 E,0,1,0,0,696.15,0.65,2,132682.000,1,121.480,1016.52,0.01,0.04,6.03,1.28377842935256,238.97,0.040,0,0,0,0.0453096888959408
191757.200,16,50.58,332.5,24°52.896240 N,46°39.436092 E,0,1,0,0,696.15,0.61,2,132715.000,1,121.520,1017.08,-0.06,0.07,6.04,1.2100601075609,304.13,0.040,0,0,0,0.0461189895868301
191757.240,16,50.88,332.5,24°52.896516 N,46°39.435936 E,0,1,0,0,696.16,0.61,2,132748.000,1,121.560,1017.64,0.00,0.21,6.05,1.20285382967433,356.46,0.040,0,0,0,0.128025695681572
191757.280,16,51.04,332.4,24°52.896792 N,46°39.435780 E,0,1,0,0,696.16,0.65,2,132782.000,1,121.600,1018.21,0.08,0.11,6.05,1.2696671042577,382.25,0.040,0,0,0,0.123355098068714
191757.320,16,51.13,332.3,24°52.897062 N,46°39.435624 E,0,1,0,0,696.17,0.65,2,132815.000,1,121.640,1018.78,0.05,0.06,6.06,1.26743208089659,395.97,0.040,0,0,0,0.0982700362801552
191757.360,16,51.14,332.2,24°52.897332 N,46°39.435468 E,0,1,0,0,696.18,0.65,2,132882.000,1,121.680,1019.34,0.05,0.01,6.07,1.26715945089757,402.25,0.040,0,0,0,0.0632845535874367
191757.400,16,51.00,332.3,24°52.897608 N,46°39.435312 E,0,1,0,0,696.19,0.65,2,132915.000,1,121.720,1019.91,-0.03,-0.10,6.07,1.2705633222878,627.61,0.040,0,0,0,0.0348233692348003
191757.440,16,51.04,332.3,24°52.897878 N,46°39.435156 E,0,1,0,0,696.19,0.65,2,132948.000,1,121.760,1020.48,-0.01,0.03,6.08,1.2696671042577,1000.00,0.040,0,0,0,0.0192935392260551
191757.480,16,51.11,332.2,24°52.898148 N,46°39.435000 E,0,1,0,0,696.20,0.65,2,132982.000,1,121.800,1021.05,0.03,0.05,6.09,1.26795288224475,1000.00,0.040,0,0,0,0.0323199182748795
191757.520,16,51.02,332.3,24°52.898424 N,46°39.434850 E,0,1,0,0,696.20,0.65,2,133015.000,1,121.840,1021.61,-0.04,-0.06,6.10,1.27011505517552,1000.00,0.040,0,0,0,0.0203473903238773
191757.560,16,51.09,332.4,24°52.898694 N,46°39.434694 E,0,1,0,0,696.20,0.65,2,133082.000,1,121.880,1022.18,-0.07,0.05,6.10,1.26839962417789,1000.00,0.040,0,0,0,0.0168111603707075
191757.600,16,51.11,332.4,24°52.898970 N,46°39.434538 E,0,1,0,0,696.20,0.65,2,133115.000,1,121.920,1022.75,0.03,0.01,6.11,1.26787845584926,1000.00,0.040,0,0,0,0.0152043104171753
191757.640,16,51.11,332.5,24°52.899240 N,46°39.434388 E,0,1,0,0,696.20,0.61,2,133148.000,1,121.960,1023.32,-0.08,0.00,6.12,1.19744076385764,1000.00,0.040,0,0,0,0.0169844795018435
191757.680,16,51.14,332.6,24°52.899516 N,46°39.434232 E,0,1,0,0,696.20,0.61,2,133182.000,1,122.000,1023.88,-0.06,0.02,6.12,1.19666810058269,1000.00,0.040,0,0,0,0.0290869195014238
191757.720,16,51.22,332.5,24°52.899786 N,46°39.434076 E,0,1,0,0,696.21,0.61,2,133215.000,1,122.040,1024.45,0.04,0.05,6.13,1.19491575062967,1000.00,0.040,0,0,0,0.0361763387918472
191757.760,16,51.35,332.5,24°52.900062 N,46°39.433920 E,0,1,0,0,696.21,0.58,2,133282.000,1,122.080,1025.02,-0.02,0.09,6.14,1.12171372930867,1000.00,0.040,0,0,0,0.0655364170670509
191757.800,16,51.46,332.7,24°52.900338 N,46°39.433764 E,0,1,0,0,696.22,0.58,2,133315.000,1,122.120,1025.59,-0.10,0.08,6.15,1.11935947763224,1000.00,0.040,0,0,0,0.0762318596243858
191757.840,16,51.43,332.8,24°52.900614 N,46°39.433608 E,0,1,0,0,696.23,0.58,2,133348.000,1,122.160,1026.17,-0.07,-0.02,6.15,1.11990356385978,1000.00,0.040,0,0,0,0.0454877987504005
191757.880,16,51.40,333.0,24°52.900890 N,46°39.433452 E,0,1,0,0,696.24,0.58,2,133382.000,1,122.200,1026.74,-0.11,-0.03,6.16,1.12068797789754,833.29,0.040,0,0,0,0.0523722991347313
191757.920,16,51.56,333.0,24°52.901172 N,46°39.433302 E,0,1,0,0,696.24,0.58,2,133415.000,1,122.240,1027.31,-0.04,0.11,6.16,1.11723174800217,671.66,0.040,0,0,0,0.0749045610427856
191757.960,16,51.71,333.1,24°52.901448 N,46°39.433146 E,0,1,0,0,696.25,0.58,2,133482.000,1,122.280,1027.88,-0.05,0.11,6.17,1.11396909509351,547.41,0.040,0,0,0,0.0959038510918617
191758.000,16,51.97,333.1,24°52.901730 N,46°39.432990 E,0,1,0,0,696.26,0.58,2,133515.000,1,122.320,1028.46,0.01,0.19,6.18,1.10826775441094,590.84,0.040,0,0,0,0.14047309756279
191758.040,16,51.93,333.2,24°52.902012 N,46°39.432834 E,0,1,0,0,696.27,0.58,2,133548.000,1,122.360,1029.04,-0.05,-0.03,6.18,1.10927088549089,547.30,0.040,0,0,0,0.064986526966095
191758.080,16,51.81,333.0,24°52.902288 N,46°39.432678 E,0,1,0,0,696.27,0.58,2,133582.000,1,122.400,1029.61,0.11,-0.08,6.19,1.11173302966552,635.94,0.040,0,0,0,0.0184205006808043
191758.120,16,51.62,332.8,24°52.902564 N,46°39.432522 E,0,1,0,0,696.27,0.58,2,133615.000,1,122.440,1030.19,0.11,-0.14,6.20,1.11591142453068,894.57,0.040,0,0,0,0.0775614306330681
191758.160,16,51.40,332.9,24°52.902840 N,46°39.432372 E,0,1,0,0,696.27,0.54,2,133682.000,1,122.480,1030.76,-0.07,-0.16,6.20,1.05064497927895,903.88,0.040,0,0,0,0.116037800908089
191758.200,16,51.42,333.4,24°52.903116 N,46°39.432228 E,0,1,0,0,696.27,0.54,2,133715.000,1,122.520,1031.33,-0.28,0.01,6.21,1.05027715647185,474.37,0.040,0,0,0,0.0781487822532654
191758.240,16,51.47,333.7,24°52.903392 N,46°39.432084 E,0,1,0,0,696.26,0.50,2,133748.000,1,122.560,1031.90,-0.21,0.04,6.22,0.979154119635537,397.68,0.040,0,0,0,0.0884116291999817
191758.280,16,51.52,333.7,24°52.903668 N,46°39.431934 E,0,1,0,0,696.26,0.50,2,133782.000,1,122.600,1032.47,-0.01,0.04,6.22,0.978203908933874,424.51,0.040,0,0,0,0.0751200169324875
191758.320,16,51.67,333.9,24°52.903950 N,46°39.431784 E,0,1,0,0,696.27,0.50,2,133815.000,1,122.640,1033.05,-0.10,0.10,6.23,0.975477577564016,357.01,0.040,0,0,0,0.0979743525385857
191758.360,16,51.79,333.9,24°52.904232 N,46°39.431634 E,0,1,0,0,696.28,0.50,2,133882.000,1,122.680,1033.62,-0.03,0.09,6.23,0.973104473577511,351.02,0.040,0,0,0,0.101587697863579
191758.400,16,51.94,333.9,24°52.904514 N,46°39.431478 E,0,1,0,0,696.29,0.54,2,133915.000,1,122.720,1034.20,0.03,0.10,6.24,1.03964113128357,411.62,0.040,0,0,0,0.101790398359299
191758.440,16,51.96,334.1,24°52.904796 N,46°39.431334 E,0,1,0,0,696.30,0.54,2,133948.000,1,122.760,1034.78,-0.11,0.01,6.24,1.03922096916978,389.79,0.040,0,0,0,0.0810260996222496
191758.480,16,51.93,334.4,24°52.905078 N,46°39.431190 E,0,1,0,0,696.30,0.54,2,133982.000,1,122.800,1035.35,-0.19,-0.02,6.25,1.03986135181976,354.97,0.040,0,0,0,0.0895286574959755
191758.520,16,51.88,334.6,24°52.905360 N,46°39.431046 E,0,1,0,0,696.30,0.50,2,134015.000,1,122.840,1035.93,-0.14,-0.03,6.26,0.971416456257348,317.19,0.040,0,0,0,0.0998518913984299
191758.560,16,51.84,334.8,24°52.905642 N,46°39.430902 E,0,1,0,0,696.30,0.50,2,134082.000,1,122.880,1036.51,-0.10,-0.03,6.26,0.972297245157805,302.38,0.040,0,0,0,0.102177001535892
191758.600,16,51.85,334.6,24°52.905924 N,46°39.430758 E,0,1,0,0,696.30,0.50,2,134115.000,1,122.920,1037.08,0.08,0.01,6.27,0.972015968833774,323.83,0.040,0,0,0,0.0644011721014977
191758.640,16,51.82,334.6,24°52.906206 N,46°39.430614 E,0,1,0,0,696.31,0.50,2,134148.000,1,122.960,1037.66,-0.01,-0.03,6.27,0.972691305606485,338.44,0.040,0,0,0,0.0546096600592136
191758.680,16,51.62,334.9,24°52.906488 N,46°39.430470 E,0,1,0,0,696.31,0.47,2,134182.000,1,123.000,1038.23,-0.15,-0.14,6.28,0.906555090655509,263.06,0.040,0,0,0,0.104609802365303
191758.720,16,51.68,335.1,24°52.906770 N,46°39.430332 E,0,1,0,0,696.30,0.47,2,134215.000,1,123.040,1038.81,-0.17,0.04,6.28,0.905607802159526,214.00,0.040,0,0,0,0.0938830301165581
191758.760,16,51.66,335.2,24°52.907052 N,46°39.430188 E,0,1,0,0,696.31,0.47,2,134282.000,1,123.080,1039.38,-0.05,-0.02,6.29,0.905993495431315,216.83,0.040,0,0,0,0.0851897075772285
191758.800,16,51.61,335.2,24°52.907334 N,46°39.430050 E,0,1,0,0,696.30,0.43,2,134315.000,1,123.120,1039.95,0.02,-0.03,6.30,0.836998430627943,272.75,0.040,0,0,0,0.0676186606287956
191758.840,16,51.54,335.5,24°52.907616 N,46°39.429912 E,0,1,0,0,696.30,0.43,2,134348.000,1,123.160,1040.53,-0.16,-0.05,6.30,0.838167672338527,283.02,0.040,0,0,0,0.0913524478673935
191758.880,16,51.56,335.5,24°52.907898 N,46°39.429774 E,0,1,0,0,696.30,0.40,2,134382.000,1,123.200,1041.10,-0.03,0.01,6.31,0.768052134447914,279.75,0.040,0,0,0,0.073258176445961
191758.920,16,51.67,335.6,24°52.908180 N,46°39.429636 E,0,1,0,0,696.30,0.40,2,134415.000,1,123.240,1041.67,-0.09,0.08,6.31,0.766387335255753,282.76,0.040,0,0,0,0.0826798304915428
191758.960,16,51.66,335.7,24°52.908468 N,46°39.429492 E,0,1,0,0,696.31,0.40,2,134482.000,1,123.280,1042.25,-0.04,0.00,6.31,0.766491173737999,280.63,0.040,0,0,0,0.0704178512096405
191759.000,16,51.60,335.8,24°52.908750 N,46°39.429354 E,0,1,0,0,696.32,0.40,2,134515.000,1,123.320,1042.82,-0.05,-0.05,6.32,0.767516232193042,261.38,0.040,0,0,0,0.0670463666319847
191759.040,16,51.47,335.9,24°52.909032 N,46°39.429216 E,0,1,0,0,696.32,0.43,2,134548.000,1,123.360,1043.39,-0.09,-0.09,6.32,0.839274959687603,266.70,0.040,0,0,0,0.0863838493824005
191759.080,16,51.40,336.0,24°52.909314 N,46°39.429078 E,0,1,0,0,696.34,0.43,2,134582.000,1,123.400,1043.97,-0.07,-0.05,6.33,0.840401525173138,297.86,0.040,0,0,0,0.085161529481411
191759.120,16,51.39,336.0,24°52.909596 N,46°39.428940 E,0,1,0,0,696.35,0.43,2,134615.000,1,123.440,1044.54,-0.01,-0.01,6.33,0.840565046503483,341.29,0.040,0,0,0,0.0637589022517204
191759.160,16,51.46,336.1,24°52.909878 N,46°39.428808 E,0,1,0,0,696.35,0.43,2,134682.000,1,123.480,1045.11,-0.05,0.04,6.34,0.8395685550481,361.29,0.040,0,0,0,0.0561326406896114
191759.200,16,51.35,336.2,24°52.910166 N,46°39.428670 E,0,1,0,0,696.35,0.43,2,134715.000,1,123.520,1045.68,-0.04,-0.07,6.34,0.841219768664563,318.44,0.040,0,0,0,0.0609611384570599
191759.240,16,51.42,336.2,24°52.910448 N,46°39.428532 E,0,1,0,0,696.36,0.40,2,134748.000,1,123.560,1046.25,-0.03,0.04,6.35,0.770203248079354,311.53,0.040,0,0,0,0.0474258698523045
191759.280,16,51.45,336.4,24°52.910730 N,46°39.428400 E,0,1,0,0,696.37,0.43,2,134782.000,1,123.600,1046.82,-0.10,0.03,6.35,0.83963382635906,329.75,0.040,0,0,0,0.0594086498022079
191759.320,16,51.38,336.6,24°52.911018 N,46°39.428262 E,0,1,0,0,696.38,0.43,2,134815.000,1,123.640,1047.39,-0.14,-0.05,6.36,0.840810447848343,340.72,0.040,0,0,0,0.0753656178712845
191759.360,16,51.29,336.7,24°52.911300 N,46°39.428130 E,0,1,0,0,696.38,0.40,2,134882.000,1,123.680,1047.96,-0.08,-0.06,6.36,0.772095381075864,329.59,0.040,0,0,0,0.084669217467308
191759.400,16,51.22,336.8,24°52.911582 N,46°39.427998 E,0,1,0,0,696.39,0.40,2,134915.000,1,123.720,1048.53,-0.03,-0.05,6.37,0.773075121037014,314.16,0.040,0,0,0,0.0779597908258438
191759.440,16,51.11,336.8,24°52.911864 N,46°39.427866 E,0,1,0,0,696.39,0.40,2,134948.000,1,123.760,1049.10,-0.05,-0.08,6.37,0.774860094705123,354.93,0.040,0,0,0,0.0884544625878334
191759.480,16,50.95,336.8,24°52.912146 N,46°39.427734 E,0,1,0,0,696.40,0.40,2,134982.000,1,123.800,1049.67,0.01,-0.11,6.38,0.777278348087228,370.53,0.040,0,0,0,0.0996350422501564
191759.520,16,50.85,337.0,24°52.912428 N,46°39.427608 E,0,1,0,0,696.40,0.36,2,135015.000,1,123.840,1050.23,-0.12,-0.07,6.38,0.707908915719511,355.51,0.040,0,0,0,0.0987841710448265
191759.560,16,50.85,337.3,24°52.912710 N,46°39.427476 E,0,1,0,0,696.40,0.36,2,135082.000,1,123.880,1050.80,-0.17,0.00,6.38,0.707964601769911,308.11,0.040,0,0,0,0.0929964184761047
191759.600,16,50.88,337.3,24°52.912992 N,46°39.427350 E,0,1,0,0,696.41,0.36,2,135115.000,1,123.920,1051.36,-0.01,0.02,6.39,0.707519358515782,318.82,0.040,0,0,0,0.0706072375178337
191759.640,16,50.83,337.4,24°52.913274 N,46°39.427218 E,0,1,0,0,696.41,0.36,2,135148.000,1,123.960,1051.93,-0.05,-0.04,6.39,0.708271031714803,331.54,0.040,0,0,0,0.069537989795208
191759.680,16,50.91,337.4,24°52.913562 N,46°39.427092 E,0,1,0,0,696.41,0.32,2,135182.000,1,124.000,1052.49,-0.04,0.06,6.40,0.636404706252087,342.61,0.040,0,0,0,0.0627573132514954
191759.720,16,50.90,337.5,24°52.913844 N,46°39.426966 E,0,1,0,0,696.42,0.36,2,135215.000,1,124.040,1053.06,-0.04,0.00,6.40,0.707213578500707,331.81,0.040,0,0,0,0.0560869686305523
191759.760,16,50.71,337.8,24°52.914126 N,46°39.426840 E,0,1,0,0,696.42,0.36,2,135282.000,1,124.080,1053.62,-0.21,-0.14,6.40,0.709877151815116,280.41,0.040,0,0,0,0.108740597963333
191759.800,16,50.71,337.9,24°52.914408 N,46°39.426714 E,0,1,0,0,696.42,0.32,2,135315.000,1,124.120,1054.19,-0.04,0.00,6.41,0.63892723328732,280.07,0.040,0,0,0,0.0843916907906532
191759.840,16,50.49,338.0,24°52.914690 N,46°39.426594 E,0,1,0,0,696.42,0.32,2,135348.000,1,124.160,1054.75,-0.04,-0.16,6.41,0.641762072653805,275.49,0.040,0,0,0,0.118718601763248
191759.880,16,50.38,338.0,24°52.914972 N,46°39.426468 E,0,1,0,0,696.42,0.32,2,135382.000,1,124.200,1055.31,-0.01,-0.08,6.42,0.64317617866005,298.97,0.040,0,0,0,0.104755401611328
191759.920,16,50.24,338.1,24°52.915248 N,46°39.426348 E,0,1,0,0,696.42,0.32,2,135415.000,1,124.240,1055.87,-0.06,-0.10,6.42,0.644930132568972,322.19,0.040,0,0,0,0.109000198543072
191759.960,16,50.32,338.3,24°52.915530 N,46°39.426228 E,0,1,0,0,696.42,0.29,2,135482.000,1,124.280,1056.43,-0.11,0.06,6.42,0.572291550751133,311.24,0.040,0,0,0,0.0703636109828949
191800.000,16,50.17,338.4,24°52.915812 N,46°39.426108 E,0,1,0,0,696.42,0.29,2,135515.000,1,124.320,1056.99,-0.08,-0.11,6.43,0.574013911864947,292.86,0.040,0,0,0,0.0943111330270767
191800.040,16,50.12,338.5,24°52.916094 N,46°39.425988 E,0,1,0,0,696.42,0.29,2,135548.000,1,124.360,1057.54,-0.07,-0.04,6.43,0.574586517167767,286.61,0.040,0,0,0,0.0858668610453606
191800.080,16,50.11,338.4,24°52.916376 N,46°39.425868 E,0,1,0,0,696.42,0.29,2,135582.000,1,124.400,1058.10,0.05,-0.01,6.43,0.574758521593358,298.50,0.040,0,0,0,0.0547103993594646
191800.120,16,50.13,338.7,24°52.916658 N,46°39.425748 E,0,1,0,0,696.43,0.29,2,135615.000,1,124.440,1058.66,-0.17,0.02,6.44,0.574506283662477,284.94,0.040,0,0,0,0.0707537084817886
191800.160,16,50.02,338.8,24°52.916940 N,46°39.425628 E,0,1,0,0,696.43,0.29,2,135682.000,1,124.480,1059.21,-0.09,-0.08,6.44,0.575827251824453,307.54,0.040,0,0,0,0.0868264064192772
191800.200,16,50.10,338.9,24°52.917222 N,46°39.425514 E,0,1,0,0,696.43,0.32,2,135715.000,1,124.520,1059.77,-0.05,0.06,6.44,0.646693678768887,297.72,0.040,0,0,0,0.0697737112641335
191800.240,16,49.94,339.2,24°52.917498 N,46°39.425400 E,0,1,0,0,696.43,0.29,2,135748.000,1,124.560,1060.33,-0.15,-0.11,6.45,0.576703578365606,267.91,0.040,0,0,0,0.101183101534843
191800.280,16,49.97,339.5,24°52.917780 N,46°39.425286 E,0,1,0,0,696.44,0.32,2,135782.000,1,124.600,1060.88,-0.19,0.02,6.45,0.648363083326663,236.35,0.040,0,0,0,0.10704679787159
191800.320,16,49.69,339.5,24°52.918062 N,46°39.425172 E,0,1,0,0,696.45,0.32,2,135815.000,1,124.640,1061.43,-0.03,-0.20,6.45,0.652029542573102,236.90,0.040,0,0,0,0.139950096607208
191800.360,16,49.50,339.9,24°52.918344 N,46°39.425064 E,0,1,0,0,696.45,0.32,2,135882.000,1,124.680,1061.99,-0.23,-0.14,6.46,0.654545454545455,232.97,0.040,0,0,0,0.168593093752861
191800.400,16,49.53,340.2,24°52.918620 N,46°39.424956 E,0,1,0,0,696.45,0.32,2,135915.000,1,124.720,1062.54,-0.20,0.02,6.46,0.654162207999354,206.45,0.040,0,0,0,0.142329096794128
191800.440,16,49.61,340.8,24°52.918908 N,46°39.424854 E,0,1,0,0,696.44,0.29,2,135948.000,1,124.760,1063.09,-0.35,0.06,6.46,0.58055152394775,168.88,0.040,0,0,0,0.177604794502258
191800.480,16,49.55,341.0,24°52.919190 N,46°39.424746 E,0,1,0,0,696.44,0.29,2,135982.000,1,124.800,1063.64,-0.15,-0.04,6.47,0.581231079717457,155.96,0.040,0,0,0,0.172855898737907
191800.520,16,49.34,341.3,24°52.919466 N,46°39.424650 E,0,1,0,0,696.45,0.32,2,136015.000,1,124.840,1064.19,-0.16,-0.15,6.47,0.656641400834988,147.15,0.040,0,0,0,0.188974097371101
191800.560,16,49.19,341.8,24°52.919748 N,46°39.424548 E,0,1,0,0,696.44,0.32,2,136082.000,1,124.880,1064.73,-0.29,-0.10,6.47,0.658616904500549,134.07,0.040,0,0,0,0.215664193034172
191800.600,16,49.29,342.2,24°52.920030 N,46°39.424458 E,0,1,0,0,696.44,0.29,2,136115.000,1,124.920,1065.28,-0.29,0.07,6.48,0.584285163620133,122.42,0.040,0,0,0,0.21362179517746
191800.640,16,49.30,342.8,24°52.920318 N,46°39.424362 E,0,1,0,0,696.43,0.29,2,136148.000,1,124.960,1065.83,-0.31,0.01,6.48,0.584154801022271,110.72,0.040,0,0,0,0.233498200774193
191800.680,16,49.13,343.4,24°52.920594 N,46°39.424278 E,0,1,0,0,696.42,0.25,2,136182.000,1,125.000,1066.38,-0.39,-0.12,6.48,0.512966657167284,94.18,0.040,0,0,0,0.272512406110764
191800.720,16,48.91,344.0,24°52.920876 N,46°39.424194 E,0,1,0,0,696.41,0.25,2,136215.000,1,125.040,1066.92,-0.39,-0.16,6.49,0.515274199484726,87.20,0.040,0,0,0,0.309949994087219
191800.760,16,48.67,344.7,24°52.921158 N,46°39.424116 E,0,1,0,0,696.41,0.25,2,136282.000,1,125.080,1067.46,-0.40,-0.17,6.49,0.517751479289941,79.10,0.040,0,0,0,0.341412603855133
191800.800,16,48.55,345.4,24°52.921440 N,46°39.424038 E,0,1,0,0,696.40,0.25,2,136315.000,1,125.120,1068.00,-0.41,-0.09,6.49,0.519052523171988,71.56,0.040,0,0,0,0.35010638833046
191800.840,16,48.72,346.0,24°52.921728 N,46°39.423966 E,0,1,0,0,696.39,0.22,2,136348.000,1,125.160,1068.54,-0.39,0.12,6.50,0.443395258134045,67.65,0.040,0,0,0,0.342962712049484
191800.880,16,48.71,346.6,24°52.922010 N,46°39.423894 E,0,1,0,0,696.39,0.25,2,136382.000,1,125.200,1069.08,-0.31,0.00,6.50,0.517326326161931,65.54,0.040,0,0,0,0.337249398231506
191800.920,16,48.74,347.2,24°52.922298 N,46°39.423828 E,0,1,0,0,696.39,0.25,2,136415.000,1,125.240,1069.63,-0.37,0.02,6.50,0.517060959845702,60.65,0.040,0,0,0,0.344659894704819
191800.960,16,48.67,347.8,24°52.922580 N,46°39.423762 E,0,0,0,0,696.38,0.22,1,136482.000,1,125.280,1070.17,-0.36,-0.05,6.50,0.443786982248521,58.75,0.040,0,0,0,0.349105387926102
191801.000,16,48.62,348.5,24°52.922868 N,46°39.423702 E,0,0,0,0,696.38,0.22,1,136515.000,1,125.320,1070.71,-0.41,-0.04,6.51,0.444279896334691,56.08,0.040,0,0,0,0.362747311592102
191801.040,16,48.49,349.4,24°52.923156 N,46°39.423648 E,0,1,0,0,696.38,0.22,2,136548.000,1,125.360,1071.25,-0.53,-0.09,6.51,0.445471044382115,53.90,0.040,0,0,0,0.400507211685181
191801.080,16,48.25,350.2,24°52.923438 N,46°39.423600 E,0,1,0,0,696.38,0.25,2,136582.000,1,125.400,1071.78,-0.47,-0.17,6.51,0.522312268120298,50.42,0.040,0,0,0,0.42703840136528
191801.120,16,48.16,351.0,24°52.923726 N,46°39.423552 E,0,1,0,0,696.37,0.25,2,136615.000,1,125.440,1072.32,-0.48,-0.06,6.51,0.523212357777593,47.55,0.040,0,0,0,0.432803094387054
191801.160,16,48.16,351.7,24°52.924008 N,46°39.423510 E,0,1,0,0,696.36,0.22,2,136682.000,1,125.480,1072.86,-0.44,0.00,6.52,0.448467735237937,46.32,0.040,0,0,0,0.429144710302353
191801.200,16,48.13,352.6,24°52.924296 N,46°39.423474 E,0,1,0,0,696.35,0.22,2,136715.000,1,125.520,1073.39,-0.53,-0.03,6.52,0.448803191489362,44.46,0.040,0,0,0,0.448085993528366
191801.240,16,48.10,353.2,24°52.924584 N,46°39.423444 E,0,1,0,0,696.34,0.18,2,136748.000,1,125.560,1073.92,-0.39,-0.02,6.52,0.37419703552793,43.86,0.040,0,0,0,0.43548908829689
191801.280,16,47.96,354.0,24°52.924866 N,46°39.423420 E,0,1,0,0,696.33,0.14,2,136782.000,1,125.600,1074.46,-0.48,-0.10,6.52,0.300231428392719,43.07,0.040,0,0,0,0.447904199361801
191801.320,16,47.94,354.8,24°52.925154 N,46°39.423396 E,0,1,0,0,696.33,0.14,2,136815.000,1,125.640,1074.99,-0.45,-0.02,6.53,0.30036920381302,42.59,0.040,0,0,0,0.446538597345352
191801.360,16,47.96,355.5,24°52.925442 N,46°39.423378 E,0,1,0,0,696.33,0.18,2,136882.000,1,125.680,1075.52,-0.42,0.01,6.53,0.37532058633416,42.42,0.040,0,0,0,0.440612286329269
191801.400,16,48.06,356.2,24°52.925730 N,46°39.423360 E,0,1,0,0,696.33,0.14,2,136915.000,1,125.720,1076.06,-0.43,0.07,6.53,0.299600532623169,42.32,0.040,0,0,0,0.44029688835144
191801.440,16,48.00,357.1,24°52.926018 N,46°39.423354 E,0,1,0,0,696.32,0.14,2,136948.000,1,125.760,1076.59,-0.50,-0.04,6.53,0.299987500520812,41.52,0.040,0,0,0,0.451033800840378
191801.480,16,47.85,357.7,24°52.926300 N,46°39.423348 E,0,1,0,0,696.32,0.11,2,136982.000,1,125.800,1077.12,-0.39,-0.11,6.53,0.225714763417489,40.89,0.040,0,0,0,0.442315697669983
191801.520,16,47.60,358.5,24°52.926588 N,46°39.423342 E,0,1,0,0,696.32,0.14,2,137015.000,1,125.840,1077.65,-0.48,-0.17,6.53,0.302501943154843,39.98,0.040,0,0,0,0.461568593978882
191801.560,16,47.51,359.5,24°52.926870 N,46°39.423348 E,0,1,0,0,696.31,0.11,2,137082.000,1,125.880,1078.18,-0.58,-0.07,6.54,0.227339704458384,38.62,0.040,0,0,0,0.481666088104248
191801.600,16,47.55,0.4,24°52.927152 N,46°39.423360 E,0,1,0,0,696.31,0.11,2,137115.000,1,125.920,1078.71,-0.50,0.03,6.54,0.227134114282109,38.12,0.040,0,0,0,0.479507595300674
191801.640,16,47.45,1.2,24°52.927440 N,46°39.423372 E,0,1,0,0,696.31,0.11,2,137148.000,1,125.960,1079.24,-0.49,-0.07,6.54,0.227598415240664,38.20,0.040,0,0,0,0.484125107526779
191801.680,16,47.55,2.1,24°52.927722 N,46°39.423390 E,0,1,0,0,696.31,0.11,2,137182.000,1,126.000,1079.77,-0.50,0.07,6.54,0.227153223262173,38.09,0.040,0,0,0,0.485109001398087
191801.720,16,47.71,2.9,24°52.928010 N,46°39.423414 E,0,1,0,0,696.31,0.11,2,137215.000,1,126.040,1080.30,-0.47,0.12,6.54,0.226362893253128,38.24,0.040,0,0,0,0.485637009143829
191801.760,16,47.86,3.5,24°52.928292 N,46°39.423438 E,0,1,0,0,696.31,0.14,2,137282.000,1,126.080,1080.83,-0.40,0.10,6.54,0.300890133311045,38.55,0.040,0,0,0,0.472933799028397
191801.800,16,47.97,4.3,24°52.928580 N,46°39.423468 E,0,1,0,0,696.31,0.14,2,137315.000,1,126.120,1081.36,-0.47,0.08,6.54,0.300212650627528,38.96,0.040,0,0,0,0.47227680683136
191801.840,16,48.14,5.1,24°52.928868 N,46°39.423504 E,0,1,0,0,696.31,0.14,2,137348.000,1,126.160,1081.89,-0.43,0.12,6.55,0.299152401529001,38.86,0.040,0,0,0,0.468899607658386
191801.880,16,48.07,5.9,24°52.929156 N,46°39.423540 E,0,1,0,0,696.33,0.18,2,137382.000,1,126.200,1082.43,-0.50,-0.04,6.55,0.374422764904106,38.70,0.040,0,0,0,0.467330604791641
191801.920,16,48.16,6.8,24°52.929438 N,46°39.423582 E,0,1,0,0,696.34,0.18,2,137415.000,1,126.240,1082.96,-0.52,0.06,6.55,0.37374639230913,38.42,0.040,0,0,0,0.478457510471344
191801.960,16,48.29,7.7,24°52.929726 N,46°39.423636 E,0,1,0,0,696.34,0.18,2,137482.000,1,126.280,1083.50,-0.55,0.09,6.55,0.372747980948437,37.87,0.040,0,0,0,0.495839804410934
191802.000,16,48.27,8.4,24°52.930014 N,46°39.423684 E,0,1,0,0,696.34,0.14,2,137515.000,1,126.320,1084.03,-0.46,-0.02,6.55,0.298352843675541,37.74,0.040,0,0,0,0.484837114810944
191802.040,16,48.18,9.1,24°52.930296 N,46°39.423744 E,0,1,0,0,696.34,0.14,2,137548.000,1,126.360,1084.57,-0.41,-0.06,6.55,0.298866796729069,38.15,0.040,0,0,0,0.469602704048157
191802.080,16,48.19,9.7,24°52.930584 N,46°39.423798 E,0,1,0,0,696.34,0.14,2,137582.000,1,126.400,1085.11,-0.36,0.01,6.56,0.298798580706742,38.31,0.040,0,0,0,0.448049902915955
191802.120,16,48.20,10.4,24°52.930866 N,46°39.423864 E,0,1,0,0,696.35,0.14,2,137615.000,1,126.440,1085.64,-0.41,0.00,6.56,0.298773782600577,38.73,0.040,0,0,0,0.440657407045364
191802.160,16,48.23,11.3,24°52.931148 N,46°39.423930 E,0,1,0,0,696.35,0.14,2,137682.000,1,126.480,1086.18,-0.51,0.02,6.56,0.29857554583342,39.19,0.040,0,0,0,0.453742206096649
191802.200,16,48.28,12.1,24°52.931430 N,46°39.424002 E,0,1,0,0,696.35,0.11,2,137715.000,1,126.520,1086.71,-0.51,0.04,6.56,0.223695111847556,39.24,0.040,0,0,0,0.46492001414299
191802.240,16,48.37,13.1,24°52.931712 N,46°39.424086 E,0,1,0,0,696.34,0.11,2,137748.000,1,126.560,1087.25,-0.57,0.06,6.56,0.223297357647934,38.92,0.040,0,0,0,0.487970799207687
191802.280,16,48.52,14.3,24°52.931994 N,46°39.424170 E,0,1,0,0,696.35,0.11,2,137782.000,1,126.600,1087.79,-0.75,0.11,6.56,0.222602386792258,37.78,0.040,0,0,0,0.543600082397461
191802.320,16,48.50,15.2,24°52.932270 N,46°39.424260 E,0,1,0,0,696.35,0.11,2,137815.000,1,126.640,1088.33,-0.52,-0.01,6.56,0.222666639176958,37.52,0.040,0,0,0,0.536466717720032
191802.360,16,48.56,16.0,24°52.932552 N,46°39.424356 E,0,1,0,0,696.35,0.07,2,137882.000,1,126.680,1088.87,-0.47,0.04,6.57,0.148257968865827,37.26,0.040,0,0,0,0.523244380950928
191802.400,16,48.77,16.8,24°52.932834 N,46°39.424452 E,0,1,0,0,696.35,0.07,2,137915.000,1,126.720,1089.41,-0.47,0.14,6.57,0.147643850223516,37.43,0.040,0,0,0,0.519763290882111
191802.440,16,48.91,17.6,24°52.933110 N,46°39.424554 E,0,1,0,0,696.35,0.07,2,137948.000,1,126.760,1089.95,-0.48,0.10,6.57,0.147221199852779,37.34,0.040,0,0,0,0.513418197631836
191802.480,16,49.13,18.4,24°52.933392 N,46°39.424662 E,0,1,0,0,696.36,0.04,2,137982.000,1,126.800,1090.49,-0.49,0.16,6.57,0.0732705106547534,37.59,0.040,0,0,0,0.518501698970795
191802.520,16,49.23,19.1,24°52.933668 N,46°39.424776 E,0,1,0,0,696.34,0.04,2,138015.000,1,126.840,1091.04,-0.45,0.07,6.57,0.0731202014867774,38.07,0.040,0,0,0,0.501620709896088
191802.560,16,49.44,19.5,24°52.933950 N,46°39.424890 E,0,1,0,0,696.34,0.00,2,138082.000,1,126.880,1091.59,-0.25,0.14,6.57,0,39.88,0.040,0,0,0,0.459381490945816
191802.600,16,49.66,19.8,24°52.934232 N,46°39.425004 E,0,1,0,0,696.34,0.04,2,138115.000,1,126.920,1092.14,-0.17,0.16,6.57,0.0724958717628579,41.78,0.040,0,0,0,0.413035601377487
191802.640,16,49.71,20.0,24°52.934508 N,46°39.425118 E,0,1,0,0,696.34,0.00,2,138148.000,1,126.960,1092.69,-0.14,0.04,6.57,0,43.61,0.040,0,0,0,0.349848002195358
191802.680,16,49.80,20.1,24°52.934790 N,46°39.425232 E,0,1,0,0,696.34,0.04,2,138182.000,1,127.000,1093.24,-0.04,0.06,6.57,0.0722862535641139,45.98,0.040,0,0,0,0.289209514856339
191802.720,16,49.83,20.1,24°52.935072 N,46°39.425346 E,0,1,0,0,696.34,0.04,2,138215.000,1,127.040,1093.80,-0.01,0.02,6.57,0.0722485349602633,49.23,0.040,0,0,0,0.229468792676926
191802.760,16,49.73,20.2,24°52.935354 N,46°39.425460 E,0,1,0,0,696.33,0.04,2,138282.000,1,127.080,1094.35,-0.07,-0.07,6.57,0.0723850886717336,53.21,0.040,0,0,0,0.193224802613258
191802.800,16,49.69,20.1,24°52.935636 N,46°39.425574 E,0,1,0,0,696.32,0.00,2,138315.000,1,127.120,1094.90,0.08,-0.03,6.57,0,59.79,0.040,0,0,0,0.138940006494522
191802.840,16,49.72,19.9,24°52.935918 N,46°39.425688 E,0,1,0,0,696.31,0.00,2,138348.000,1,127.160,1095.46,0.08,0.02,6.57,0,69.38,0.040,0,0,0,0.0935369879007339
191802.880,16,49.80,20.1,24°52.936200 N,46°39.425802 E,0,1,0,0,696.31,0.00,2,138382.000,1,127.200,1096.01,-0.11,0.06,6.57,0,82.36,0.040,0,0,0,0.10072959959507
191802.920,16,49.71,20.3,24°52.936476 N,46°39.425922 E,0,1,0,0,696.30,0.00,2,138415.000,1,127.240,1096.56,-0.11,-0.07,6.57,0,93.36,0.040,0,0,0,0.101653501391411
191802.960,16,49.63,20.2,24°52.936758 N,46°39.426030 E,0,1,0,0,696.30,0.00,2,138482.000,1,127.280,1097.11,0.06,-0.05,6.57,0,112.74,0.040,0,0,0,0.0760625973343849
191803.000,16,49.58,20.2,24°52.937040 N,46°39.426150 E,0,1,0,0,696.30,0.00,2,138515.000,1,127.320,1097.66,-0.02,-0.04,6.57,0,137.34,0.040,0,0,0,0.06861562281847
191803.040,16,49.68,20.7,24°52.937316 N,46°39.426264 E,0,1,0,0,696.30,0.00,2,138548.000,1,127.360,1098.22,-0.28,0.07,6.57,0,151.94,0.040,0,0,0,0.103651702404022
191803.080,16,49.85,21.1,24°52.937592 N,46°39.426390 E,0,1,0,0,696.29,0.00,2,138582.000,1,127.400,1098.77,-0.24,0.13,6.57,0,176.78,0.040,0,0,0,0.147432297468185
191803.120,16,49.75,21.4,24°52.937874 N,46°39.426510 E,0,1,0,0,696.28,0.00,2,138615.000,1,127.440,1099.32,-0.22,-0.07,6.57,0,205.23,0.040,0,0,0,0.147572994232178
191803.160,16,49.66,21.8,24°52.938150 N,46°39.426636 E,0,1,0,0,696.27,-0.04,2,138682.000,1,127.480,1099.87,-0.26,-0.07,6.57,-0.0725002517369852,203.68,0.040,0,0,0,0.173156693577766
191803.200,16,49.66,22.3,24°52.938420 N,46°39.426768 E,0,1,0,0,696.26,-0.04,2,138715.000,1,127.520,1100.43,-0.27,0.00,6.57,-0.0724900326205147,190.53,0.040,0,0,0,0.19021800160408
191803.240,16,49.79,22.5,24°52.938702 N,46°39.426894 E,0,1,0,0,696.26,-0.04,2,138748.000,1,127.560,1100.98,-0.15,0.09,6.57,-0.0723007712082262,188.98,0.040,0,0,0,0.186577498912811
191803.280,16,49.87,22.9,24°52.938972 N,46°39.427026 E,0,0,0,0,696.25,-0.04,1,138782.000,1,127.600,1101.53,-0.25,0.05,6.57,-0.0721920308019331,166.97,0.040,0,0,0,0.201061204075813
191803.320,16,49.90,23.4,24°52.939248 N,46°39.427164 E,0,0,0,0,696.25,-0.04,1,138815.000,1,127.640,1102.09,-0.26,0.02,6.57,-0.0721500721500721,146.43,0.040,0,0,0,0.210242301225662
191803.360,16,49.87,23.9,24°52.939524 N,46°39.427302 E,0,0,0,0,696.24,-0.04,1,138882.000,1,127.680,1102.64,-0.36,-0.02,6.57,-0.0721862405004913,127.92,0.040,0,0,0,0.237321794033051
191803.400,16,49.94,24.3,24°52.939794 N,46°39.427440 E,0,0,0,0,696.24,-0.04,1,138915.000,1,127.720,1103.19,-0.25,0.05,6.57,-0.0720821736779929,111.85,0.040,0,0,0,0.241306096315384
191803.440,16,49.90,24.5,24°52.940070 N,46°39.427578 E,0,0,0,0,696.23,-0.04,1,138948.000,1,127.760,1103.75,-0.10,-0.03,6.57,-0.0721399515059215,104.60,0.040,0,0,0,0.211084306240082
191803.480,16,50.07,24.6,24°52.940340 N,46°39.427716 E,0,0,0,0,696.23,-0.04,1,138982.000,1,127.800,1104.30,-0.09,0.12,6.57,-0.0718964690845183,105.83,0.040,0,0,0,0.195770904421806
191803.520,16,50.13,24.8,24°52.940616 N,46°39.427854 E,0,0,0,0,696.22,-0.04,1,139015.000,1,127.840,1104.86,-0.09,0.04,6.57,-0.0718190160794797,106.68,0.040,0,0,0,0.17486509680748
191803.560,16,50.23,25.0,24°52.940886 N,46°39.427998 E,0,0,0,0,696.21,-0.07,1,139082.000,1,127.880,1105.42,-0.15,0.08,6.57,-0.143329219253892,99.28,0.040,0,0,0,0.176136806607246
191803.600,16,50.21,25.3,24°52.941162 N,46°39.428142 E,0,0,0,0,696.19,-0.11,1,139115.000,1,127.920,1105.98,-0.20,-0.01,6.57,-0.215083743253739,93.52,0.040,0,0,0,0.173119693994522
191803.640,16,50.29,25.3,24°52.941432 N,46°39.428286 E,0,0,0,0,696.17,-0.11,1,139148.000,1,127.960,1106.54,0.01,0.06,6.57,-0.214745884037223,103.39,0.040,0,0,0,0.140364900231361
191803.680,16,50.31,25.4,24°52.941708 N,46°39.428430 E,0,0,0,0,696.16,-0.11,1,139182.000,1,128.000,1107.09,-0.05,0.01,6.57,-0.214686120939848,110.56,0.040,0,0,0,0.120906703174114
191803.720,16,50.26,25.5,24°52.941978 N,46°39.428574 E,0,1,0,0,696.16,-0.11,2,139215.000,1,128.040,1107.65,-0.05,-0.04,6.57,-0.214899713467049,117.88,0.040,0,0,0,0.105309903621674
191803.760,16,50.42,25.7,24°52.942254 N,46°39.428724 E,0,1,0,0,696.14,-0.14,2,139281.000,1,128.080,1108.21,-0.11,0.12,6.56,-0.28558962357701,125.68,0.040,0,0,0,0.120374798774719
191803.800,16,50.60,25.7,24°52.942530 N,46°39.428868 E,0,1,0,0,696.14,-0.14,2,139315.000,1,128.120,1108.77,0.00,0.12,6.56,-0.284596229099964,142.78,0.040,0,0,0,0.123706996440887
191803.840,16,50.54,25.6,24°52.942800 N,46°39.429012 E,0,1,0,0,696.13,-0.14,2,139348.000,1,128.160,1109.34,0.07,-0.04,6.56,-0.284900284900285,159.56,0.040,0,0,0,0.0599103681743145
191803.880,16,50.65,25.4,24°52.943076 N,46°39.429156 E,0,1,0,0,696.12,-0.14,2,139381.000,1,128.200,1109.90,0.08,0.07,6.56,-0.284332115707375,194.15,0.040,0,0,0,0.0555889494717121
191803.920,16,50.73,25.5,24°52.943352 N,46°39.429300 E,0,1,0,0,696.11,-0.14,2,139415.000,1,128.240,1110.46,-0.03,0.06,6.56,-0.283850111371745,228.84,0.040,0,0,0,0.0609525516629219
191803.960,16,50.88,25.6,24°52.943628 N,46°39.429450 E,0,1,0,0,696.10,-0.14,2,139481.000,1,128.280,1111.03,-0.08,0.10,6.56,-0.283024430511606,291.11,0.040,0,0,0,0.088035948574543
191804.000,16,50.99,25.6,24°52.943904 N,46°39.429594 E,0,1,0,0,696.09,-0.18,2,139515.000,1,128.320,1111.59,-0.02,0.08,6.56,-0.352982703847511,375.16,0.040,0,0,0,0.0874843373894691
191804.040,16,50.94,25.5,24°52.944180 N,46°39.429744 E,0,1,0,0,696.09,-0.18,2,139548.000,1,128.360,1112.16,0.06,-0.04,6.55,-0.353384639547668,464.57,0.040,0,0,0,0.0251931399106979
191804.080,16,51.04,25.6,24°52.944456 N,46°39.429888 E,0,1,0,0,696.08,-0.18,2,139581.000,1,128.400,1112.72,-0.01,0.07,6.55,-0.352685306738249,528.03,0.040,0,0,0,0.0478666387498379
191804.120,16,51.16,25.5,24°52.944738 N,46°39.430032 E,0,1,0,0,696.06,-0.18,2,139615.000,1,128.440,1113.29,0.06,0.09,6.55,-0.351816742567871,718.49,0.040,0,0,0,0.0674414709210396
191804.160,16,51.16,25.4,24°52.945014 N,46°39.430182 E,0,1,0,0,696.06,-0.18,2,139681.000,1,128.480,1113.86,0.05,0.00,6.55,-0.351864883884588,1000.00,0.040,0,0,0,0.0327420197427273
191804.200,16,51.14,25.4,24°52.945290 N,46°39.430326 E,0,1,0,0,696.05,-0.18,2,139715.000,1,128.520,1114.43,0.01,-0.01,6.55,-0.351961206053733,1000.00,0.040,0,0,0,0.014735359698534
191804.240,16,51.15,25.4,24°52.945572 N,46°39.430470 E,0,1,0,0,696.04,-0.18,2,139748.000,1,128.560,1115.00,-0.02,0.00,6.54,-0.351913038378072,1000.00,0.040,0,0,0,0.00886576157063246
191804.280,16,51.20,25.4,24°52.945848 N,46°39.430620 E,0,1,0,0,696.03,-0.18,2,139781.000,1,128.600,1115.57,0.01,0.04,6.54,-0.351569366589191,1000.00,0.040,0,0,0,0.0225233193486929
191804.320,16,51.40,25.3,24°52.946130 N,46°39.430764 E,0,1,0,0,696.03,-0.18,2,139815.000,1,128.640,1116.14,0.06,0.14,6.54,-0.350187739538141,1000.00,0.040,0,0,0,0.0840581580996513
191804.360,16,51.63,25.3,24°52.946412 N,46°39.430908 E,0,1,0,0,696.03,-0.18,2,139881.000,1,128.680,1116.71,-0.04,0.16,6.54,-0.348648020454017,1000.00,0.040,0,0,0,0.121534496545792
191804.400,16,51.83,25.3,24°52.946694 N,46°39.431058 E,0,1,0,0,696.02,-0.18,2,139915.000,1,128.720,1117.28,0.03,0.15,6.54,-0.347269114270831,1000.00,0.040,0,0,0,0.133760094642639
191804.440,16,51.81,25.4,24°52.946976 N,46°39.431202 E,0,1,0,0,696.03,-0.14,2,139948.000,1,128.760,1117.86,-0.04,-0.02,6.53,-0.277933257416379,1000.00,0.040,0,0,0,0.0590381398797035
191804.480,16,51.81,25.4,24°52.947258 N,46°39.431352 E,0,1,0,0,696.02,-0.14,2,139981.000,1,128.800,1118.43,-0.02,0.00,6.53,-0.277949351451513,1000.00,0.040,0,0,0,0.0284267496317625
191804.520,16,51.86,25.3,24°52.947540 N,46°39.431496 E,0,1,0,0,696.01,-0.14,2,140015.000,1,128.840,1119.01,0.04,0.04,6.53,-0.277681360638667,1000.00,0.040,0,0,0,0.0323971398174763
191804.560,16,52.02,25.4,24°52.947822 N,46°39.431646 E,0,1,0,0,696.01,-0.14,2,140081.000,1,128.880,1119.59,-0.05,0.11,6.53,-0.27683789603199,1000.00,0.040,0,0,0,0.0723501890897751
191804.600,15,52.14,25.6,24°52.948104 N,46°39.431796 E,0,1,0,0,696.00,-0.14,2,140115.000,1,128.920,1120.17,-0.09,0.09,6.53,-0.276168923324767,1000.00,0.040,0,0,0,0.0841521769762039
191804.640,15,52.13,25.6,24°52.948386 N,46°39.431946 E,0,1,0,0,696.00,-0.14,2,140148.000,1,128.960,1120.75,-0.05,-0.01,6.53,-0.276243093922652,1000.00,0.040,0,0,0,0.0462057292461395
191804.680,15,52.10,25.6,24°52.948668 N,46°39.432096 E,0,1,0,0,696.00,-0.11,2,140181.000,1,129.000,1121.32,0.02,-0.02,6.52,-0.207309582309582,1000.00,0.040,0,0,0,0.0212429594248533
191804.720,16,52.28,25.7,24°52.948950 N,46°39.432246 E,0,1,0,0,696.00,-0.11,2,140215.000,1,129.040,1121.90,-0.07,0.13,6.52,-0.206583905583504,1000.00,0.040,0,0,0,0.0742792189121246
191804.760,16,52.28,25.7,24°52.949238 N,46°39.432396 E,0,1,0,0,695.99,-0.11,2,140281.000,1,129.080,1122.48,0.00,0.00,6.52,-0.206583905583504,1000.00,0.040,0,0,0,0.0414021611213684
191804.800,16,52.48,25.7,24°52.949520 N,46°39.432552 E,0,1,0,0,695.97,-0.14,2,140315.000,1,129.120,1123.07,0.01,0.14,6.52,-0.27438501552943,1000.00,0.040,0,0,0,0.0900012105703354
191804.840,16,52.53,25.6,24°52.949808 N,46°39.432702 E,0,0,0,0,695.97,-0.14,1,140348.000,1,129.160,1123.65,0.07,0.03,6.52,-0.274139506548888,1000.00,0.040,0,0,0,0.0607701502740383
191804.880,15,52.77,25.7,24°52.950096 N,46°39.432852 E,0,0,0,0,695.98,-0.11,1,140381.000,1,129.200,1124.24,-0.08,0.17,6.52,-0.204681133327016,1000.00,0.040,0,0,0,0.115481801331043
191804.920,15,52.79,25.6,24°52.950378 N,46°39.433002 E,0,1,0,0,695.98,-0.11,2,140415.000,1,129.240,1124.82,0.05,0.02,6.52,-0.204584201553324,1000.00,0.040,0,0,0,0.0662421733140945
191804.960,15,52.71,25.7,24°52.950666 N,46°39.433152 E,0,0,0,0,695.98,-0.11,1,140481.000,1,129.280,1125.41,-0.01,-0.06,6.52,-0.204890819752993,1000.00,0.040,0,0,0,0.00720189092680812
191805.000,15,52.87,25.7,24°52.950954 N,46°39.433302 E,0,0,0,0,695.97,-0.11,1,140515.000,1,129.320,1125.99,0.00,0.11,6.51,-0.204274635899376,1000.00,0.040,0,0,0,0.058780450373888
191805.040,15,53.01,25.7,24°52.951242 N,46°39.433458 E,0,0,0,0,695.97,-0.14,1,140548.000,1,129.360,1126.58,-0.04,0.10,6.51,-0.27162636284755,1000.00,0.040,0,0,0,0.0810295715928078
191805.080,15,53.04,25.7,24°52.951530 N,46°39.433608 E,0,0,0,0,695.97,-0.14,1,140581.000,1,129.400,1127.17,-0.02,0.02,6.51,-0.271498331416505,1000.00,0.040,0,0,0,0.0505097918212414
191805.120,15,52.98,25.5,24°52.951818 N,46°39.433758 E,0,0,0,0,695.96,-0.14,1,140615.000,1,129.440,1127.76,0.15,-0.04,6.51,-0.271795549347879,1000.00,0.040,0,0,0,0.0210263393819332
191805.160,15,53.10,25.5,24°52.952106 N,46°39.433908 E,0,0,0,0,695.96,-0.14,1,140681.000,1,129.480,1128.35,0.02,0.08,6.51,-0.271186440677966,1000.00,0.040,0,0,0,0.048950020223856
191805.200,15,53.09,25.4,24°52.952394 N,46°39.434058 E,0,0,0,0,695.96,-0.14,1,140715.000,1,129.520,1128.94,0.04,-0.01,6.51,-0.271242630300062,1000.00,0.040,0,0,0,0.0316982306540012
191805.240,15,53.06,25.4,24°52.952682 N,46°39.434202 E,0,0,0,0,695.96,-0.14,1,140748.000,1,129.560,1129.53,0.03,-0.02,6.50,-0.271370420624152,1000.00,0.040,0,0,0,0.0262059606611729
191805.280,15,53.16,25.4,24°52.952970 N,46°39.434358 E,0,0,0,0,695.96,-0.14,1,140781.000,1,129.600,1130.12,-0.01,0.07,6.50,-0.270875265702301,1000.00,0.040,0,0,0,0.0391559898853302
191805.320,15,53.20,25.3,24°52.953264 N,46°39.434508 E,0,0,0,0,695.95,-0.14,1,140815.000,1,129.640,1130.71,0.02,0.03,6.50,-0.270691956313326,1000.00,0.040,0,0,0,0.0358113013207912
191805.360,15,53.20,25.2,24°52.953552 N,46°39.434652 E,0,0,0,0,695.95,-0.14,1,140881.000,1,129.680,1131.30,0.13,0.00,6.50,-0.270691956313326,913.66,0.040,0,0,0,0.0437257289886475
191805.400,15,53.32,25.1,24°52.953846 N,46°39.434802 E,0,0,0,0,695.94,-0.14,1,140915.000,1,129.720,1131.89,0.06,0.08,6.50,-0.270087778528022,806.86,0.040,0,0,0,0.0667541474103928
191805.440,15,53.42,25.0,24°52.954134 N,46°39.434946 E,0,0,0,0,695.94,-0.14,1,140948.000,1,129.760,1132.49,0.04,0.07,6.50,-0.269577100922927,879.47,0.040,0,0,0,0.0741338804364204
191805.480,15,53.49,24.9,24°52.954428 N,46°39.435096 E,0,0,0,0,695.94,-0.18,1,140981.000,1,129.800,1133.08,0.04,0.05,6.50,-0.336498915725716,673.89,0.040,0,0,0,0.0711413770914078
191805.520,15,53.75,24.9,24°52.954722 N,46°39.435246 E,0,0,0,0,695.93,-0.18,1,141015.000,1,129.840,1133.68,0.03,0.18,6.49,-0.334896182183523,702.13,0.040,0,0,0,0.125466004014015
191805.560,15,53.72,24.9,24°52.955016 N,46°39.435396 E,0,0,0,0,695.92,-0.18,1,141081.000,1,129.880,1134.27,-0.01,-0.02,6.49,-0.335095688435475,696.94,0.040,0,0,0,0.0564140602946281
191805.600,15,53.82,24.9,24°52.955310 N,46°39.435546 E,0,0,0,0,695.92,-0.18,1,141115.000,1,129.920,1134.87,0.03,0.07,6.49,-0.334448160535117,659.75,0.040,0,0,0,0.0674889981746674
191805.640,15,53.74,24.9,24°52.955604 N,46°39.435696 E,0,0,0,0,695.91,-0.18,1,141148.000,1,129.960,1135.47,0.01,-0.06,6.49,-0.334939803874137,605.89,0.040,0,0,0,0.0248618703335524
191805.680,15,53.64,24.7,24°52.955898 N,46°39.435840 E,0,0,0,0,695.91,-0.18,1,141181.000,1,130.000,1136.06,0.10,-0.07,6.49,-0.335545447766759,504.20,0.040,0,0,0,0.0512262992560863
191805.720,15,53.52,24.6,24°52.956186 N,46°39.435984 E,0,0,0,0,695.90,-0.22,1,141215.000,1,130.040,1136.66,0.11,-0.09,6.48,-0.40357990321556,539.12,0.040,0,0,0,0.0798037275671959
191805.760,15,53.64,24.6,24°52.956480 N,46°39.436134 E,0,0,0,0,695.89,-0.22,1,141281.000,1,130.080,1137.26,-0.01,0.08,6.48,-0.402714594675218,574.20,0.040,0,0,0,0.0408778786659241
191805.800,15,53.82,24.7,24°52.956780 N,46°39.436284 E,0,0,0,0,695.88,-0.22,1,141315.000,1,130.120,1137.85,-0.05,0.13,6.48,-0.40133779264214,689.86,0.040,0,0,0,0.0734905228018761
191805.840,15,53.99,24.6,24°52.957074 N,46°39.436434 E,0,0,0,0,695.88,-0.22,1,141348.000,1,130.160,1138.45,0.02,0.12,6.48,-0.400103730596821,703.31,0.040,0,0,0,0.0961317867040634
191805.880,15,54.14,24.5,24°52.957374 N,46°39.436578 E,0,0,0,0,695.88,-0.22,1,141381.000,1,130.200,1139.05,0.11,0.11,6.47,-0.398965644625046,562.57,0.040,0,0,0,0.108960196375847
191805.920,15,54.25,24.3,24°52.957668 N,46°39.436722 E,0,0,0,0,695.88,-0.18,1,141415.000,1,130.240,1139.65,0.14,0.07,6.47,-0.331827818232095,472.20,0.040,0,0,0,0.106321401894093
191805.960,15,54.30,24.0,24°52.957968 N,46°39.436872 E,0,0,0,0,695.88,-0.18,1,141481.000,1,130.280,1140.26,0.15,0.04,6.47,-0.331479503517366,458.48,0.040,0,0,0,0.10149359703064
191806.000,15,54.32,24.0,24°52.958268 N,46°39.437016 E,0,0,0,0,695.87,-0.22,1,141515.000,1,130.320,1140.86,0.00,0.01,6.47,-0.397665555903308,495.88,0.040,0,0,0,0.0736963525414467
191806.040,15,54.10,23.9,24°52.958568 N,46°39.437160 E,0,0,0,0,695.86,-0.22,1,141548.000,1,130.360,1141.46,0.10,-0.15,6.47,-0.399253248553631,449.63,0.040,0,0,0,0.0922244414687157
191806.080,15,54.00,23.7,24°52.958862 N,46°39.437298 E,0,0,0,0,695.86,-0.22,1,141581.000,1,130.400,1142.06,0.09,-0.07,6.46,-0.4,420.95,0.040,0,0,0,0.0996155291795731
191806.120,15,53.92,23.4,24°52.959162 N,46°39.437442 E,0,0,0,0,695.85,-0.22,1,141615.000,1,130.440,1142.66,0.19,-0.06,6.46,-0.400615761262682,351.45,0.040,0,0,0,0.116178996860981
191806.160,15,53.88,23.2,24°52.959456 N,46°39.437580 E,0,0,0,0,695.84,-0.25,1,141681.000,1,130.480,1143.26,0.15,-0.03,6.46,-0.467697333011637,301.42,0.040,0,0,0,0.117042601108551
191806.200,15,53.99,22.9,24°52.959756 N,46°39.437712 E,0,0,0,0,695.84,-0.22,1,141715.000,1,130.520,1143.86,0.21,0.08,6.46,-0.400081498082943,260.38,0.040,0,0,0,0.129751399159431
191806.240,15,54.03,22.9,24°52.960056 N,46°39.437856 E,0,0,0,0,695.85,-0.22,1,141748.000,1,130.560,1144.46,0.02,0.03,6.45,-0.399785300486776,258.23,0.040,0,0,0,0.109266698360443
191806.280,15,54.10,22.8,24°52.960356 N,46°39.437988 E,0,0,0,0,695.84,-0.22,1,141781.000,1,130.600,1145.06,0.07,0.05,6.45,-0.399253248553631,263.72,0.040,0,0,0,0.106289401650429
191806.320,15,54.12,22.6,24°52.960662 N,46°39.438126 E,0,0,0,0,695.83,-0.22,1,141815.000,1,130.640,1145.66,0.13,0.01,6.45,-0.399149958421879,259.29,0.040,0,0,0,0.108659401535988
191806.360,16,54.29,22.4,24°52.960962 N,46°39.438264 E,0,0,0,0,695.83,-0.22,1,141881.000,1,130.680,1146.27,0.09,0.12,6.45,-0.397877984084881,241.68,0.040,0,0,0,0.125755593180656
191806.400,16,54.34,22.2,24°52.961268 N,46°39.438396 E,0,0,0,0,695.83,-0.22,1,141915.000,1,130.720,1146.87,0.18,0.04,6.44,-0.397511870146122,208.72,0.040,0,0,0,0.129222601652145
191806.440,16,54.25,21.9,24°52.961568 N,46°39.438528 E,0,0,0,0,695.82,-0.22,1,141948.000,1,130.760,1147.47,0.17,-0.06,6.44,-0.398171361156172,191.37,0.040,0,0,0,0.127489402890205
191806.480,16,54.13,21.7,24°52.961874 N,46°39.438660 E,0,0,0,0,695.83,-0.22,1,141981.000,1,130.800,1148.07,0.17,-0.08,6.44,-0.399017235327804,184.55,0.040,0,0,0,0.143476098775864
191806.520,16,54.00,21.4,24°52.962174 N,46°39.438786 E,0,0,0,0,695.82,-0.22,1,142015.000,1,130.840,1148.68,0.17,-0.09,6.44,-0.399970372564995,181.46,0.040,0,0,0,0.158571600914001
191806.560,16,53.85,21.2,24°52.962474 N,46°39.438912 E,0,0,0,0,695.81,-0.22,1,142081.000,1,130.880,1149.27,0.13,-0.11,6.43,-0.401121654998236,182.80,0.040,0,0,0,0.166810303926468
191806.600,16,53.82,21.1,24°52.962780 N,46°39.439038 E,0,0,0,0,695.80,-0.22,1,142115.000,1,130.920,1149.87,0.04,-0.02,6.43,-0.40133779264214,179.07,0.040,0,0,0,0.13294430077076
191806.640,16,53.90,21.2,24°52.963080 N,46°39.439170 E,0,0,0,0,695.79,-0.25,1,142148.000,1,130.960,1150.47,-0.01,0.05,6.43,-0.467567166394538,190.76,0.040,0,0,0,0.095074288547039
191806.680,16,53.97,21.0,24°52.963386 N,46°39.439296 E,0,0,0,0,695.79,-0.25,1,142181.000,1,131.000,1151.07,0.12,0.05,6.43,-0.4669174186137,187.75,0.040,0,0,0,0.104177802801132
191806.720,16,54.08,20.6,24°52.963692 N,46°39.439416 E,0,0,0,0,695.79,-0.22,1,142215.000,1,131.040,1151.67,0.28,0.08,6.42,-0.399415669668448,178.88,0.040,0,0,0,0.146687299013138
191806.760,16,53.98,20.3,24°52.963998 N,46°39.439542 E,0,0,0,0,695.78,-0.22,1,142281.000,1,131.080,1152.27,0.15,-0.07,6.42,-0.400133377792597,178.31,0.040,0,0,0,0.140760093927383
191806.800,16,53.91,20.1,24°52.964298 N,46°39.439662 E,0,1,0,0,695.78,-0.22,2,142315.000,1,131.120,1152.87,0.16,-0.05,6.42,-0.400697510481208,182.86,0.040,0,0,0,0.147324994206429
191806.840,16,53.77,20.0,24°52.964604 N,46°39.439782 E,0,1,0,0,695.78,-0.22,2,142348.000,1,131.160,1153.47,0.03,-0.10,6.42,-0.401740877134248,181.68,0.040,0,0,0,0.137103006243706
191806.880,16,53.71,20.0,24°52.964904 N,46°39.439902 E,0,1,0,0,695.77,-0.22,2,142381.000,1,131.200,1154.07,0.05,-0.04,6.41,-0.402144772117962,183.64,0.040,0,0,0,0.118142202496529
191806.920,16,53.55,19.9,24°52.965210 N,46°39.440022 E,0,1,0,0,695.75,-0.25,2,142415.000,1,131.240,1154.66,0.06,-0.11,6.41,-0.470553086604175,190.04,0.040,0,0,0,0.127337500452995
191806.960,16,53.23,19.7,24°52.965510 N,46°39.440136 E,0,1,0,0,695.75,-0.25,2,142481.000,1,131.280,1155.25,0.10,-0.23,6.41,-0.473417245913958,187.50,0.040,0,0,0,0.183920696377754
191807.000,16,53.16,19.4,24°52.965810 N,46°39.440250 E,0,1,0,0,695.75,-0.25,2,142515.000,1,131.320,1155.85,0.20,-0.05,6.41,-0.474031714979026,184.27,0.040,0,0,0,0.156436800956726
191807.040,16,53.26,19.1,24°52.966116 N,46°39.440364 E,0,1,0,0,695.75,-0.22,2,142548.000,1,131.360,1156.44,0.18,0.07,6.40,-0.405595718711858,183.13,0.040,0,0,0,0.131951004266739
191807.080,16,53.53,19.2,24°52.966422 N,46°39.440478 E,0,1,0,0,695.75,-0.22,2,142581.000,1,131.400,1157.03,-0.02,0.19,6.40,-0.403549743110696,206.10,0.040,0,0,0,0.132235005497932
191807.120,16,53.71,19.2,24°52.966728 N,46°39.440598 E,0,1,0,0,695.75,-0.22,2,142615.000,1,131.440,1157.63,0.01,0.13,6.40,-0.402144772117962,228.67,0.040,0,0,0,0.137023001909256
191807.160,16,53.65,19.2,24°52.967028 N,46°39.440712 E,0,1,0,0,695.75,-0.22,2,142681.000,1,131.480,1158.22,-0.05,-0.04,6.40,-0.40260200182662,259.80,0.040,0,0,0,0.0653272792696953
191807.200,16,53.63,19.0,24°52.967334 N,46°39.440826 E,0,1,0,0,695.74,-0.22,2,142715.000,1,131.520,1158.82,0.16,-0.01,6.39,-0.402737120802491,238.66,0.040,0,0,0,0.0770263075828552
191807.240,16,53.55,18.7,24°52.967640 N,46°39.440934 E,0,1,0,0,695.75,-0.18,2,142748.000,1,131.560,1159.41,0.22,-0.06,6.39,-0.336134453781513,204.79,0.040,0,0,0,0.108189299702644
191807.280,16,53.46,18.6,24°52.967946 N,46°39.441048 E,0,1,0,0,695.75,-0.18,2,142781.000,1,131.600,1160.01,0.07,-0.07,6.39,-0.33672553127806,211.02,0.040,0,0,0,0.108404099941254
191807.320,16,53.18,18.6,24°52.968246 N,46°39.441162 E,0,1,0,0,695.74,-0.22,2,142815.000,1,131.640,1160.60,-0.05,-0.20,6.39,-0.406175369976871,263.80,0.040,0,0,0,0.139474406838417
191807.360,16,53.19,18.7,24°52.968552 N,46°39.441270 E,0,1,0,0,695.74,-0.22,2,142881.000,1,131.680,1161.19,-0.03,0.01,6.39,-0.406091370558376,306.72,0.040,0,0,0,0.0758412778377533
191807.400,16,53.10,18.5,24°52.968852 N,46°39.441384 E,0,1,0,0,695.73,-0.22,2,142915.000,1,131.720,1161.78,0.10,-0.07,6.38,-0.406810305861082,321.31,0.040,0,0,0,0.0868006870150566
191807.440,16,52.89,18.3,24°52.969152 N,46°39.441486 E,0,1,0,0,695.72,-0.22,2,142948.000,1,131.760,1162.37,0.15,-0.15,6.38,-0.408410225381939,286.14,0.040,0,0,0,0.131015107035637
191807.480,16,52.90,18.3,24°52.969458 N,46°39.441594 E,0,1,0,0,695.72,-0.25,2,142981.000,1,131.800,1162.96,0.02,0.01,6.38,-0.476388521305153,293.69,0.040,0,0,0,0.082531176507473
191807.520,16,52.85,18.5,24°52.969758 N,46°39.441708 E,0,1,0,0,695.72,-0.22,2,143015.000,1,131.840,1163.55,-0.15,-0.03,6.38,-0.408688412926663,361.79,0.040,0,0,0,0.0469876192510128
191807.560,16,52.72,18.6,24°52.970058 N,46°39.441822 E,0,1,0,0,695.72,-0.25,2,143081.000,1,131.880,1164.13,-0.08,-0.09,6.37,-0.477978832365995,452.34,0.040,0,0,0,0.0663170292973518
191807.600,16,52.74,18.7,24°52.970358 N,46°39.441930 E,0,1,0,0,695.71,-0.25,2,143115.000,1,131.920,1164.72,-0.05,0.02,6.37,-0.477779463066889,686.20,0.040,0,0,0,0.0267795491963625
191807.640,16,52.59,18.5,24°52.970658 N,46°39.442038 E,0,1,0,0,695.70,-0.25,2,143148.000,1,131.960,1165.30,0.10,-0.11,6.37,-0.479160328567082,826.01,0.040,0,0,0,0.0674604400992393
191807.680,16,52.57,18.6,24°52.970952 N,46°39.442152 E,0,1,0,0,695.70,-0.25,2,143181.000,1,132.000,1165.89,-0.06,-0.02,6.37,-0.479388209332851,902.84,0.040,0,0,0,0.0420878492295742
191807.720,16,52.60,18.8,24°52.971252 N,46°39.442266 E,0,1,0,0,695.70,-0.25,2,143215.000,1,132.040,1166.47,-0.09,0.03,6.36,-0.4790601296504,1000.00,0.040,0,0,0,0.0200367402285337
191807.760,16,52.79,19.0,24°52.971552 N,46°39.442380 E,0,1,0,0,695.70,-0.25,2,143281.000,1,132.080,1167.06,-0.15,0.13,6.36,-0.477390266542899,1000.00,0.040,0,0,0,0.0760148391127586
191807.800,16,52.66,19.2,24°52.971852 N,46°39.442494 E,0,1,0,0,695.70,-0.22,2,143315.000,1,132.120,1167.64,-0.11,-0.09,6.36,-0.410201872495585,1000.00,0.040,0,0,0,0.0613990388810635
191807.840,16,52.36,19.4,24°52.972146 N,46°39.442608 E,0,1,0,0,695.70,-0.25,2,143348.000,1,132.160,1168.23,-0.15,-0.21,6.35,-0.481301806791703,673.83,0.040,0,0,0,0.137674793601036
191807.880,16,52.23,19.8,24°52.972440 N,46°39.442728 E,0,1,0,0,695.70,-0.25,2,143381.000,1,132.200,1168.81,-0.24,-0.09,6.35,-0.482490570372781,410.83,0.040,0,0,0,0.150027006864548
191807.920,16,52.34,20.1,24°52.972734 N,46°39.442848 E,0,1,0,0,695.70,-0.22,2,143415.000,1,132.240,1169.39,-0.23,0.08,6.35,-0.412709937520301,333.63,0.040,0,0,0,0.133861303329468
191807.960,16,52.27,20.5,24°52.973028 N,46°39.442974 E,0,1,0,0,695.69,-0.25,2,143481.000,1,132.280,1169.97,-0.22,-0.05,6.35,-0.482093663911846,276.85,0.040,0,0,0,0.153987303376198
191808.000,16,52.17,20.9,24°52.973316 N,46°39.443100 E,0,1,0,0,695.69,-0.22,2,143515.000,1,132.320,1170.55,-0.29,-0.07,6.34,-0.414046925318203,206.02,0.040,0,0,0,0.186979398131371
191808.040,16,52.12,21.4,24°52.973604 N,46°39.443232 E,0,1,0,0,695.70,-0.22,2,143548.000,1,132.360,1171.13,-0.30,-0.04,6.34,-0.414452098163747,159.56,0.040,0,0,0,0.209380805492401
191808.080,16,51.83,22.1,24°52.973892 N,46°39.443364 E,0,1,0,0,695.69,-0.22,2,143581.000,1,132.400,1171.71,-0.45,-0.20,6.34,-0.416722937124998,128.40,0.040,0,0,0,0.282509505748749
191808.120,16,51.63,22.7,24°52.974174 N,46°39.443502 E,0,1,0,0,695.68,-0.25,2,143615.000,1,132.440,1172.28,-0.38,-0.15,6.34,-0.488107228635624,116.69,0.040,0,0,0,0.310665100812912
191808.160,16,51.62,23.3,24°52.974456 N,46°39.443640 E,0,1,0,0,695.67,-0.25,2,143681.000,1,132.480,1172.86,-0.38,-0.01,6.33,-0.488211248232172,105.25,0.040,0,0,0,0.307472407817841
191808.200,16,51.60,24.0,24°52.974738 N,46°39.443784 E,0,1,0,0,695.66,-0.25,2,143715.000,1,132.520,1173.43,-0.44,-0.01,6.33,-0.488353164606023,92.89,0.040,0,0,0,0.330508887767792
191808.240,16,51.60,24.6,24°52.975014 N,46°39.443934 E,0,1,0,0,695.66,-0.25,2,143748.000,1,132.560,1174.00,-0.39,0.00,6.33,-0.488381557782128,81.20,0.040,0,0,0,0.341652601957321
191808.280,16,51.58,25.2,24°52.975296 N,46°39.444084 E,0,1,0,0,695.65,-0.25,2,143781.000,1,132.600,1174.58,-0.35,-0.01,6.33,-0.488523573200992,75.50,0.040,0,0,0,0.342515587806702
191808.320,16,51.46,25.9,24°52.975566 N,46°39.444234 E,0,1,0,0,695.65,-0.25,2,143815.000,1,132.640,1175.15,-0.45,-0.09,6.32,-0.489681706890521,69.17,0.040,0,0,0,0.368093907833099
191808.360,16,51.25,26.5,24°52.975842 N,46°39.444390 E,0,1,0,0,695.64,-0.25,2,143881.000,1,132.680,1175.72,-0.41,-0.15,6.32,-0.491678535890582,65.13,0.040,0,0,0,0.38654899597168
191808.400,16,51.19,27.2,24°52.976112 N,46°39.444552 E,0,1,0,0,695.63,-0.25,2,143915.000,1,132.720,1176.29,-0.41,-0.05,6.32,-0.492302883488318,61.20,0.040,0,0,0,0.387668490409851
191808.440,16,51.06,27.9,24°52.976376 N,46°39.444714 E,0,1,0,0,695.63,-0.25,2,143948.000,1,132.760,1176.86,-0.45,-0.09,6.31,-0.493546681290272,57.59,0.040,0,0,0,0.40325540304184
191808.480,16,50.86,28.7,24°52.976640 N,46°39.444882 E,0,1,0,0,695.63,-0.22,2,143981.000,1,132.800,1177.42,-0.52,-0.14,6.31,-0.424686891724504,54.44,0.040,0,0,0,0.433497309684753
191808.520,16,50.89,29.4,24°52.976904 N,46°39.445050 E,0,1,0,0,695.63,-0.22,2,144015.000,1,132.840,1177.99,-0.45,0.02,6.31,-0.424444881116133,52.32,0.040,0,0,0,0.428121894598007
191808.560,16,50.98,30.0,24°52.977168 N,46°39.445224 E,0,1,0,0,695.64,-0.18,2,144081.000,1,132.880,1178.55,-0.36,0.06,6.31,-0.353107344632768,51.17,0.040,0,0,0,0.412405401468277
191808.600,16,51.15,30.7,24°52.977432 N,46°39.445404 E,0,1,0,0,695.64,-0.18,2,144115.000,1,132.920,1179.12,-0.48,0.12,6.30,-0.351892399124179,49.75,0.040,0,0,0,0.431423604488373
191808.640,16,51.17,31.5,24°52.977690 N,46°39.445584 E,0,1,0,0,695.65,-0.14,2,144148.000,1,132.960,1179.69,-0.45,0.01,6.30,-0.281431391326441,48.57,0.040,0,0,0,0.432986795902252
191808.680,16,51.05,31.9,24°52.977948 N,46°39.445764 E,0,1,0,0,695.67,-0.11,2,144181.000,1,133.000,1180.26,-0.25,-0.08,6.30,-0.211565585331453,50.02,0.040,0,0,0,0.395335793495178
191808.720,16,51.08,32.6,24°52.978206 N,46°39.445950 E,0,1,0,0,695.68,-0.07,2,144215.000,1,133.040,1180.82,-0.46,0.02,6.30,-0.140955364134691,49.45,0.040,0,0,0,0.406689703464508
191808.760,16,51.00,33.4,24°52.978452 N,46°39.446142 E,0,1,0,0,695.66,-0.11,2,144281.000,1,133.080,1181.39,-0.53,-0.06,6.30,-0.211773010706302,48.15,0.040,0,0,0,0.431909203529358
191808.800,15,50.80,34.1,24°52.978704 N,46°39.446340 E,0,1,0,0,695.65,-0.11,2,144315.000,1,133.120,1181.96,-0.46,-0.14,6.30,-0.212585870913135,47.80,0.040,0,0,0,0.444425493478775
191808.840,15,50.76,34.9,24°52.978950 N,46°39.446532 E,0,1,0,0,695.66,-0.11,2,144348.000,1,133.160,1182.52,-0.47,-0.03,6.29,-0.212749192341029,47.17,0.040,0,0,0,0.445817589759827
191808.880,15,50.58,35.5,24°52.979190 N,46°39.446730 E,0,1,0,0,695.66,-0.11,2,144381.000,1,133.200,1183.08,-0.36,-0.13,6.29,-0.213540018981335,46.83,0.040,0,0,0,0.436874598264694
191808.920,15,50.44,36.0,24°52.979436 N,46°39.446928 E,0,1,0,0,695.66,-0.11,2,144415.000,1,133.240,1183.65,-0.31,-0.10,6.29,-0.21411578112609,47.72,0.040,0,0,0,0.413757503032684
191808.960,15,50.24,36.8,24°52.979670 N,46°39.447132 E,0,1,0,0,695.66,-0.11,2,144481.000,1,133.280,1184.20,-0.54,-0.14,6.29,-0.214959595557502,46.49,0.040,0,0,0,0.446365207433701
191809.000,16,50.22,37.6,24°52.979904 N,46°39.447342 E,0,1,0,0,695.65,-0.11,2,144515.000,1,133.320,1184.76,-0.46,-0.02,6.29,-0.21505376344086,46.03,0.040,0,0,0,0.442200690507889
191809.040,16,50.27,38.5,24°52.980138 N,46°39.447558 E,0,1,0,0,695.63,-0.14,2,144548.000,1,133.360,1185.32,-0.57,0.04,6.29,-0.286430361618332,45.18,0.040,0,0,0,0.464634209871292
191809.080,16,50.38,39.4,24°52.980366 N,46°39.447774 E,0,1,0,0,695.62,-0.14,2,144581.000,1,133.400,1185.88,-0.55,0.07,6.29,-0.285856079404466,44.97,0.040,0,0,0,0.483174413442612
191809.120,16,50.40,40.1,24°52.980594 N,46°39.447996 E,0,1,0,0,695.62,-0.14,2,144615.000,1,133.440,1186.44,-0.45,0.02,6.29,-0.285714285714286,45.00,0.040,0,0,0,0.476067513227463
191809.160,16,50.48,40.9,24°52.980822 N,46°39.448218 E,0,1,0,0,695.62,-0.14,2,144681.000,1,133.480,1187.00,-0.49,0.06,6.28,-0.28526714079122,44.21,0.040,0,0,0,0.479147493839264
191809.200,16,50.65,41.7,24°52.981044 N,46°39.448446 E,0,1,0,0,695.62,-0.14,2,144715.000,1,133.520,1187.56,-0.50,0.12,6.28,-0.284332115707375,44.24,0.040,0,0,0,0.487386494874954
191809.240,16,50.58,42.8,24°52.981260 N,46°39.448680 E,0,1,0,0,695.61,-0.14,2,144748.000,1,133.560,1188.12,-0.67,-0.05,6.28,-0.284720025308447,42.77,0.040,0,0,0,0.519231200218201
191809.280,16,50.48,43.6,24°52.981476 N,46°39.448914 E,0,1,0,0,695.59,-0.18,2,144781.000,1,133.600,1188.69,-0.55,-0.07,6.28,-0.356555672206485,40.91,0.040,0,0,0,0.526279509067535
191809.320,16,50.60,44.8,24°52.981686 N,46°39.449160 E,0,1,0,0,695.57,-0.22,2,144815.000,1,133.640,1189.25,-0.70,0.08,6.28,-0.42686059839532,39.68,0.040,0,0,0,0.560618996620178
191809.360,16,50.71,45.3,24°52.981902 N,46°39.449400 E,0,1,0,0,695.57,-0.22,2,144881.000,1,133.680,1189.81,-0.35,0.08,6.28,-0.425951488858213,40.70,0.040,0,0,0,0.52047461271286
191809.400,16,50.76,46.1,24°52.982106 N,46°39.449646 E,0,1,0,0,695.56,-0.22,2,144915.000,1,133.720,1190.37,-0.47,0.03,6.27,-0.425565450390102,40.65,0.040,0,0,0,0.510767996311188
191809.440,16,50.78,46.8,24°52.982310 N,46°39.449898 E,0,1,0,0,695.55,-0.22,2,144948.000,1,133.760,1190.94,-0.44,0.02,6.27,-0.425347564097515,40.83,0.040,0,0,0,0.495526790618896
191809.480,16,50.94,47.4,24°52.982514 N,46°39.450150 E,0,1,0,0,695.53,-0.25,2,144981.000,1,133.800,1191.50,-0.42,0.11,6.27,-0.4946608040201,40.69,0.040,0,0,0,0.484411209821701
191809.520,16,51.13,48.0,24°52.982718 N,46°39.450408 E,0,1,0,0,695.51,-0.25,2,145015.000,1,133.840,1192.07,-0.39,0.13,6.27,-0.492851694666641,40.42,0.040,0,0,0,0.472186297178268
191809.560,16,51.26,48.9,24°52.982916 N,46°39.450666 E,0,1,0,0,695.50,-0.25,2,145081.000,1,133.880,1192.64,-0.57,0.09,6.26,-0.491640166221199,40.41,0.040,0,0,0,0.492984592914581
191809.600,16,51.25,49.8,24°52.983108 N,46°39.450930 E,0,1,0,0,695.50,-0.25,2,145115.000,1,133.920,1193.21,-0.52,0.00,6.26,-0.491707317073171,40.17,0.040,0,0,0,0.492543786764145
191809.640,16,51.29,50.4,24°52.983300 N,46°39.451194 E,0,1,0,0,695.50,-0.22,2,145148.000,1,133.960,1193.78,-0.40,0.03,6.26,-0.42114293513229,41.19,0.040,0,0,0,0.473760694265366
191809.680,16,51.34,51.3,24°52.983486 N,46°39.451464 E,0,1,0,0,695.49,-0.25,2,145181.000,1,134.000,1194.35,-0.59,0.03,6.26,-0.490883590462833,41.11,0.040,0,0,0,0.496179610490799
191809.720,16,51.47,51.9,24°52.983672 N,46°39.451740 E,0,1,0,0,695.47,-0.25,2,145215.000,1,134.040,1194.92,-0.40,0.09,6.25,-0.489643648233785,41.53,0.040,0,0,0,0.480179011821747
191809.760,15,51.56,52.6,24°52.983858 N,46°39.452010 E,0,1,0,0,695.47,-0.25,2,145281.000,1,134.080,1195.49,-0.40,0.06,6.25,-0.48878888975095,42.13,0.040,0,0,0,0.465593308210373
191809.800,15,51.70,53.1,24°52.984044 N,46°39.452292 E,0,1,0,0,695.46,-0.25,2,145315.000,1,134.120,1196.07,-0.36,0.10,6.25,-0.487399183799779,43.06,0.040,0,0,0,0.449874013662338
191809.840,15,51.75,53.8,24°52.984224 N,46°39.452568 E,0,1,0,0,695.45,-0.25,2,145348.000,1,134.160,1196.64,-0.45,0.03,6.24,-0.4869941638001,44.54,0.040,0,0,0,0.446921110153198
191809.880,15,51.67,54.3,24°52.984398 N,46°39.452850 E,0,1,0,0,695.44,-0.25,2,145381.000,1,134.200,1197.22,-0.29,-0.06,6.24,-0.487738788782008,46.27,0.040,0,0,0,0.412467986345291
191809.920,15,51.75,55.0,24°52.984572 N,46°39.453132 E,0,1,0,0,695.42,-0.29,2,145415.000,1,134.240,1197.79,-0.45,0.06,6.24,-0.556478726282026,48.20,0.040,0,0,0,0.421321898698807
191809.960,15,51.73,55.7,24°52.984746 N,46°39.453420 E,0,1,0,0,695.40,-0.32,2,145481.000,1,134.280,1198.36,-0.45,-0.02,6.24,-0.626304801670146,47.50,0.040,0,0,0,0.426087588071823
191810.000,15,51.69,56.4,24°52.984914 N,46°39.453702 E,0,1,0,0,695.39,-0.32,2,145515.000,1,134.320,1198.94,-0.45,-0.03,6.23,-0.626825823676217,47.73,0.040,0,0,0,0.429952800273895
191810.040,15,51.72,57.2,24°52.985076 N,46°39.453996 E,0,1,0,0,695.38,-0.32,2,145548.000,1,134.360,1199.51,-0.52,0.02,6.23,-0.626474341621872,47.24,0.040,0,0,0,0.447554111480713
191810.080,15,52.03,58.0,24°52.985238 N,46°39.454290 E,0,1,0,0,695.37,-0.32,2,145581.000,1,134.400,1200.09,-0.47,0.22,6.23,-0.622705694682017,47.20,0.040,0,0,0,0.466170489788055
191810.120,16,52.35,58.9,24°52.985394 N,46°39.454596 E,0,1,0,0,695.36,-0.32,2,145615.000,1,134.440,1200.67,-0.64,0.23,6.22,-0.6188993524479,45.88,0.040,0,0,0,0.517923414707184
191810.160,16,52.42,59.7,24°52.985544 N,46°39.454896 E,0,1,0,0,695.36,-0.32,2,145681.000,1,134.480,1201.25,-0.47,0.05,6.22,-0.61804932949278,46.75,0.040,0,0,0,0.497113794088364
191810.200,15,52.60,60.1,24°52.985700 N,46°39.455196 E,0,1,0,0,695.36,-0.29,2,145715.000,1,134.520,1201.84,-0.28,0.13,6.22,-0.547497291029029,48.67,0.040,0,0,0,0.45944818854332
191810.240,15,52.66,60.7,24°52.985850 N,46°39.455502 E,0,1,0,0,695.36,-0.29,2,145748.000,1,134.560,1202.42,-0.39,0.04,6.21,-0.546863132310497,48.88,0.040,0,0,0,0.440222710371017
191810.280,15,52.70,61.3,24°52.986000 N,46°39.455808 E,0,1,0,0,695.36,-0.29,2,145781.000,1,134.600,1203.01,-0.38,0.02,6.21,-0.546520674801222,50.54,0.040,0,0,0,0.426378786563873
191810.320,15,52.87,61.9,24°52.986144 N,46°39.456120 E,0,1,0,0,695.36,-0.29,2,145815.000,1,134.640,1203.59,-0.41,0.12,6.21,-0.544732362398336,50.68,0.040,0,0,0,0.430168390274048
191810.360,15,53.03,62.4,24°52.986288 N,46°39.456432 E,0,1,0,0,695.33,-0.29,2,145881.000,1,134.680,1204.18,-0.32,0.11,6.20,-0.543109300746775,51.59,0.040,0,0,0,0.412818014621735
191810.400,15,52.99,62.8,24°52.986432 N,46°39.456744 E,0,1,0,0,695.32,-0.32,2,145915.000,1,134.720,1204.77,-0.30,-0.03,6.20,-0.611413043478261,52.20,0.040,0,0,0,0.38130909204483
191810.440,15,53.06,63.2,24°52.986570 N,46°39.457062 E,0,1,0,0,695.30,-0.32,2,145948.000,1,134.760,1205.36,-0.27,0.05,6.20,-0.610583446404342,53.91,0.040,0,0,0,0.359506696462631
191810.480,15,53.13,63.6,24°52.986714 N,46°39.457380 E,0,1,0,0,695.28,-0.36,2,145981.000,1,134.800,1205.95,-0.25,0.05,6.19,-0.677557780621847,54.41,0.040,0,0,0,0.338423311710358
191810.520,15,53.27,63.9,24°52.986852 N,46°39.457692 E,0,1,0,0,695.27,-0.36,2,146015.000,1,134.840,1206.54,-0.15,0.10,6.19,-0.675815202087518,57.47,0.040,0,0,0,0.307123810052872
191810.560,15,53.44,64.1,24°52.986990 N,46°39.458016 E,0,1,0,0,695.26,-0.36,2,146081.000,1,134.880,1207.13,-0.17,0.12,6.18,-0.673677907107302,60.76,0.040,0,0,0,0.288272589445114
191810.600,16,53.59,64.2,24°52.987134 N,46°39.458334 E,0,1,0,0,695.25,-0.36,2,146115.000,1,134.920,1207.73,-0.03,0.11,6.18,-0.67176712073148,66.00,0.040,0,0,0,0.246278002858162
191810.640,16,53.74,64.4,24°52.987272 N,46°39.458652 E,0,1,0,0,695.24,-0.36,2,146148.000,1,134.960,1208.32,-0.13,0.10,6.18,-0.669929471313992,71.92,0.040,0,0,0,0.229406103491783
191810.680,16,53.80,64.7,24°52.987404 N,46°39.458976 E,0,1,0,0,695.23,-0.36,2,146181.000,1,135.000,1208.92,-0.20,0.04,6.17,-0.669169857615525,76.56,0.040,0,0,0,0.217615395784378
191810.720,16,53.91,64.9,24°52.987542 N,46°39.459300 E,0,1,0,0,695.22,-0.36,2,146215.000,1,135.040,1209.52,-0.17,0.08,6.17,-0.667730088659717,86.18,0.040,0,0,0,0.211720198392868
191810.760,16,54.05,65.1,24°52.987680 N,46°39.459624 E,0,1,0,0,695.21,-0.36,2,146281.000,1,135.080,1210.12,-0.12,0.10,6.16,-0.666049953746531,94.98,0.040,0,0,0,0.201470002532005
191810.800,16,54.04,65.0,24°52.987818 N,46°39.459948 E,0,1,0,0,695.20,-0.36,2,146315.000,1,135.120,1210.72,0.05,-0.01,6.16,-0.666173205033309,104.84,0.040,0,0,0,0.140238702297211
191810.840,16,54.18,64.8,24°52.987956 N,46°39.460266 E,0,1,0,0,695.19,-0.32,2,146348.000,1,135.160,1211.32,0.16,0.10,6.16,-0.598050797401063,126.49,0.040,0,0,0,0.102276802062988
191810.880,16,54.25,64.7,24°52.988094 N,46°39.460590 E,0,1,0,0,695.19,-0.32,2,146381.000,1,135.200,1211.92,0.07,0.05,6.15,-0.597257041734258,152.90,0.040,0,0,0,0.0753882229328156
191810.920,16,54.50,64.8,24°52.988238 N,46°39.460920 E,0,1,0,0,695.18,-0.32,2,146415.000,1,135.240,1212.53,-0.06,0.18,6.15,-0.59445178335535,182.82,0.040,0,0,0,0.129995092749596
191810.960,16,54.63,64.9,24°52.988376 N,46°39.461244 E,0,1,0,0,695.18,-0.32,2,146481.000,1,135.280,1213.13,-0.11,0.09,6.15,-0.593124153333577,206.92,0.040,0,0,0,0.120109997689724
191811.000,16,54.84,65.0,24°52.988514 N,46°39.461574 E,0,1,0,0,695.17,-0.29,2,146515.000,1,135.320,1213.74,-0.05,0.15,6.14,-0.525173690256934,244.59,0.040,0,0,0,0.13970659673214
191811.040,16,54.86,64.9,24°52.988658 N,46°39.461904 E,0,1,0,0,695.16,-0.29,2,146548.000,1,135.360,1214.35,0.03,0.01,6.14,-0.524972657674079,308.34,0.040,0,0,0,0.0823997408151627
191811.080,16,54.88,64.9,24°52.988796 N,46°39.462228 E,0,1,0,0,695.15,-0.32,2,146581.000,1,135.400,1214.96,0.03,0.01,6.13,-0.590400524800466,411.66,0.040,0,0,0,0.0499284118413925
191811.120,16,54.88,64.8,24°52.988940 N,46°39.462558 E,0,1,0,0,695.14,-0.29,2,146615.000,1,135.440,1215.57,0.08,0.00,6.13,-0.524829157175399,564.07,0.040,0,0,0,0.0206647291779518
191811.160,16,54.79,64.8,24°52.989078 N,46°39.462882 E,0,1,0,0,695.13,-0.29,2,146681.000,1,135.480,1216.18,0.00,-0.06,6.13,-0.525662553843907,766.01,0.040,0,0,0,0.0214913599193096
191811.200,16,54.93,65.0,24°52.989216 N,46°39.463212 E,0,1,0,0,695.12,-0.29,2,146715.000,1,135.520,1216.79,-0.13,0.10,6.12,-0.524284570013835,633.53,0.040,0,0,0,0.05126016959548
191811.240,16,54.96,65.2,24°52.989354 N,46°39.463542 E,0,1,0,0,695.11,-0.29,2,146748.000,1,135.560,1217.40,-0.17,0.02,6.12,-0.524007932897873,588.38,0.040,0,0,0,0.0671231299638748
191811.280,16,55.01,65.2,24°52.989492 N,46°39.463872 E,0,1,0,0,695.09,-0.32,2,146781.000,1,135.600,1218.01,0.06,0.03,6.12,-0.589005235602094,1000.00,0.040,0,0,0,0.0473020300269127
191811.320,16,55.12,65.2,24°52.989630 N,46°39.464202 E,0,1,0,0,695.08,-0.32,2,146815.000,1,135.640,1218.62,-0.02,0.08,6.11,-0.587776427262667,1000.00,0.040,0,0,0,0.0650389790534973
191811.360,16,55.34,65.2,24°52.989774 N,46°39.464532 E,0,1,0,0,695.08,-0.29,2,146881.000,1,135.680,1219.24,-0.01,0.15,6.11,-0.520456845453231,1000.00,0.040,0,0,0,0.107367098331451
191811.400,16,55.43,65.2,24°52.989912 N,46°39.464868 E,0,1,0,0,695.07,-0.29,2,146915.000,1,135.720,1219.85,-0.01,0.07,6.11,-0.519546118737936,1000.00,0.040,0,0,0,0.089713342487812
191811.440,16,55.49,65.2,24°52.990050 N,46°39.465198 E,0,1,0,0,695.05,-0.32,2,146948.000,1,135.760,1220.47,0.02,0.04,6.10,-0.583846902367824,1000.00,0.040,0,0,0,0.0665199905633926
191811.480,16,55.52,65.2,24°52.990194 N,46°39.465534 E,0,1,0,0,695.04,-0.32,2,146981.000,1,135.800,1221.08,0.01,0.02,6.10,-0.583583998270862,1000.00,0.040,0,0,0,0.0426962487399578
191811.520,16,55.63,65.1,24°52.990338 N,46°39.465864 E,0,1,0,0,695.02,-0.32,2,147015.000,1,135.840,1221.70,0.07,0.08,6.10,-0.582409088457874,1000.00,0.040,0,0,0,0.0604184716939926
191811.560,16,55.80,65.2,24°52.990476 N,46°39.466200 E,0,1,0,0,695.01,-0.32,2,147081.000,1,135.880,1222.32,-0.07,0.12,6.09,-0.580603540964805,1000.00,0.040,0,0,0,0.0918134972453117
191811.600,16,55.88,65.1,24°52.990620 N,46°39.466530 E,0,1,0,0,695.01,-0.29,2,147115.000,1,135.920,1222.94,0.05,0.05,6.09,-0.515399345013332,1000.00,0.040,0,0,0,0.0724185481667519
191811.640,16,55.97,65.2,24°52.990758 N,46°39.466866 E,0,1,0,0,695.00,-0.29,2,147148.000,1,135.960,1223.56,-0.09,0.06,6.09,-0.514598148876103,1000.00,0.040,0,0,0,0.069079302251339
191811.680,16,56.07,65.4,24°52.990896 N,46°39.467208 E,0,1,0,0,694.98,-0.32,2,147181.000,1,136.000,1224.19,-0.14,0.07,6.08,-0.577890343523704,989.63,0.040,0,0,0,0.0808718726038933
191811.720,16,56.01,65.4,24°52.991040 N,46°39.467538 E,0,1,0,0,694.96,-0.32,2,147215.000,1,136.040,1224.81,0.03,-0.04,6.08,-0.578447475540955,866.90,0.040,0,0,0,0.0324285812675953
191811.760,16,56.00,65.5,24°52.991178 N,46°39.467874 E,0,1,0,0,694.95,-0.32,2,147281.000,1,136.080,1225.43,-0.04,-0.01,6.08,-0.578592092574735,799.31,0.040,0,0,0,0.0307044591754675
191811.800,16,56.15,65.5,24°52.991322 N,46°39.468216 E,0,1,0,0,694.94,-0.32,2,147315.000,1,136.120,1226.05,-0.02,0.10,6.07,-0.577066932639903,1000.00,0.040,0,0,0,0.0606327913701534
191811.840,16,56.16,65.5,24°52.991460 N,46°39.468552 E,0,1,0,0,694.92,-0.32,2,147348.000,1,136.160,1226.68,-0.02,0.01,6.07,-0.576964171237268,1000.00,0.040,0,0,0,0.0410339199006557
191811.880,16,56.33,65.5,24°52.991598 N,46°39.468888 E,0,1,0,0,694.91,-0.32,2,147381.000,1,136.200,1227.30,-0.02,0.12,6.07,-0.57522281006995,1000.00,0.040,0,0,0,0.0794266015291214
191811.920,16,56.50,65.7,24°52.991742 N,46°39.469230 E,0,1,0,0,694.90,-0.32,2,147415.000,1,136.240,1227.93,-0.10,0.12,6.06,-0.573502079830074,1000.00,0.040,0,0,0,0.105268202722073
191811.960,16,56.57,65.6,24°52.991880 N,46°39.469572 E,0,1,0,0,694.90,-0.32,2,147481.000,1,136.280,1228.56,0.03,0.05,6.06,-0.572772110948079,1000.00,0.040,0,0,0,0.0786958336830139
191812.000,16,56.56,65.7,24°52.992018 N,46°39.469908 E,0,1,0,0,694.88,-0.32,2,147515.000,1,136.320,1229.19,-0.04,-0.01,6.06,-0.572883513685551,1000.00,0.040,0,0,0,0.0441491417586803
191812.040,16,56.72,65.6,24°52.992162 N,46°39.470250 E,0,1,0,0,694.86,-0.32,2,147548.000,1,136.360,1229.82,0.09,0.11,6.05,-0.571247223103777,1000.00,0.040,0,0,0,0.0741916373372078
191812.080,16,56.92,65.6,24°52.992306 N,46°39.470592 E,0,1,0,0,694.86,-0.32,2,147581.000,1,136.400,1230.45,0.01,0.14,6.05,-0.569259962049336,1000.00,0.040,0,0,0,0.107139803469181
191812.120,16,57.13,65.5,24°52.992450 N,46°39.470934 E,0,1,0,0,694.86,-0.29,2,147615.000,1,136.440,1231.08,0.06,0.15,6.04,-0.504095778197858,1000.00,0.040,0,0,0,0.130479797720909
191812.160,16,57.15,65.5,24°52.992594 N,46°39.471276 E,0,1,0,0,694.86,-0.29,2,147681.000,1,136.480,1231.71,0.00,0.01,6.04,-0.503937007874016,1000.00,0.040,0,0,0,0.0718544572591782
191812.200,16,57.20,65.6,24°52.992732 N,46°39.471624 E,0,1,0,0,694.84,-0.29,2,147715.000,1,136.520,1232.35,-0.07,0.03,6.04,-0.503522912040841,1000.00,0.040,0,0,0,0.0527277104556561
191812.240,16,57.24,65.8,24°52.992876 N,46°39.471966 E,0,1,0,0,694.82,-0.29,2,147748.000,1,136.560,1232.99,-0.18,0.03,6.03,-0.503179816898455,939.11,0.040,0,0,0,0.0573288910090923
191812.280,16,57.25,65.8,24°52.993014 N,46°39.472314 E,0,1,0,0,694.81,-0.32,2,147781.000,1,136.600,1233.62,0.02,0.01,6.03,-0.565968522367984,1000.00,0.040,0,0,0,0.0366564318537712
191812.320,16,57.29,65.8,24°52.993158 N,46°39.472656 E,0,1,0,0,694.80,-0.29,2,147815.000,1,136.640,1234.26,-0.01,0.03,6.03,-0.502705533251876,1000.00,0.040,0,0,0,0.0358912386000156
191812.360,16,57.43,65.9,24°52.993296 N,46°39.473004 E,0,1,0,0,694.79,-0.29,2,147881.000,1,136.680,1234.90,-0.10,0.10,6.02,-0.501445137026848,1000.00,0.040,0,0,0,0.0751480981707573
191812.400,16,57.37,66.0,24°52.993434 N,46°39.473346 E,0,1,0,0,694.78,-0.29,2,147915.000,1,136.720,1235.53,-0.06,-0.05,6.02,-0.50203953561343,1000.00,0.040,0,0,0,0.0430041514337063
191812.440,16,57.44,66.1,24°52.993578 N,46°39.473694 E,0,1,0,0,694.76,-0.32,2,147948.000,1,136.760,1236.17,-0.08,0.05,6.02,-0.564047212840779,911.18,0.040,0,0,0,0.058180820196867
191812.480,16,57.48,66.2,24°52.993716 N,46°39.474042 E,0,1,0,0,694.73,-0.36,2,147981.000,1,136.800,1236.81,-0.06,0.03,6.01,-0.626326594523122,832.89,0.040,0,0,0,0.0584211386740208
191812.520,16,57.49,66.3,24°52.993854 N,46°39.474390 E,0,1,0,0,694.72,-0.36,2,148015.000,1,136.840,1237.45,-0.10,0.00,6.01,-0.626250326172045,834.26,0.040,0,0,0,0.0626556426286697
191812.560,16,57.60,66.5,24°52.993992 N,46°39.474738 E,0,1,0,0,694.70,-0.36,2,148081.000,1,136.880,1238.09,-0.09,0.08,6.01,-0.624956600236095,664.35,0.040,0,0,0,0.0836679190397263
191812.600,16,57.67,66.7,24°52.994124 N,46°39.475092 E,0,1,0,0,694.69,-0.36,2,148115.000,1,136.920,1238.73,-0.19,0.04,6.00,-0.624295499869938,528.46,0.040,0,0,0,0.103513702750206
191812.640,16,57.68,66.9,24°52.994262 N,46°39.475440 E,0,1,0,0,694.68,-0.36,2,148148.000,1,136.960,1239.37,-0.08,0.01,6.00,-0.62410068824437,430.67,0.040,0,0,0,0.0941157564520836
191812.680,16,57.78,67.0,24°52.994394 N,46°39.475788 E,0,1,0,0,694.67,-0.36,2,148181.000,1,137.000,1240.01,-0.07,0.07,6.00,-0.623009829710647,396.12,0.040,0,0,0,0.0998127311468124
191812.720,16,57.96,67.0,24°52.994532 N,46°39.476142 E,0,1,0,0,694.66,-0.32,2,148215.000,1,137.040,1240.65,-0.07,0.13,5.99,-0.558967635083845,351.22,0.040,0,0,0,0.121041096746922
191812.760,16,58.13,67.2,24°52.994664 N,46°39.476496 E,0,1,0,0,694.65,-0.32,2,148281.000,1,137.080,1241.30,-0.14,0.12,5.99,-0.557342645313333,314.34,0.040,0,0,0,0.14014920592308
191812.800,16,58.25,67.3,24°52.994802 N,46°39.476850 E,0,1,0,0,694.64,-0.32,2,148315.000,1,137.120,1241.94,-0.06,0.08,5.98,-0.556204078829911,317.68,0.040,0,0,0,0.127869293093681
191812.840,16,58.51,67.4,24°52.994934 N,46°39.477210 E,0,1,0,0,694.63,-0.32,2,148348.000,1,137.160,1242.59,-0.07,0.18,5.98,-0.553742031412897,349.43,0.040,0,0,0,0.161976292729378
191812.880,16,58.62,67.5,24°52.995072 N,46°39.477570 E,0,1,0,0,694.63,-0.29,2,148381.000,1,137.200,1243.24,-0.09,0.07,5.98,-0.491341806704768,318.03,0.040,0,0,0,0.136069893836975
191812.920,16,58.80,67.7,24°52.995204 N,46°39.477924 E,0,1,0,0,694.63,-0.29,2,148415.000,1,137.240,1243.90,-0.13,0.13,5.97,-0.489804248371571,290.48,0.040,0,0,0,0.151198700070381
191812.960,16,58.71,67.8,24°52.995336 N,46°39.478284 E,0,1,0,0,694.63,-0.25,2,148481.000,1,137.280,1244.55,-0.06,-0.06,5.97,-0.429213789344597,297.75,0.040,0,0,0,0.092661127448082
191813.000,16,58.68,67.8,24°52.995468 N,46°39.478644 E,0,1,0,0,694.62,-0.25,2,148514.000,1,137.320,1245.20,0.00,-0.02,5.97,-0.429418580873833,312.02,0.040,0,0,0,0.0699426382780075
191813.040,16,58.72,67.8,24°52.995606 N,46°39.478998 E,0,1,0,0,694.61,-0.25,2,148548.000,1,137.360,1245.85,0.02,0.02,5.96,-0.429184549356223,337.57,0.040,0,0,0,0.0537797212600708
191813.080,16,58.75,67.9,24°52.995738 N,46°39.479358 E,0,1,0,0,694.58,-0.29,2,148581.000,1,137.400,1246.51,-0.08,0.03,5.96,-0.490196078431372,331.58,0.040,0,0,0,0.0612979903817177
191813.120,16,58.68,68.0,24°52.995870 N,46°39.479718 E,0,1,0,0,694.57,-0.29,2,148614.000,1,137.440,1247.16,-0.09,-0.05,5.96,-0.49079754601227,333.54,0.040,0,0,0,0.0666227713227272
191813.160,16,58.47,68.0,24°52.996002 N,46°39.480072 E,0,1,0,0,694.57,-0.29,2,148681.000,1,137.480,1247.81,0.00,-0.15,5.95,-0.492577136211261,359.75,0.040,0,0,0,0.0980503484606743
191813.200,16,58.52,68.1,24°52.996128 N,46°39.480432 E,0,1,0,0,694.56,-0.29,2,148714.000,1,137.520,1248.46,-0.05,0.04,5.95,-0.492156259612427,412.40,0.040,0,0,0,0.057509358972311
191813.240,16,58.67,68.2,24°52.996260 N,46°39.480792 E,0,1,0,0,694.55,-0.29,2,148748.000,1,137.560,1249.11,-0.08,0.11,5.95,-0.490889566892226,413.16,0.040,0,0,0,0.0712785422801971
191813.280,16,58.65,68.2,24°52.996392 N,46°39.481146 E,0,1,0,0,694.55,-0.29,2,148781.000,1,137.600,1249.76,0.00,-0.01,5.95,-0.491040220968099,448.42,0.040,0,0,0,0.0478000491857529
191813.320,16,58.63,68.2,24°52.996524 N,46°39.481506 E,0,1,0,0,694.54,-0.29,2,148814.000,1,137.640,1250.41,-0.01,-0.02,5.94,-0.491249616211237,477.68,0.040,0,0,0,0.0387646704912186
191813.360,16,58.72,68.3,24°52.996656 N,46°39.481866 E,0,1,0,0,694.52,-0.29,2,148881.000,1,137.680,1251.07,-0.09,0.06,5.94,-0.490496627835684,507.88,0.040,0,0,0,0.0582327581942081
191813.400,16,58.89,68.4,24°52.996788 N,46°39.482226 E,0,1,0,0,694.51,-0.29,2,148914.000,1,137.720,1251.72,-0.04,0.12,5.94,-0.489030768185832,522.66,0.040,0,0,0,0.0910013765096664
191813.440,16,59.00,68.6,24°52.996914 N,46°39.482586 E,0,1,0,0,694.50,-0.29,2,148948.000,1,137.760,1252.37,-0.13,0.07,5.93,-0.488160414936353,488.62,0.040,0,0,0,0.0987301468849182
191813.480,16,58.78,68.7,24°52.997040 N,46°39.482946 E,0,1,0,0,694.50,-0.29,2,148981.000,1,137.800,1253.03,-0.08,-0.15,5.93,-0.489929232444202,496.33,0.040,0,0,0,0.075438991189003
191813.520,16,58.71,68.6,24°52.997172 N,46°39.483306 E,0,1,0,0,694.49,-0.29,2,149014.000,1,137.840,1253.68,0.06,-0.05,5.93,-0.490555110800729,649.63,0.040,0,0,0,0.0604066997766495
191813.560,16,58.44,68.4,24°52.997304 N,46°39.483660 E,0,1,0,0,694.49,-0.29,2,149081.000,1,137.880,1254.33,0.10,-0.19,5.92,-0.492796276650354,885.84,0.040,0,0,0,0.11752799898386
191813.600,16,58.45,68.5,24°52.997430 N,46°39.484020 E,0,1,0,0,694.47,-0.29,2,149114.000,1,137.920,1254.98,-0.03,0.00,5.92,-0.492762550046196,825.62,0.040,0,0,0,0.0590738281607628
191813.640,16,58.51,68.6,24°52.997562 N,46°39.484374 E,0,1,0,0,694.46,-0.32,2,149148.000,1,137.960,1255.63,-0.09,0.05,5.92,-0.553713641179889,679.77,0.040,0,0,0,0.0293582808226347
191813.680,16,58.56,68.7,24°52.997688 N,46°39.484734 E,0,1,0,0,694.45,-0.29,2,149181.000,1,138.000,1256.28,-0.07,0.03,5.91,-0.491794880551903,692.96,0.040,0,0,0,0.0402408204972744
191813.720,16,58.48,68.7,24°52.997814 N,46°39.485094 E,0,1,0,0,694.45,-0.29,2,149214.000,1,138.040,1256.93,0.01,-0.06,5.91,-0.492518170158187,827.25,0.040,0,0,0,0.0372670888900757
191813.760,16,58.54,68.8,24°52.997940 N,46°39.485454 E,0,1,0,0,694.44,-0.29,2,149281.000,1,138.080,1257.58,-0.08,0.05,5.91,-0.491946090907538,714.89,0.040,0,0,0,0.0409419797360897
191813.800,16,58.53,68.9,24°52.998066 N,46°39.485814 E,0,1,0,0,694.44,-0.29,2,149314.000,1,138.120,1258.23,-0.05,-0.01,5.90,-0.492038543019203,719.36,0.040,0,0,0,0.0414704717695713
191813.840,16,58.47,69.0,24°52.998192 N,46°39.486168 E,0,1,0,0,694.43,-0.29,2,149348.000,1,138.160,1258.88,-0.12,-0.04,5.90,-0.492551863316858,666.30,0.040,0,0,0,0.061214629560709
191813.880,16,58.45,69.2,24°52.998318 N,46°39.486528 E,0,1,0,0,694.42,-0.29,2,149381.000,1,138.200,1259.53,-0.07,-0.01,5.90,-0.492728828058169,591.27,0.040,0,0,0,0.0634607225656509
191813.920,16,58.55,69.3,24°52.998444 N,46°39.486894 E,0,1,0,0,694.41,-0.29,2,149414.000,1,138.240,1260.18,-0.08,0.07,5.89,-0.491912480571165,534.50,0.040,0,0,0,0.0704191699624062
191813.960,16,58.75,69.3,24°52.998570 N,46°39.487254 E,0,1,0,0,694.40,-0.29,2,149481.000,1,138.280,1260.83,-0.01,0.14,5.89,-0.490254489743808,605.15,0.040,0,0,0,0.0985873863101006
191814.000,16,58.79,69.3,24°52.998690 N,46°39.487614 E,0,1,0,0,694.40,-0.29,2,149514.000,1,138.320,1261.49,-0.04,0.03,5.89,-0.489862566335556,606.94,0.040,0,0,0,0.0765765532851219
191814.040,16,58.56,69.4,24°52.998816 N,46°39.487974 E,0,1,0,0,694.39,-0.29,2,149548.000,1,138.360,1262.14,-0.09,-0.16,5.88,-0.491794880551903,642.04,0.040,0,0,0,0.0780236274003983
191814.080,16,58.30,69.3,24°52.998942 N,46°39.488328 E,0,1,0,0,694.39,-0.29,2,149581.000,1,138.400,1262.79,0.13,-0.19,5.88,-0.494038939874775,941.92,0.040,0,0,0,0.122373998165131
191814.120,16,58.08,69.3,24°52.999062 N,46°39.488688 E,0,1,0,0,694.37,-0.29,2,149614.000,1,138.440,1263.43,-0.01,-0.16,5.88,-0.495910460611278,804.90,0.040,0,0,0,0.13924640417099
191814.160,16,57.89,69.4,24°52.999182 N,46°39.489042 E,0,1,0,0,694.36,-0.32,2,149681.000,1,138.480,1264.08,-0.07,-0.13,5.87,-0.559701492537313,597.61,0.040,0,0,0,0.138078704476357
191814.200,16,57.86,69.5,24°52.999308 N,46°39.489402 E,0,1,0,0,694.35,-0.32,2,149714.000,1,138.520,1264.72,-0.09,-0.02,5.87,-0.560011061946903,548.10,0.040,0,0,0,0.0885786563158035
191814.240,16,57.86,69.4,24°52.999428 N,46°39.489756 E,0,1,0,0,694.33,-0.32,2,149748.000,1,138.560,1265.36,0.05,0.00,5.87,-0.559943314380519,669.76,0.040,0,0,0,0.0434439890086651
191814.280,16,57.97,69.3,24°52.999554 N,46°39.490110 E,0,1,0,0,694.34,-0.32,2,149781.000,1,138.600,1266.01,0.13,0.07,5.86,-0.558938706505426,1000.00,0.040,0,0,0,0.0197807103395462
191814.320,16,58.09,69.1,24°52.999680 N,46°39.490470 E,0,1,0,0,694.34,-0.29,2,149814.000,1,138.640,1266.65,0.12,0.08,5.86,-0.495816547877285,1000.00,0.040,0,0,0,0.0590919889509678
191814.360,16,58.12,69.0,24°52.999806 N,46°39.490824 E,0,1,0,0,694.34,-0.29,2,149881.000,1,138.680,1267.30,0.09,0.03,5.86,-0.495509445648808,1000.00,0.040,0,0,0,0.0562482103705406
191814.400,16,58.22,68.9,24°52.999932 N,46°39.491184 E,0,1,0,0,694.34,-0.25,2,149914.000,1,138.720,1267.94,0.03,0.07,5.85,-0.432870688470524,1000.00,0.040,0,0,0,0.0653306767344475
191814.440,16,58.45,69.0,24°53.000058 N,46°39.491544 E,0,1,0,0,694.34,-0.25,2,149948.000,1,138.760,1268.59,-0.02,0.17,5.85,-0.431137724550898,1000.00,0.040,0,0,0,0.112247802317142
191814.480,16,58.53,69.0,24°53.000184 N,46°39.491904 E,0,1,0,0,694.34,-0.25,2,149981.000,1,138.800,1269.24,0.00,0.06,5.85,-0.430555792854824,1000.00,0.040,0,0,0,0.0852771028876305
191814.520,16,58.26,68.9,24°53.000310 N,46°39.492258 E,0,1,0,0,694.33,-0.25,2,150014.000,1,138.840,1269.89,0.03,-0.19,5.85,-0.432528921080636,1000.00,0.040,0,0,0,0.0576871410012245
191814.560,16,58.23,68.8,24°53.000442 N,46°39.492612 E,0,1,0,0,694.33,-0.25,2,150081.000,1,138.880,1270.54,0.11,-0.03,5.84,-0.432796345275307,1000.00,0.040,0,0,0,0.0556547194719315
191814.600,16,58.05,68.6,24°53.000568 N,46°39.492966 E,0,1,0,0,694.32,-0.25,2,150114.000,1,138.920,1271.18,0.10,-0.12,5.84,-0.434078616460537,799.96,0.040,0,0,0,0.0957863330841064
191814.640,16,57.79,68.7,24°53.000694 N,46°39.493320 E,0,1,0,0,694.31,-0.29,2,150148.000,1,138.960,1271.83,-0.03,-0.18,5.84,-0.498321625082188,708.46,0.040,0,0,0,0.13702030479908
191814.680,16,57.46,68.6,24°53.000820 N,46°39.493668 E,0,1,0,0,694.30,-0.25,2,150181.000,1,139.000,1272.47,0.05,-0.23,5.83,-0.438543062492386,806.96,0.040,0,0,0,0.187637403607368
191814.720,16,57.31,68.6,24°53.000946 N,46°39.494022 E,0,1,0,0,694.29,-0.29,2,150214.000,1,139.040,1273.11,0.00,-0.11,5.83,-0.502573946427013,790.78,0.040,0,0,0,0.151184394955635
191814.760,16,57.11,68.7,24°53.001066 N,46°39.494370 E,0,1,0,0,694.28,-0.29,2,150281.000,1,139.080,1273.74,-0.08,-0.14,5.83,-0.50428996673087,816.41,0.040,0,0,0,0.143020898103714
191814.800,16,57.15,68.6,24°53.001192 N,46°39.494718 E,0,1,0,0,694.26,-0.32,2,150314.000,1,139.120,1274.38,0.08,0.03,5.82,-0.566929133858268,603.70,0.040,0,0,0,0.0619137100875378
191814.840,16,57.15,68.6,24°53.001318 N,46°39.495072 E,0,1,0,0,694.24,-0.32,2,150348.000,1,139.160,1275.01,0.02,0.00,5.82,-0.566968816715081,631.60,0.040,0,0,0,0.0370594710111618
191814.880,16,57.24,68.5,24°53.001444 N,46°39.495426 E,0,1,0,0,694.25,-0.29,2,150381.000,1,139.200,1275.65,0.02,0.07,5.82,-0.503109496191741,768.83,0.040,0,0,0,0.0285968407988548
191814.920,16,57.49,68.4,24°53.001576 N,46°39.495774 E,0,1,0,0,694.25,-0.29,2,150414.000,1,139.240,1276.28,0.10,0.17,5.81,-0.500974116337322,803.76,0.040,0,0,0,0.102980703115463
191814.960,16,57.62,68.4,24°53.001702 N,46°39.496128 E,0,1,0,0,694.25,-0.25,2,150481.000,1,139.280,1276.92,-0.02,0.09,5.81,-0.43733296310437,1000.00,0.040,0,0,0,0.0985657200217247
191815.000,16,57.55,68.4,24°53.001828 N,46°39.496482 E,0,1,0,0,694.24,-0.25,2,150514.000,1,139.320,1277.56,0.00,-0.05,5.81,-0.437910541132312,1000.00,0.040,0,0,0,0.028547290712595
191815.040,16,57.54,68.5,24°53.001954 N,46°39.496836 E,0,1,0,0,694.23,-0.29,2,150548.000,1,139.360,1278.20,-0.02,-0.01,5.81,-0.500564873555227,1000.00,0.040,0,0,0,0.0135816903784871
191815.080,16,57.51,68.3,24°53.002086 N,46°39.497184 E,0,1,0,0,694.22,-0.25,2,150581.000,1,139.400,1278.84,0.11,-0.02,5.80,-0.438215142767711,844.83,0.040,0,0,0,0.0327279902994633
191815.120,16,57.49,68.1,24°53.002212 N,46°39.497538 E,0,1,0,0,694.23,-0.25,2,150614.000,1,139.440,1279.48,0.17,-0.01,5.80,-0.438352351795157,643.58,0.040,0,0,0,0.0608551800251007
191815.160,16,57.38,68.0,24°53.002344 N,46°39.497886 E,0,1,0,0,694.22,-0.25,2,150681.000,1,139.480,1280.12,0.03,-0.07,5.80,-0.439146800501882,734.55,0.040,0,0,0,0.0682545676827431
191815.200,16,57.23,68.0,24°53.002470 N,46°39.498234 E,0,1,0,0,694.21,-0.25,2,150714.000,1,139.520,1280.76,0.03,-0.11,5.79,-0.440359277251599,845.93,0.040,0,0,0,0.0910146310925484
191815.240,16,57.06,68.0,24°53.002602 N,46°39.498582 E,0,1,0,0,694.20,-0.25,2,150748.000,1,139.560,1281.39,-0.02,-0.12,5.79,-0.441640378548896,828.09,0.040,0,0,0,0.103442400693893
191815.280,16,56.93,68.0,24°53.002728 N,46°39.498930 E,0,1,0,0,694.18,-0.25,2,150781.000,1,139.600,1282.02,0.00,-0.09,5.79,-0.442648867029686,932.49,0.040,0,0,0,0.0987164527177811
191815.320,16,56.85,67.9,24°53.002854 N,46°39.499278 E,0,1,0,0,694.17,-0.25,2,150814.000,1,139.640,1282.66,0.10,-0.06,5.78,-0.443263970730506,752.96,0.040,0,0,0,0.086416132748127
191815.360,16,56.81,67.8,24°53.002986 N,46°39.499620 E,0,1,0,0,694.17,-0.25,2,150881.000,1,139.680,1283.29,0.03,-0.03,5.78,-0.443599493029151,621.39,0.040,0,0,0,0.0658487603068352
191815.400,16,56.72,67.8,24°53.003112 N,46°39.499968 E,0,1,0,0,694.17,-0.25,2,150914.000,1,139.720,1283.92,0.01,-0.06,5.78,-0.444272063749515,694.43,0.040,0,0,0,0.0664050877094269
191815.440,16,56.74,67.8,24°53.003244 N,46°39.500310 E,0,1,0,0,694.17,-0.25,2,150948.000,1,139.760,1284.55,0.02,0.01,5.78,-0.444131124427212,693.76,0.040,0,0,0,0.0377511791884899
191815.480,16,56.67,67.6,24°53.003376 N,46°39.500658 E,0,1,0,0,694.16,-0.25,2,150981.000,1,139.800,1285.18,0.14,-0.05,5.77,-0.444695418931319,566.64,0.040,0,0,0,0.0637314096093178
191815.520,16,56.66,67.5,24°53.003508 N,46°39.501000 E,0,1,0,0,694.15,-0.25,2,151014.000,1,139.840,1285.81,0.04,-0.01,5.77,-0.44478175688794,622.59,0.040,0,0,0,0.0536425411701202
191815.560,16,56.73,67.6,24°53.003634 N,46°39.501348 E,0,1,0,0,694.15,-0.25,2,151081.000,1,139.880,1286.44,-0.02,0.05,5.77,-0.444193753084679,627.03,0.040,0,0,0,0.0378661416471004
191815.600,16,56.68,67.5,24°53.003766 N,46°39.501690 E,0,1,0,0,694.14,-0.25,2,151114.000,1,139.920,1287.07,0.06,-0.04,5.77,-0.444640494044993,570.89,0.040,0,0,0,0.0408020205795765
191815.640,16,56.48,67.5,24°53.003898 N,46°39.502032 E,0,1,0,0,694.14,-0.25,2,151148.000,1,139.960,1287.70,-0.04,-0.14,5.76,-0.446175637393768,585.61,0.040,0,0,0,0.0787164568901062
191815.680,16,56.27,67.4,24°53.004024 N,46°39.502374 E,0,1,0,0,694.14,-0.22,2,151181.000,1,140.000,1288.32,0.07,-0.15,5.76,-0.383877159309021,626.98,0.040,0,0,0,0.117253698408604
191815.720,16,56.17,67.3,24°53.004156 N,46°39.502716 E,0,1,0,0,694.13,-0.22,2,151214.000,1,140.040,1288.95,0.09,-0.07,5.76,-0.384567450638275,723.83,0.040,0,0,0,0.101704902946949
191815.760,16,55.97,67.3,24°53.004288 N,46°39.503052 E,0,1,0,0,694.13,-0.22,2,151281.000,1,140.080,1289.57,0.02,-0.14,5.75,-0.385900344809104,729.20,0.040,0,0,0,0.121324099600315
191815.800,16,55.88,67.2,24°53.004420 N,46°39.503394 E,0,1,0,0,694.12,-0.22,2,151314.000,1,140.120,1290.19,0.08,-0.06,5.75,-0.386521840273428,653.97,0.040,0,0,0,0.101368300616741
191815.840,16,55.52,67.2,24°53.004546 N,46°39.503724 E,0,1,0,0,694.12,-0.22,2,151348.000,1,140.160,1290.81,-0.02,-0.25,5.75,-0.389027970390649,651.36,0.040,0,0,0,0.175642400979996
191815.880,16,55.15,67.3,24°53.004672 N,46°39.504060 E,0,1,0,0,694.10,-0.22,2,151381.000,1,140.200,1291.43,-0.04,-0.26,5.75,-0.391644908616188,697.57,0.040,0,0,0,0.218288004398346
191815.920,16,54.72,67.3,24°53.004798 N,46°39.504390 E,0,1,0,0,694.09,-0.25,2,151414.000,1,140.240,1292.04,0.00,-0.31,5.74,-0.460559982454858,846.84,0.040,0,0,0,0.263412892818451
191815.960,16,54.37,67.2,24°53.004924 N,46°39.504720 E,0,1,0,0,694.07,-0.25,2,151481.000,1,140.280,1292.64,0.06,-0.24,5.74,-0.463482371116956,770.33,0.040,0,0,0,0.255114406347275
191816.000,16,54.24,67.1,24°53.005050 N,46°39.505050 E,0,1,0,0,694.06,-0.25,2,151514.000,1,140.320,1293.25,0.04,-0.09,5.74,-0.464593204402574,722.40,0.040,0,0,0,0.175194501876831
191816.040,16,54.16,67.2,24°53.005176 N,46°39.505374 E,0,1,0,0,694.06,-0.25,2,151548.000,1,140.360,1293.85,-0.04,-0.06,5.74,-0.46530521806566,815.73,0.040,0,0,0,0.116705998778343
191816.080,16,54.09,67.1,24°53.005302 N,46°39.505704 E,0,1,0,0,694.05,-0.22,2,151581.000,1,140.400,1294.45,0.02,-0.05,5.73,-0.399334442595674,1000.00,0.040,0,0,0,0.0837586224079132
191816.120,16,54.00,67.1,24°53.005428 N,46°39.506034 E,0,1,0,0,694.04,-0.25,2,151614.000,1,140.440,1295.05,0.00,-0.06,5.73,-0.466632101325828,1000.00,0.040,0,0,0,0.0729890316724777
191816.160,16,54.13,67.2,24°53.005554 N,46°39.506364 E,0,1,0,0,694.01,-0.25,2,151681.000,1,140.480,1295.65,-0.04,0.09,5.73,-0.465545907999261,1000.00,0.040,0,0,0,0.00957609619945288
191816.200,16,54.12,67.0,24°53.005686 N,46°39.506694 E,0,1,0,0,694.00,-0.29,2,151714.000,1,140.520,1296.25,0.12,-0.01,5.73,-0.53213111119323,1000.00,0.040,0,0,0,0.0264563802629709
191816.240,16,53.86,66.6,24°53.005818 N,46°39.507018 E,0,1,0,0,694.00,-0.25,2,151748.000,1,140.560,1296.85,0.28,-0.18,5.72,-0.467853628650465,527.00,0.040,0,0,0,0.119743198156357
191816.280,16,53.60,66.7,24°53.005944 N,46°39.507342 E,0,1,0,0,693.99,-0.25,2,151781.000,1,140.600,1297.45,-0.06,-0.19,5.72,-0.470175569528145,642.98,0.040,0,0,0,0.148783698678017
191816.320,16,53.48,66.7,24°53.006070 N,46°39.507666 E,0,1,0,0,693.97,-0.25,2,151814.000,1,140.640,1298.04,-0.02,-0.08,5.72,-0.471186567443252,789.36,0.040,0,0,0,0.11693149805069
191816.360,16,53.36,66.5,24°53.006196 N,46°39.507984 E,0,1,0,0,693.96,-0.25,2,151881.000,1,140.680,1298.64,0.09,-0.09,5.71,-0.4722727187541,672.22,0.040,0,0,0,0.110307902097702
191816.400,16,53.31,66.4,24°53.006328 N,46°39.508308 E,0,1,0,0,693.95,-0.25,2,151914.000,1,140.720,1299.23,0.12,-0.03,5.71,-0.472689075630252,621.60,0.040,0,0,0,0.0914210975170135
191816.440,16,53.04,66.1,24°53.006460 N,46°39.508626 E,0,1,0,0,693.95,-0.25,2,151948.000,1,140.760,1299.82,0.14,-0.19,5.71,-0.475122079978883,480.08,0.040,0,0,0,0.151672393083572
191816.480,16,52.59,65.9,24°53.006586 N,46°39.508938 E,0,1,0,0,693.94,-0.25,2,151981.000,1,140.800,1300.41,0.12,-0.32,5.71,-0.479160328567082,385.14,0.040,0,0,0,0.239578500390053
191816.520,16,52.20,65.7,24°53.006718 N,46°39.509250 E,0,1,0,0,693.93,-0.25,2,152014.000,1,140.840,1300.99,0.15,-0.28,5.70,-0.482758620689655,323.89,0.040,0,0,0,0.26987761259079
191816.560,16,51.97,65.5,24°53.006844 N,46°39.509556 E,0,1,0,0,693.93,-0.22,2,152081.000,1,140.880,1301.57,0.15,-0.16,5.70,-0.415600407904104,296.48,0.040,0,0,0,0.233056604862213
191816.600,16,51.84,65.4,24°53.006976 N,46°39.509868 E,0,1,0,0,693.92,-0.22,2,152114.000,1,140.920,1302.15,0.04,-0.09,5.70,-0.41663451894144,296.63,0.040,0,0,0,0.176501199603081
191816.640,16,51.58,65.3,24°53.007108 N,46°39.510174 E,0,1,0,0,693.92,-0.22,2,152148.000,1,140.960,1302.72,0.11,-0.19,5.70,-0.418791321713167,259.63,0.040,0,0,0,0.194919005036354
191816.680,16,51.26,65.2,24°53.007234 N,46°39.510480 E,0,1,0,0,693.91,-0.22,2,152181.000,1,141.000,1303.29,0.04,-0.22,5.69,-0.421381193913383,253.23,0.040,0,0,0,0.214886099100113
191816.720,16,50.97,64.9,24°53.007366 N,46°39.510786 E,0,1,0,0,693.90,-0.22,2,152214.000,1,141.040,1303.86,0.17,-0.21,5.69,-0.42382026881193,222.03,0.040,0,0,0,0.227405801415443
191816.760,16,50.66,64.6,24°53.007498 N,46°39.511086 E,0,1,0,0,693.88,-0.25,2,152281.000,1,141.080,1304.42,0.23,-0.22,5.69,-0.497443692137626,184.99,0.040,0,0,0,0.245892897248268
191816.800,16,50.40,64.4,24°53.007630 N,46°39.511380 E,0,1,0,0,693.86,-0.25,2,152314.000,1,141.120,1304.99,0.10,-0.18,5.69,-0.499960320609475,185.48,0.040,0,0,0,0.230256497859955
191816.840,16,50.18,64.2,24°53.007762 N,46°39.511680 E,0,0,0,0,693.86,-0.25,1,152348.000,1,141.160,1305.54,0.15,-0.16,5.68,-0.50222213364689,199.48,0.040,0,0,0,0.218353495001793
191816.880,16,49.93,64.0,24°53.007894 N,46°39.511974 E,0,1,0,0,693.86,-0.22,2,152381.000,1,141.200,1306.10,0.11,-0.18,5.68,-0.43264897346019,179.16,0.040,0,0,0,0.216411396861076
191816.920,16,49.80,63.7,24°53.008026 N,46°39.512268 E,0,1,0,0,693.84,-0.25,2,152414.000,1,141.240,1306.65,0.18,-0.09,5.68,-0.506003774948797,159.86,0.040,0,0,0,0.18838919699192
191816.960,16,49.60,63.5,24°53.008164 N,46°39.512556 E,0,1,0,0,693.82,-0.25,2,152481.000,1,141.280,1307.21,0.12,-0.14,5.67,-0.508054273099333,156.42,0.040,0,0,0,0.190263494849205
191817.000,16,49.33,63.1,24°53.008296 N,46°39.512850 E,0,1,0,0,693.80,-0.25,2,152514.000,1,141.320,1307.76,0.25,-0.19,5.67,-0.510803908055297,144.51,0.040,0,0,0,0.225406304001808
191817.040,16,49.07,62.8,24°53.008434 N,46°39.513132 E,0,1,0,0,693.79,-0.25,2,152548.000,1,141.360,1308.30,0.18,-0.19,5.67,-0.513573000733676,140.20,0.040,0,0,0,0.237731903791428
191817.080,16,48.97,62.6,24°53.008572 N,46°39.513420 E,0,1,0,0,693.78,-0.25,2,152581.000,1,141.400,1308.85,0.15,-0.07,5.67,-0.514558745456773,137.67,0.040,0,0,0,0.198953598737717
191817.120,16,48.88,62.1,24°53.008710 N,46°39.513702 E,0,1,0,0,693.78,-0.25,2,152614.000,1,141.440,1309.39,0.29,-0.07,5.66,-0.515579925118154,127.94,0.040,0,0,0,0.208130106329918
191817.160,16,48.89,61.9,24°53.008848 N,46°39.513984 E,0,1,0,0,693.77,-0.25,2,152681.000,1,141.480,1309.93,0.11,0.01,5.66,-0.515463917525773,129.43,0.040,0,0,0,0.176284804940224
191817.200,16,48.75,61.7,24°53.008992 N,46°39.514266 E,0,1,0,0,693.77,-0.22,2,152714.000,1,141.520,1310.48,0.11,-0.10,5.66,-0.443095101337491,124.57,0.040,0,0,0,0.174597099423409
191817.240,16,48.64,61.4,24°53.009130 N,46°39.514548 E,0,1,0,0,693.76,-0.22,2,152748.000,1,141.560,1311.02,0.19,-0.07,5.66,-0.444051559319943,119.47,0.040,0,0,0,0.181131199002266
191817.280,16,48.45,60.9,24°53.009274 N,46°39.514830 E,0,1,0,0,693.74,-0.25,2,152781.000,1,141.600,1311.56,0.26,-0.14,5.65,-0.52017752089999,108.93,0.040,0,0,0,0.212577998638153
191817.320,16,48.34,60.5,24°53.009424 N,46°39.515106 E,0,1,0,0,693.72,-0.25,2,152814.000,1,141.640,1312.09,0.28,-0.07,5.65,-0.521264272712229,103.65,0.040,0,0,0,0.222059398889542
191817.360,16,48.31,60.0,24°53.009568 N,46°39.515382 E,0,1,0,0,693.70,-0.29,2,152881.000,1,141.680,1312.63,0.29,-0.03,5.65,-0.596174546658938,100.72,0.040,0,0,0,0.229066297411919
191817.400,16,48.29,59.6,24°53.009718 N,46°39.515652 E,0,1,0,0,693.69,-0.25,2,152914.000,1,141.720,1313.17,0.24,-0.01,5.64,-0.521847173327811,95.35,0.040,0,0,0,0.229061901569366
191817.440,16,48.28,59.2,24°53.009868 N,46°39.515922 E,0,1,0,0,693.69,-0.25,2,152948.000,1,141.760,1313.71,0.22,-0.01,5.64,-0.52195526097763,92.82,0.040,0,0,0,0.225630402565002
191817.480,16,48.29,58.6,24°53.010024 N,46°39.516198 E,0,1,0,0,693.68,-0.25,2,152981.000,1,141.800,1314.24,0.35,0.01,5.64,-0.521847173327811,85.78,0.040,0,0,0,0.249473795294762
191817.520,15,48.30,58.2,24°53.010180 N,46°39.516468 E,0,1,0,0,693.67,-0.25,2,153014.000,1,141.840,1314.78,0.26,0.01,5.64,-0.521760735434179,83.51,0.040,0,0,0,0.25178200006485
191817.560,15,48.27,57.5,24°53.010342 N,46°39.516732 E,0,1,0,0,693.65,-0.25,2,153081.000,1,141.880,1315.31,0.42,-0.02,5.63,-0.522117476432197,76.51,0.040,0,0,0,0.284889608621597
191817.600,15,48.09,56.8,24°53.010504 N,46°39.516996 E,0,1,0,0,693.64,-0.29,2,153114.000,1,141.920,1315.85,0.38,-0.12,5.63,-0.598889558942793,73.40,0.040,0,0,0,0.312069892883301
191817.640,15,48.13,56.2,24°53.010666 N,46°39.517254 E,0,1,0,0,693.63,-0.29,2,153148.000,1,141.960,1316.38,0.37,0.03,5.63,-0.598441558441558,69.86,0.040,0,0,0,0.317577809095383
191817.680,15,48.01,55.6,24°53.010834 N,46°39.517512 E,0,1,0,0,693.63,-0.29,2,153181.000,1,142.000,1316.92,0.37,-0.08,5.62,-0.599925009373828,65.84,0.040,0,0,0,0.332685708999634
191817.720,15,47.90,54.9,24°53.011002 N,46°39.517764 E,0,1,0,0,693.63,-0.29,2,153214.000,1,142.040,1317.45,0.38,-0.07,5.62,-0.601227506158407,64.26,0.040,0,0,0,0.344678491353989
191817.760,15,47.82,54.4,24°53.011176 N,46°39.518016 E,0,1,0,0,693.61,-0.29,2,153281.000,1,142.080,1317.98,0.35,-0.06,5.62,-0.602271063803091,60.70,0.040,0,0,0,0.346525609493256
191817.800,15,47.69,53.7,24°53.011350 N,46°39.518268 E,0,1,0,0,693.61,-0.29,2,153314.000,1,142.120,1318.51,0.38,-0.09,5.61,-0.603862202000294,57.12,0.040,0,0,0,0.356005191802979
191817.840,15,47.57,52.9,24°53.011524 N,46°39.518514 E,0,1,0,0,693.61,-0.25,2,153348.000,1,142.160,1319.04,0.46,-0.08,5.61,-0.529701097237987,53.90,0.040,0,0,0,0.378033310174942
191817.880,15,47.70,52.4,24°53.011704 N,46°39.518760 E,0,1,0,0,693.59,-0.29,2,153381.000,1,142.200,1319.57,0.30,0.09,5.61,-0.603824220060382,53.57,0.040,0,0,0,0.354961305856705
191817.920,15,47.78,52.1,24°53.011884 N,46°39.519012 E,0,1,0,0,693.58,-0.29,2,153414.000,1,142.240,1320.10,0.23,0.06,5.61,-0.60277527784173,54.23,0.040,0,0,0,0.330498695373535
191817.960,15,47.55,51.3,24°53.012064 N,46°39.519252 E,0,1,0,0,693.57,-0.29,2,153481.000,1,142.280,1320.63,0.42,-0.17,5.60,-0.605741928699127,52.60,0.040,0,0,0,0.353386700153351
191818.000,15,47.16,50.6,24°53.012244 N,46°39.519486 E,0,1,0,0,693.56,-0.29,2,153514.000,1,142.320,1321.16,0.42,-0.27,5.60,-0.610635230260368,50.38,0.040,0,0,0,0.39868900179863
191818.040,15,46.64,49.7,24°53.012430 N,46°39.519720 E,0,1,0,0,693.57,-0.29,2,153548.000,1,142.360,1321.68,0.51,-0.37,5.60,-0.617469233737833,47.09,0.040,0,0,0,0.474689304828644
191818.080,15,46.41,48.8,24°53.012616 N,46°39.519942 E,0,1,0,0,693.56,-0.29,2,153581.000,1,142.400,1322.20,0.55,-0.16,5.59,-0.620542543793497,45.04,0.040,0,0,0,0.475303411483765
191818.120,15,46.09,48.2,24°53.012802 N,46°39.520164 E,0,1,0,0,693.56,-0.25,2,153614.000,1,142.440,1322.71,0.35,-0.22,5.59,-0.54670889920597,43.92,0.040,0,0,0,0.464883208274841
191818.160,15,45.73,47.6,24°53.012988 N,46°39.520386 E,0,0,0,0,693.56,-0.25,1,153681.000,1,142.480,1323.22,0.33,-0.26,5.59,-0.551048522883821,44.07,0.040,0,0,0,0.46044260263443
191818.200,15,45.42,47.3,24°53.013174 N,46°39.520602 E,0,1,0,0,693.55,-0.25,2,153714.000,1,142.520,1323.73,0.17,-0.22,5.58,-0.554846096261394,45.30,0.040,0,0,0,0.418840795755386
191818.240,15,45.18,46.3,24°53.013366 N,46°39.520812 E,0,1,0,0,693.55,-0.25,2,153748.000,1,142.560,1324.23,0.51,-0.17,5.58,-0.55771954674221,43.72,0.040,0,0,0,0.429922789335251
191818.280,15,44.92,45.6,24°53.013558 N,46°39.521016 E,0,1,0,0,693.55,-0.25,2,153781.000,1,142.600,1324.73,0.44,-0.18,5.58,-0.560947377793607,42.75,0.040,0,0,0,0.437663495540619
191818.320,15,44.52,44.5,24°53.013756 N,46°39.521214 E,0,1,0,0,693.55,-0.29,2,153814.000,1,142.640,1325.23,0.60,-0.29,5.58,-0.646885739314031,40.57,0.040,0,0,0,0.495484888553619
191818.360,15,43.56,43.4,24°53.013942 N,46°39.521406 E,0,1,0,0,693.54,-0.25,2,153881.000,1,142.680,1325.72,0.59,-0.68,5.57,-0.578459278303186,37.86,0.040,0,0,0,0.653576076030731
191818.400,15,42.70,42.5,24°53.014128 N,46°39.521586 E,0,1,0,0,693.56,-0.25,2,153914.000,1,142.720,1326.20,0.46,-0.61,5.57,-0.590163934426229,36.34,0.040,0,0,0,0.708761215209961
191818.440,15,41.94,41.3,24°53.014320 N,46°39.521754 E,0,1,0,0,693.56,-0.22,2,153948.000,1,142.760,1326.67,0.62,-0.54,5.57,-0.515021459227468,34.39,0.040,0,0,0,0.730810701847076
191818.480,15,41.41,40.3,24°53.014512 N,46°39.521928 E,0,1,0,0,693.55,-0.22,2,153981.000,1,142.800,1327.13,0.50,-0.37,5.56,-0.521600540919079,32.62,0.040,0,0,0,0.674489915370941
191818.520,15,41.07,39.6,24°53.014704 N,46°39.522096 E,0,1,0,0,693.54,-0.25,2,154014.000,1,142.840,1327.59,0.35,-0.24,5.56,-0.613556680950526,31.53,0.040,0,0,0,0.583595395088196
191818.560,15,40.80,38.9,24°53.014896 N,46°39.522264 E,0,1,0,0,693.52,-0.25,2,154081.000,1,142.880,1328.04,0.36,-0.19,5.56,-0.617616783491005,31.32,0.040,0,0,0,0.521776020526886
191818.600,16,40.69,38.0,24°53.015088 N,46°39.522426 E,0,1,0,0,693.50,-0.29,2,154114.000,1,142.920,1328.50,0.45,-0.08,5.56,-0.70784279991152,30.78,0.040,0,0,0,0.481214493513107
191818.640,16,40.80,37.0,24°53.015292 N,46°39.522582 E,0,1,0,0,693.51,-0.29,2,154148.000,1,142.960,1328.95,0.51,0.08,5.55,-0.705847752561149,30.54,0.040,0,0,0,0.463808089494705
191818.680,16,40.66,35.2,24°53.015496 N,46°39.522726 E,0,1,0,0,693.52,-0.25,2,154181.000,1,143.000,1329.40,0.87,-0.10,5.55,-0.619849956954864,28.68,0.040,0,0,0,0.549223124980927
191818.720,16,40.45,33.8,24°53.015706 N,46°39.522858 E,0,1,0,0,693.54,-0.22,2,154214.000,1,143.040,1329.85,0.73,-0.15,5.55,-0.533992583436341,26.86,0.040,0,0,0,0.592169582843781
191818.760,16,40.32,32.6,24°53.015910 N,46°39.522996 E,0,1,0,0,693.55,-0.22,2,154281.000,1,143.080,1330.30,0.59,-0.09,5.54,-0.535714285714286,25.69,0.040,0,0,0,0.592866718769073
191818.800,16,40.01,31.4,24°53.016120 N,46°39.523122 E,0,1,0,0,693.54,-0.22,2,154314.000,1,143.120,1330.75,0.60,-0.22,5.54,-0.539865033741565,24.05,0.040,0,0,0,0.608752429485321
191818.840,16,39.69,30.3,24°53.016330 N,46°39.523248 E,0,1,0,0,693.54,-0.22,2,154348.000,1,143.160,1331.19,0.51,-0.22,5.54,-0.544162845770142,23.67,0.040,0,0,0,0.603128373622894
191818.880,16,39.45,29.1,24°53.016540 N,46°39.523368 E,0,1,0,0,693.54,-0.22,2,154381.000,1,143.200,1331.63,0.60,-0.17,5.54,-0.547542396511952,22.90,0.040,0,0,0,0.605490386486053
191818.920,16,39.03,27.8,24°53.016750 N,46°39.523476 E,0,1,0,0,693.53,-0.22,2,154414.000,1,143.240,1332.06,0.65,-0.30,5.53,-0.553406266813558,22.31,0.040,0,0,0,0.638231217861176
191818.960,16,38.59,26.6,24°53.016960 N,46°39.523584 E,0,1,0,0,693.52,-0.25,2,154481.000,1,143.280,1332.50,0.57,-0.31,5.53,-0.652985074626866,21.93,0.040,0,0,0,0.648794114589691
191819.000,16,37.89,25.9,24°53.017158 N,46°39.523692 E,0,1,0,0,693.47,-0.32,2,154514.000,1,143.320,1332.92,0.32,-0.50,5.53,-0.855106888361045,21.79,0.040,0,0,0,0.658332228660583
191819.040,16,37.60,24.9,24°53.017368 N,46°39.523794 E,0,1,0,0,693.40,-0.43,2,154548.000,1,143.360,1333.34,0.48,-0.21,5.53,-1.14899728708974,21.84,0.040,0,0,0,0.600431501865387
191819.080,16,37.38,24.3,24°53.017572 N,46°39.523896 E,0,1,0,0,693.38,-0.47,2,154581.000,1,143.400,1333.76,0.26,-0.16,5.52,-1.25203991546055,22.27,0.040,0,0,0,0.522151172161102
191819.120,16,37.13,23.2,24°53.017776 N,46°39.523992 E,0,1,0,0,693.37,-0.47,2,154614.000,1,143.440,1334.17,0.51,-0.18,5.52,-1.26053815282678,21.55,0.040,0,0,0,0.520213425159454
191819.160,16,37.25,21.6,24°53.017986 N,46°39.524082 E,0,1,0,0,693.36,-0.50,2,154681.000,1,143.480,1334.58,0.74,0.09,5.51,-1.35305645789149,20.52,0.040,0,0,0,0.533620178699493
191819.200,16,37.28,20.1,24°53.018202 N,46°39.524160 E,0,1,0,0,693.36,-0.47,2,154714.000,1,143.520,1335.00,0.67,0.02,5.51,-1.25529746258248,19.90,0.040,0,0,0,0.558623671531677
191819.240,16,37.39,18.7,24°53.018418 N,46°39.524238 E,0,1,0,0,693.34,-0.50,2,154748.000,1,143.560,1335.41,0.65,0.08,5.50,-1.34784585350199,19.55,0.040,0,0,0,0.576964020729065
191819.280,16,37.59,17.4,24°53.018634 N,46°39.524310 E,0,1,0,0,693.34,-0.47,2,154781.000,1,143.600,1335.83,0.59,0.14,5.50,-1.24497885132079,20.16,0.040,0,0,0,0.585982978343964
191819.320,16,37.59,16.7,24°53.018850 N,46°39.524382 E,0,1,0,0,693.34,-0.47,2,154814.000,1,143.640,1336.25,0.33,0.00,5.49,-1.24507821645206,21.05,0.040,0,0,0,0.531696677207947
191819.360,16,37.66,15.9,24°53.019072 N,46°39.524442 E,0,1,0,0,693.36,-0.40,2,154881.000,1,143.680,1336.67,0.36,0.05,5.49,-1.05142978520033,21.61,0.040,0,0,0,0.499207705259323
191819.400,16,37.85,14.9,24°53.019294 N,46°39.524502 E,0,1,0,0,693.39,-0.36,2,154914.000,1,143.720,1337.08,0.50,0.13,5.48,-0.95119824556768,21.89,0.040,0,0,0,0.50592052936554
191819.440,16,37.71,14.0,24°53.019516 N,46°39.524562 E,0,1,0,0,693.40,-0.32,2,154948.000,1,143.760,1337.50,0.41,-0.10,5.48,-0.859279690234976,22.03,0.040,0,0,0,0.47984978556633
191819.480,16,37.61,13.0,24°53.019732 N,46°39.524616 E,0,1,0,0,693.40,-0.29,2,154981.000,1,143.800,1337.92,0.45,-0.07,5.47,-0.765835239057597,22.34,0.040,0,0,0,0.475038796663284
191819.520,16,37.69,12.3,24°53.019954 N,46°39.524664 E,0,1,0,0,693.41,-0.25,2,155014.000,1,143.840,1338.34,0.35,0.06,5.47,-0.668576886341929,23.24,0.040,0,0,0,0.449311703443527
191819.560,16,37.67,11.6,24°53.020182 N,46°39.524712 E,0,1,0,0,693.42,-0.25,2,155081.000,1,143.880,1338.76,0.33,-0.02,5.47,-0.669020628136034,23.97,0.040,0,0,0,0.426017701625824
191819.600,16,37.66,10.7,24°53.020404 N,46°39.524754 E,0,1,0,0,693.43,-0.25,2,155114.000,1,143.920,1339.18,0.40,0.00,5.46,-0.669091681491119,23.69,0.040,0,0,0,0.41988730430603
191819.640,16,37.49,10.0,24°53.020626 N,46°39.524790 E,0,1,0,0,693.42,-0.25,2,155148.000,1,143.960,1339.60,0.34,-0.12,5.46,-0.672179247799413,24.04,0.040,0,0,0,0.409663200378418
191819.680,16,37.28,8.8,24°53.020848 N,46°39.524826 E,0,1,0,0,693.43,-0.25,2,155181.000,1,144.000,1340.01,0.52,-0.15,5.46,-0.675929402929027,23.05,0.040,0,0,0,0.440089493989944
191819.720,16,37.08,7.2,24°53.021070 N,46°39.524850 E,0,1,0,0,693.45,-0.22,2,155214.000,1,144.040,1340.42,0.75,-0.15,5.45,-0.582587118351494,22.17,0.040,0,0,0,0.508173286914825
191819.760,16,36.93,5.8,24°53.021292 N,46°39.524868 E,0,1,0,0,693.45,-0.18,2,155281.000,1,144.080,1340.84,0.62,-0.11,5.45,-0.48747461069736,22.42,0.040,0,0,0,0.530573725700378
191819.800,16,36.82,4.9,24°53.021514 N,46°39.524886 E,0,1,0,0,693.44,-0.22,2,155314.000,1,144.120,1341.25,0.45,-0.07,5.45,-0.586621764753809,23.04,0.040,0,0,0,0.513093292713165
191819.840,16,36.88,4.0,24°53.021736 N,46°39.524904 E,0,1,0,0,693.44,-0.22,2,155348.000,1,144.160,1341.65,0.38,0.04,5.45,-0.585762711864407,23.96,0.040,0,0,0,0.480466693639755
191819.880,16,36.95,3.3,24°53.021958 N,46°39.524916 E,0,1,0,0,693.45,-0.18,2,155381.000,1,144.200,1342.06,0.31,0.06,5.45,-0.487092060399415,25.02,0.040,0,0,0,0.446388393640518
191819.920,16,37.03,2.5,24°53.022186 N,46°39.524922 E,0,1,0,0,693.46,-0.14,2,155414.000,1,144.240,1342.48,0.37,0.06,5.44,-0.388842383819836,24.92,0.040,0,0,0,0.431481689214706
191819.960,16,37.03,1.8,24°53.022408 N,46°39.524928 E,0,1,0,0,693.47,-0.11,2,155481.000,1,144.280,1342.89,0.33,0.00,5.44,-0.291686922702965,25.04,0.040,0,0,0,0.409446895122528
191820.000,16,37.07,1.1,24°53.022630 N,46°39.524928 E,0,1,0,0,693.47,-0.11,2,155514.000,1,144.320,1343.30,0.31,0.03,5.44,-0.291317131065735,25.79,0.040,0,0,0,0.390791594982147
191820.040,16,36.96,0.4,24°53.022852 N,46°39.524928 E,0,1,0,0,693.48,-0.11,2,155548.000,1,144.360,1343.71,0.34,-0.08,5.44,-0.292199886366711,25.94,0.040,0,0,0,0.381861805915833
191820.080,16,37.03,359.4,24°53.023080 N,46°39.524922 E,0,1,0,0,693.48,-0.07,2,155581.000,1,144.400,1344.12,0.45,0.05,5.44,-0.194436943019174,25.94,0.040,0,0,0,0.395399689674377
191820.120,16,37.31,358.4,24°53.023308 N,46°39.524910 E,0,1,0,0,693.50,-0.04,2,155614.000,1,144.440,1344.53,0.48,0.20,5.44,-0.0964888769766818,25.60,0.040,0,0,0,0.425291001796722
191820.160,16,37.38,357.3,24°53.023530 N,46°39.524898 E,0,1,0,0,693.51,0.00,2,155681.000,1,144.480,1344.95,0.50,0.05,5.43,0,24.99,0.040,0,0,0,0.436132699251175
191820.200,16,37.44,356.5,24°53.023758 N,46°39.524880 E,0,1,0,0,693.52,0.04,2,155714.000,1,144.520,1345.36,0.38,0.05,5.43,0.096143574404444,25.09,0.040,0,0,0,0.423793107271194
191820.240,16,37.69,355.7,24°53.023986 N,46°39.524856 E,0,1,0,0,693.52,0.04,2,155748.000,1,144.560,1345.78,0.36,0.18,5.43,0.0955109837631327,25.19,0.040,0,0,0,0.42512458562851
191820.280,16,37.77,355.1,24°53.024214 N,46°39.524832 E,0,1,0,0,693.53,0.04,2,155781.000,1,144.600,1346.20,0.28,0.05,5.43,0.0953187883922898,26.20,0.040,0,0,0,0.392080813646317
191820.320,16,37.73,354.3,24°53.024442 N,46°39.524808 E,0,1,0,0,693.54,0.07,2,155814.000,1,144.640,1346.62,0.35,-0.03,5.43,0.190839694656489,28.01,0.040,0,0,0,0.376185804605484
191820.360,16,37.90,353.4,24°53.024670 N,46°39.524772 E,0,1,0,0,693.55,0.07,2,155881.000,1,144.680,1347.04,0.44,0.12,5.43,0.189988653455419,29.10,0.040,0,0,0,0.394245594739914
191820.400,16,37.97,352.5,24°53.024898 N,46°39.524736 E,0,1,0,0,693.57,0.11,2,155914.000,1,144.720,1347.46,0.42,0.05,5.44,0.284412608958997,29.37,0.040,0,0,0,0.399237006902695
191820.440,16,38.09,351.7,24°53.025126 N,46°39.524700 E,0,1,0,0,693.58,0.14,2,155948.000,1,144.760,1347.89,0.36,0.08,5.44,0.378032132731282,29.62,0.040,0,0,0,0.39507719874382
191820.480,16,38.17,350.7,24°53.025354 N,46°39.524652 E,0,1,0,0,693.58,0.14,2,155981.000,1,144.800,1348.31,0.47,0.06,5.44,0.377249744570485,28.95,0.040,0,0,0,0.409419804811478
191820.520,16,38.19,349.7,24°53.025576 N,46°39.524604 E,0,1,0,0,693.58,0.11,2,156014.000,1,144.840,1348.73,0.49,0.01,5.44,0.282803948781063,28.44,0.040,0,0,0,0.422262400388718
191820.560,16,38.38,348.5,24°53.025804 N,46°39.524550 E,0,1,0,0,693.58,0.14,2,156081.000,1,144.880,1349.16,0.57,0.14,5.44,0.37519541427827,27.55,0.040,0,0,0,0.457864791154861
191820.600,16,38.31,347.5,24°53.026032 N,46°39.524490 E,0,1,0,0,693.58,0.11,2,156114.000,1,144.920,1349.58,0.47,-0.05,5.44,0.281903369789355,26.90,0.040,0,0,0,0.453125298023224
191820.640,16,38.04,346.9,24°53.026254 N,46°39.524436 E,0,1,0,0,693.58,0.14,2,156148.000,1,144.960,1350.01,0.29,-0.19,5.44,0.378538944822691,26.99,0.040,0,0,0,0.428511708974838
191820.680,16,37.89,346.3,24°53.026470 N,46°39.524370 E,0,1,0,0,693.59,0.14,2,156181.000,1,145.000,1350.43,0.31,-0.11,5.44,0.380047505938242,27.55,0.040,0,0,0,0.409346699714661
191820.720,16,37.97,345.4,24°53.026692 N,46°39.524304 E,0,1,0,0,693.59,0.14,2,156214.000,1,145.040,1350.85,0.40,0.05,5.45,0.379286730232313,28.02,0.040,0,0,0,0.398200213909149
191820.760,16,38.06,344.5,24°53.026914 N,46°39.524238 E,0,1,0,0,693.59,0.14,2,156281.000,1,145.080,1351.27,0.43,0.07,5.45,0.37832015342984,28.48,0.040,0,0,0,0.403986811637878
191820.800,16,38.20,343.8,24°53.027136 N,46°39.524166 E,0,1,0,0,693.59,0.14,2,156314.000,1,145.120,1351.70,0.36,0.10,5.45,0.37696335078534,28.72,0.040,0,0,0,0.39851239323616
191820.840,16,38.16,343.0,24°53.027352 N,46°39.524088 E,0,1,0,0,693.59,0.14,2,156348.000,1,145.160,1352.12,0.34,-0.03,5.45,0.377398050110074,28.80,0.040,0,0,0,0.384420394897461
191820.880,16,38.03,342.3,24°53.027568 N,46°39.524010 E,0,1,0,0,693.60,0.14,2,156381.000,1,145.200,1352.55,0.34,-0.09,5.45,0.378608613345954,28.44,0.040,0,0,0,0.376459300518036
191820.920,16,38.11,341.8,24°53.027790 N,46°39.523926 E,0,1,0,0,693.61,0.14,2,156414.000,1,145.240,1352.97,0.25,0.05,5.45,0.377893245158243,28.96,0.040,0,0,0,0.350248903036118
191820.960,16,38.12,341.3,24°53.028006 N,46°39.523842 E,0,1,0,0,693.61,0.14,2,156481.000,1,145.280,1353.39,0.23,0.01,5.45,0.377754459601259,30.04,0.040,0,0,0,0.32560521364212
191821.000,16,38.04,340.8,24°53.028222 N,46°39.523752 E,0,1,0,0,693.62,0.18,2,156514.000,1,145.320,1353.82,0.22,-0.06,5.46,0.473210999526789,31.08,0.040,0,0,0,0.305638611316681
191821.040,16,37.98,340.5,24°53.028438 N,46°39.523668 E,0,1,0,0,693.63,0.18,2,156548.000,1,145.360,1354.24,0.14,-0.04,5.46,0.473983568569623,32.36,0.040,0,0,0,0.273314386606216
191821.080,16,38.05,340.1,24°53.028654 N,46°39.523578 E,0,1,0,0,693.64,0.18,2,156581.000,1,145.400,1354.66,0.20,0.05,5.46,0.473086627417998,34.15,0.040,0,0,0,0.257040590047836
191821.120,16,38.01,339.5,24°53.028870 N,46°39.523488 E,0,1,0,0,693.64,0.14,2,156614.000,1,145.440,1355.08,0.28,-0.03,5.46,0.378897513485068,35.59,0.040,0,0,0,0.261010706424713
191821.160,16,38.01,338.8,24°53.029080 N,46°39.523392 E,0,1,0,0,693.64,0.14,2,156681.000,1,145.480,1355.50,0.32,0.00,5.46,0.37882773860886,37.49,0.040,0,0,0,0.272233694791794
191821.200,16,37.97,338.5,24°53.029290 N,46°39.523302 E,0,1,0,0,693.65,0.14,2,156714.000,1,145.520,1355.93,0.14,-0.03,5.47,0.37921681194533,40.27,0.040,0,0,0,0.246950194239616
191821.240,16,37.98,338.2,24°53.029506 N,46°39.523206 E,0,1,0,0,693.66,0.18,2,156748.000,1,145.560,1356.35,0.16,0.00,5.47,0.473983568569623,41.53,0.040,0,0,0,0.229365795850754
191821.280,16,37.77,337.7,24°53.029716 N,46°39.523104 E,0,1,0,0,693.67,0.18,2,156781.000,1,145.600,1356.77,0.22,-0.15,5.47,0.476593941961449,42.23,0.040,0,0,0,0.239866703748703
191821.320,16,37.85,337.6,24°53.029926 N,46°39.523008 E,0,1,0,0,693.67,0.14,2,156814.000,1,145.640,1357.19,0.08,0.06,5.47,0.380479298227072,45.97,0.040,0,0,0,0.197692900896072
191821.360,16,37.77,337.3,24°53.030130 N,46°39.522912 E,0,1,0,0,693.67,0.14,2,156881.000,1,145.680,1357.61,0.13,-0.05,5.47,0.381244870403219,49.92,0.040,0,0,0,0.185805201530457
191821.400,16,37.77,336.6,24°53.030340 N,46°39.522810 E,0,1,0,0,693.67,0.14,2,156914.000,1,145.720,1358.03,0.33,0.00,5.47,0.381244870403219,50.22,0.040,0,0,0,0.213514104485512
191821.440,16,37.67,336.2,24°53.030544 N,46°39.522708 E,0,1,0,0,693.68,0.14,2,156948.000,1,145.760,1358.45,0.19,-0.07,5.48,0.382297501792019,52.36,0.040,0,0,0,0.213983595371246
191821.480,16,37.58,335.8,24°53.030754 N,46°39.522600 E,0,1,0,0,693.70,0.18,2,156981.000,1,145.800,1358.87,0.15,-0.06,5.48,0.479016419618384,55.42,0.040,0,0,0,0.204769805073738
191821.520,16,37.57,335.7,24°53.030958 N,46°39.522498 E,0,1,0,0,693.72,0.18,2,157014.000,1,145.840,1359.28,0.05,0.00,5.48,0.479105669417088,59.23,0.040,0,0,0,0.171314403414726
191821.560,16,37.74,335.6,24°53.031162 N,46°39.522390 E,0,1,0,0,693.73,0.22,2,157081.000,1,145.880,1359.70,0.08,0.12,5.48,0.572412879289784,62.82,0.040,0,0,0,0.15628570318222
191821.600,16,37.76,335.2,24°53.031372 N,46°39.522288 E,0,1,0,0,693.74,0.22,2,157114.000,1,145.920,1360.12,0.16,0.02,5.48,0.572033898305085,64.29,0.040,0,0,0,0.155085995793343
191821.640,16,37.77,334.9,24°53.031576 N,46°39.522180 E,0,1,0,0,693.74,0.18,2,157148.000,1,145.960,1360.54,0.16,0.01,5.49,0.476556088004024,63.69,0.040,0,0,0,0.155184105038643
191821.680,16,37.76,334.7,24°53.031780 N,46°39.522066 E,0,1,0,0,693.75,0.18,2,157181.000,1,146.000,1360.96,0.10,0.00,5.49,0.476644423260248,66.18,0.040,0,0,0,0.143089398741722
191821.720,16,37.61,334.5,24°53.031984 N,46°39.521964 E,0,1,0,0,693.76,0.22,2,157214.000,1,146.040,1361.38,0.07,-0.11,5.49,0.574269534469465,71.56,0.040,0,0,0,0.138387903571129
191821.760,16,37.61,334.3,24°53.032188 N,46°39.521850 E,0,1,0,0,693.77,0.22,2,157281.000,1,146.080,1361.80,0.09,0.00,5.49,0.574269534469465,79.01,0.040,0,0,0,0.124750703573227
191821.800,16,37.64,333.9,24°53.032386 N,46°39.521742 E,0,1,0,0,693.78,0.22,2,157314.000,1,146.120,1362.22,0.19,0.02,5.49,0.57382710801764,77.14,0.040,0,0,0,0.136717706918716
191821.840,16,37.62,333.6,24°53.032590 N,46°39.521628 E,0,1,0,0,693.79,0.22,2,157348.000,1,146.160,1362.63,0.14,-0.01,5.50,0.574101637252817,77.85,0.040,0,0,0,0.13721789419651
191821.880,16,37.57,333.2,24°53.032788 N,46°39.521514 E,0,1,0,0,693.80,0.22,2,157381.000,1,146.200,1363.05,0.18,-0.04,5.50,0.574880898517552,79.00,0.040,0,0,0,0.147911503911018
191821.920,16,37.44,332.9,24°53.032992 N,46°39.521400 E,0,1,0,0,693.80,0.22,2,157414.000,1,146.240,1363.47,0.13,-0.09,5.50,0.576923076923077,76.69,0.040,0,0,0,0.15491309762001
191821.960,16,37.23,332.7,24°53.033190 N,46°39.521286 E,0,1,0,0,693.81,0.22,2,157481.000,1,146.280,1363.88,0.10,-0.15,5.50,0.580208445256259,77.08,0.040,0,0,0,0.170602098107338
191822.000,16,36.99,332.4,24°53.033382 N,46°39.521172 E,0,1,0,0,693.82,0.22,2,157514.000,1,146.320,1364.30,0.12,-0.17,5.51,0.583878466778396,84.96,0.040,0,0,0,0.188518404960632
191822.040,16,36.83,332.2,24°53.033580 N,46°39.521058 E,0,1,0,0,693.82,0.18,2,157548.000,1,146.360,1364.71,0.11,-0.12,5.51,0.488758553274682,88.16,0.040,0,0,0,0.17970409989357
191822.080,16,36.74,331.6,24°53.033772 N,46°39.520944 E,0,1,0,0,693.83,0.18,2,157581.000,1,146.400,1365.11,0.25,-0.06,5.51,0.489902563823417,83.20,0.040,0,0,0,0.178984105587006
191822.120,16,36.41,331.2,24°53.033964 N,46°39.520824 E,0,1,0,0,693.84,0.18,2,157614.000,1,146.440,1365.52,0.19,-0.24,5.51,0.494369678659709,77.01,0.040,0,0,0,0.228721603751183
191822.160,16,36.16,331.3,24°53.034150 N,46°39.520716 E,0,1,0,0,693.86,0.22,2,157681.000,1,146.480,1365.92,-0.04,-0.18,5.51,0.597312095569935,80.78,0.040,0,0,0,0.208315998315811
191822.200,16,35.97,331.4,24°53.034342 N,46°39.520602 E,0,1,0,0,693.86,0.18,2,157714.000,1,146.520,1366.32,-0.06,-0.14,5.52,0.500444839857651,90.55,0.040,0,0,0,0.175220802426338
191822.240,16,35.70,331.4,24°53.034528 N,46°39.520488 E,0,1,0,0,693.86,0.18,2,157747.000,1,146.560,1366.72,0.02,-0.19,5.52,0.504229928847554,97.73,0.040,0,0,0,0.186510398983955
191822.280,16,35.39,330.9,24°53.034714 N,46°39.520374 E,0,1,0,0,693.87,0.18,2,157781.000,1,146.600,1367.12,0.20,-0.22,5.52,0.508646998982706,90.26,0.040,0,0,0,0.218830794095993
191822.320,16,35.14,330.4,24°53.034894 N,46°39.520254 E,0,1,0,0,693.89,0.22,2,157814.000,1,146.640,1367.51,0.21,-0.17,5.52,0.61463164783883,82.29,0.040,0,0,0,0.22058179974556
191822.360,16,34.74,330.2,24°53.035074 N,46°39.520146 E,0,1,0,0,693.90,0.22,2,157881.000,1,146.680,1367.90,0.08,-0.29,5.53,0.621761658031088,81.61,0.040,0,0,0,0.260808497667313
191822.400,16,34.34,330.2,24°53.035254 N,46°39.520032 E,0,1,0,0,693.91,0.22,2,157914.000,1,146.720,1368.28,0.00,-0.28,5.53,0.629004076878276,90.06,0.040,0,0,0,0.27420699596405
191822.440,16,34.11,330.4,24°53.035434 N,46°39.519924 E,0,1,0,0,693.92,0.22,2,157947.000,1,146.760,1368.66,-0.09,-0.16,5.53,0.633171132086533,103.91,0.040,0,0,0,0.216737300157547
191822.480,16,33.71,330.2,24°53.035608 N,46°39.519810 E,0,1,0,0,693.92,0.22,2,157981.000,1,146.800,1369.04,0.08,-0.29,5.53,0.640759418570157,109.60,0.040,0,0,0,0.254815012216568
191822.520,16,33.29,330.1,24°53.035776 N,46°39.519702 E,0,1,0,0,693.93,0.22,2,158014.000,1,146.840,1369.41,0.06,-0.30,5.53,0.648785029886162,113.59,0.040,0,0,0,0.278305500745773
191822.560,16,32.84,330.1,24°53.035950 N,46°39.519600 E,0,1,0,0,693.93,0.22,2,158081.000,1,146.880,1369.78,0.00,-0.32,5.54,0.65781459373858,121.30,0.040,0,0,0,0.301670908927917
191822.600,16,32.44,330.0,24°53.036112 N,46°39.519492 E,0,1,0,0,693.94,0.22,2,158114.000,1,146.920,1370.14,0.03,-0.28,5.54,0.665844636251541,129.34,0.040,0,0,0,0.292460799217224
191822.640,16,32.27,330.0,24°53.036280 N,46°39.519384 E,0,1,0,0,693.94,0.22,2,158147.000,1,146.960,1370.50,0.02,-0.12,5.54,0.669414572163511,140.89,0.040,0,0,0,0.209333002567291
191822.680,16,32.07,329.9,24°53.036448 N,46°39.519282 E,0,1,0,0,693.94,0.22,2,158181.000,1,147.000,1370.86,0.03,-0.14,5.54,0.673547662851975,179.82,0.040,0,0,0,0.17675019800663
191822.720,16,31.71,329.9,24°53.036610 N,46°39.519180 E,0,1,0,0,693.94,0.22,2,158214.000,1,147.040,1371.21,0.02,-0.25,5.55,0.681130171543895,225.15,0.040,0,0,0,0.215298697352409
191822.760,16,31.54,329.7,24°53.036772 N,46°39.519072 E,0,1,0,0,693.95,0.22,2,158281.000,1,147.080,1371.56,0.06,-0.12,5.55,0.684931506849315,191.69,0.040,0,0,0,0.173081606626511
191822.800,16,31.17,329.7,24°53.036934 N,46°39.518970 E,0,1,0,0,693.95,0.22,2,158314.000,1,147.120,1371.91,0.00,-0.26,5.55,0.693085191721482,173.83,0.040,0,0,0,0.217868506908417
191822.840,16,30.87,329.2,24°53.037090 N,46°39.518868 E,0,1,0,0,693.96,0.22,2,158347.000,1,147.160,1372.26,0.18,-0.21,5.55,0.699799131730707,138.44,0.040,0,0,0,0.221799403429031
191822.880,16,30.56,329.3,24°53.037246 N,46°39.518766 E,0,1,0,0,693.96,0.22,2,158381.000,1,147.200,1372.60,-0.02,-0.21,5.56,0.706713780918728,181.40,0.040,0,0,0,0.218302294611931
191822.920,16,30.20,329.3,24°53.037402 N,46°39.518670 E,0,1,0,0,693.97,0.22,2,158414.000,1,147.240,1372.94,-0.02,-0.26,5.56,0.715302844653442,269.50,0.040,0,0,0,0.239035502076149
191822.960,16,29.91,329.3,24°53.037558 N,46°39.518568 E,0,1,0,0,693.96,0.22,2,158481.000,1,147.280,1373.27,0.01,-0.20,5.56,0.72211821342605,315.97,0.040,0,0,0,0.220835506916046
191823.000,16,29.45,329.2,24°53.037708 N,46°39.518472 E,0,1,0,0,693.97,0.22,2,158514.000,1,147.320,1373.60,0.03,-0.33,5.56,0.733496332518337,283.76,0.040,0,0,0,0.275404095649719
191823.040,16,29.16,329.1,24°53.037852 N,46°39.518376 E,0,1,0,0,693.97,0.22,2,158547.000,1,147.360,1373.92,0.03,-0.21,5.57,0.740842365207847,215.16,0.040,0,0,0,0.241976395249367
191823.080,16,28.87,329.1,24°53.038002 N,46°39.518280 E,0,1,0,0,693.97,0.22,2,158581.000,1,147.400,1374.25,0.01,-0.20,5.57,0.748233337952058,242.45,0.040,0,0,0,0.223605096340179
191823.120,16,28.55,329.0,24°53.038146 N,46°39.518184 E,0,1,0,0,693.97,0.22,2,158614.000,1,147.440,1374.57,0.03,-0.22,5.57,0.756514429812272,254.58,0.040,0,0,0,0.224804505705833
191823.160,16,28.18,328.9,24°53.038290 N,46°39.518094 E,0,1,0,0,693.97,0.22,2,158681.000,1,147.480,1374.88,0.04,-0.26,5.57,0.766392279307408,227.12,0.040,0,0,0,0.24343079328537
191823.200,16,28.00,329.0,24°53.038434 N,46°39.517998 E,0,1,0,0,693.97,0.18,2,158714.000,1,147.520,1375.19,-0.05,-0.13,5.58,0.642765319240108,273.43,0.040,0,0,0,0.185081496834755
191823.240,16,27.67,329.0,24°53.038578 N,46°39.517908 E,0,1,0,0,693.98,0.18,2,158747.000,1,147.560,1375.50,0.00,-0.23,5.58,0.650453510642142,281.72,0.040,0,0,0,0.209845393896103
191823.280,16,27.11,329.2,24°53.038716 N,46°39.517818 E,0,1,0,0,693.97,0.18,2,158781.000,1,147.600,1375.81,-0.05,-0.40,5.58,0.664010624169987,353.15,0.040,0,0,0,0.304888993501663
191823.320,16,26.75,329.3,24°53.038854 N,46°39.517734 E,0,1,0,0,693.97,0.18,2,158814.000,1,147.640,1376.11,-0.05,-0.25,5.58,0.672846889952153,495.08,0.040,0,0,0,0.278840512037277
191823.360,16,26.56,329.3,24°53.038992 N,46°39.517644 E,0,1,0,0,693.97,0.18,2,158881.000,1,147.680,1376.40,0.02,-0.14,5.58,0.677685328112646,585.77,0.040,0,0,0,0.206920504570007
191823.400,16,26.28,329.1,24°53.039124 N,46°39.517554 E,0,1,0,0,693.97,0.18,2,158914.000,1,147.720,1376.70,0.06,-0.20,5.59,0.685035774090425,401.47,0.040,0,0,0,0.204337194561958
191823.440,16,26.01,328.7,24°53.039256 N,46°39.517464 E,0,1,0,0,693.97,0.18,2,158947.000,1,147.760,1376.99,0.13,-0.19,5.59,0.691935111862843,424.64,0.040,0,0,0,0.198094695806503
191823.480,16,25.69,328.7,24°53.039388 N,46°39.517380 E,0,1,0,0,693.97,0.14,2,158981.000,1,147.800,1377.27,0.00,-0.23,5.59,0.560529388867263,379.17,0.040,0,0,0,0.214109301567078
191823.520,16,25.39,328.4,24°53.039514 N,46°39.517296 E,0,1,0,0,693.97,0.14,2,159014.000,1,147.840,1377.56,0.08,-0.21,5.59,0.567219443022019,251.74,0.040,0,0,0,0.216784805059433
191823.560,16,24.90,328.3,24°53.039640 N,46°39.517212 E,0,1,0,0,693.98,0.18,2,159081.000,1,147.880,1377.84,0.02,-0.35,5.59,0.722949634508796,237.76,0.040,0,0,0,0.282160401344299
191823.600,16,24.60,328.2,24°53.039766 N,46°39.517128 E,0,1,0,0,693.98,0.18,2,159114.000,1,147.920,1378.11,0.03,-0.21,5.60,0.731737062482215,233.73,0.040,0,0,0,0.248039692640305
191823.640,16,24.34,328.8,24°53.039892 N,46°39.517050 E,0,1,0,0,693.97,0.14,2,159147.000,1,147.960,1378.38,-0.17,-0.18,5.60,0.591618734593262,647.44,0.040,0,0,0,0.214758694171906
191823.680,16,24.08,329.0,24°53.040012 N,46°39.516966 E,0,1,0,0,693.97,0.14,2,159181.000,1,148.000,1378.65,-0.07,-0.18,5.60,0.598006644518272,1000.00,0.040,0,0,0,0.199984297156334
191823.720,16,23.96,329.2,24°53.040138 N,46°39.516888 E,0,1,0,0,693.97,0.14,2,159214.000,1,148.040,1378.92,-0.06,-0.09,5.60,0.601051840721262,1000.00,0.040,0,0,0,0.145315796136856
191823.760,16,23.72,329.1,24°53.040258 N,46°39.516810 E,0,1,0,0,693.97,0.14,2,159281.000,1,148.080,1379.18,0.04,-0.17,5.60,0.606980273141123,1000.00,0.040,0,0,0,0.154917895793915
191823.800,16,23.50,329.2,24°53.040378 N,46°39.516732 E,0,1,0,0,693.97,0.14,2,159314.000,1,148.120,1379.45,-0.03,-0.16,5.60,0.612661674608577,1000.00,0.040,0,0,0,0.155797496438026
191823.840,16,23.29,329.0,24°53.040498 N,46°39.516654 E,0,1,0,0,693.96,0.14,2,159347.000,1,148.160,1379.71,0.07,-0.16,5.61,0.618423878033068,1000.00,0.040,0,0,0,0.155204504728317
191823.880,16,23.21,328.9,24°53.040618 N,46°39.516576 E,0,1,0,0,693.97,0.14,2,159381.000,1,148.200,1379.97,0.01,-0.05,5.61,0.620342049713522,842.84,0.040,0,0,0,0.103113703429699
191823.920,16,23.21,329.3,24°53.040738 N,46°39.516504 E,0,1,0,0,693.97,0.14,2,159414.000,1,148.240,1380.22,-0.11,0.00,5.61,0.620342049713522,1000.00,0.040,0,0,0,0.0554343089461327
191823.960,16,23.12,329.6,24°53.040858 N,46°39.516426 E,0,1,0,0,693.97,0.14,2,159481.000,1,148.280,1380.48,-0.10,-0.06,5.61,0.62275656272975,620.25,0.040,0,0,0,0.0676216632127762
191824.000,16,23.03,330.0,24°53.040978 N,46°39.516354 E,0,1,0,0,693.97,0.14,2,159514.000,1,148.320,1380.74,-0.10,-0.06,5.61,0.62518994486172,240.91,0.040,0,0,0,0.0779711902141571
191824.040,16,22.94,330.3,24°53.041098 N,46°39.516282 E,0,1,0,0,693.96,0.11,2,159547.000,1,148.360,1380.99,-0.08,-0.06,5.61,0.470731813625071,134.99,0.040,0,0,0,0.0834829807281494
191824.080,16,22.90,330.8,24°53.041218 N,46°39.516210 E,0,1,0,0,693.96,0.11,2,159581.000,1,148.400,1381.25,-0.13,-0.03,5.62,0.471615720524017,104.03,0.040,0,0,0,0.0849023088812828
191824.120,16,22.82,331.2,24°53.041338 N,46°39.516138 E,0,1,0,0,693.95,0.11,2,159614.000,1,148.440,1381.50,-0.14,-0.06,5.62,0.473331288074681,76.37,0.040,0,0,0,0.099134162068367
191824.160,16,22.72,331.7,24°53.041458 N,46°39.516072 E,0,1,0,0,693.95,0.11,2,159681.000,1,148.480,1381.75,-0.14,-0.07,5.62,0.475352112676056,63.31,0.040,0,0,0,0.113586597144604
191824.200,16,22.50,331.8,24°53.041578 N,46°39.516000 E,0,1,0,0,693.95,0.11,2,159714.000,1,148.520,1382.01,0.00,-0.15,5.62,0.47991468183434,61.03,0.040,0,0,0,0.13179549574852
191824.240,16,22.32,331.7,24°53.041698 N,46°39.515934 E,0,1,0,0,693.96,0.11,2,159747.000,1,148.560,1382.25,0.02,-0.13,5.62,0.483957698512278,73.76,0.040,0,0,0,0.132718101143837
191824.280,16,22.14,331.6,24°53.041812 N,46°39.515862 E,0,1,0,0,693.95,0.11,2,159781.000,1,148.600,1382.50,0.02,-0.12,5.62,0.48771676300578,82.22,0.040,0,0,0,0.127794906497002
191824.320,16,22.04,331.7,24°53.041926 N,46°39.515796 E,0,1,0,0,693.95,0.11,2,159814.000,1,148.640,1382.75,-0.04,-0.07,5.62,0.489951458512907,82.87,0.040,0,0,0,0.10483679920435
191824.360,16,21.95,331.8,24°53.042046 N,46°39.515730 E,0,1,0,0,693.95,0.11,2,159881.000,1,148.680,1382.99,-0.02,-0.06,5.62,0.491960096569945,76.20,0.040,0,0,0,0.0885231718420982
191824.400,16,21.88,332.1,24°53.042160 N,46°39.515664 E,0,1,0,0,693.95,0.11,2,159914.000,1,148.720,1383.23,-0.06,-0.05,5.63,0.49351124108938,72.21,0.040,0,0,0,0.077426977455616
191824.440,16,21.70,332.4,24°53.042274 N,46°39.515598 E,0,1,0,0,693.96,0.11,2,159947.000,1,148.760,1383.48,-0.08,-0.13,5.63,0.497764667926441,60.85,0.040,0,0,0,0.110293202102184
191824.480,16,21.41,332.5,24°53.042388 N,46°39.515532 E,0,1,0,0,693.98,0.11,2,159981.000,1,148.800,1383.72,-0.05,-0.20,5.63,0.504366506327932,56.30,0.040,0,0,0,0.157973900437355
191824.520,16,21.40,333.1,24°53.042508 N,46°39.515472 E,0,1,0,0,693.99,0.14,2,160014.000,1,148.840,1383.95,-0.16,-0.01,5.63,0.672834314550042,53.18,0.040,0,0,0,0.106278896331787
191824.560,16,21.16,333.5,24°53.042616 N,46°39.515406 E,0,1,0,0,693.99,0.14,2,160081.000,1,148.880,1384.19,-0.10,-0.17,5.63,0.680625797608357,51.76,0.040,0,0,0,0.148048207163811
191824.600,16,21.07,333.9,24°53.042730 N,46°39.515346 E,0,1,0,0,694.00,0.14,2,160114.000,1,148.920,1384.43,-0.08,-0.06,5.63,0.683403730245361,52.10,0.040,0,0,0,0.122430302202702
191824.640,16,20.91,334.2,24°53.042844 N,46°39.515292 E,0,1,0,0,694.01,0.14,2,160147.000,1,148.960,1384.66,-0.10,-0.12,5.63,0.688830423343698,50.55,0.040,0,0,0,0.133954897522926
191824.680,16,20.69,334.8,24°53.042958 N,46°39.515232 E,0,1,0,0,694.02,0.14,2,160181.000,1,149.000,1384.89,-0.16,-0.15,5.63,0.695887498187793,48.36,0.040,0,0,0,0.160651698708534
191824.720,16,20.32,335.3,24°53.043066 N,46°39.515178 E,0,1,0,0,694.02,0.14,2,160214.000,1,149.040,1385.12,-0.11,-0.27,5.64,0.708731174328182,47.97,0.040,0,0,0,0.220440104603767
191824.760,16,19.92,335.4,24°53.043174 N,46°39.515124 E,0,1,0,0,694.02,0.11,2,160281.000,1,149.080,1385.34,-0.03,-0.28,5.64,0.542114245557675,52.25,0.040,0,0,0,0.253249406814575
191824.800,16,19.77,335.4,24°53.043282 N,46°39.515070 E,0,1,0,0,694.03,0.11,2,160314.000,1,149.120,1385.56,0.00,-0.11,5.64,0.546254615345708,52.21,0.040,0,0,0,0.185408994555473
191824.840,16,19.72,335.5,24°53.043390 N,46°39.515016 E,0,1,0,0,694.03,0.11,2,160347.000,1,149.160,1385.78,-0.04,-0.03,5.64,0.547556276617319,48.71,0.040,0,0,0,0.120286300778389
191824.880,16,19.53,335.9,24°53.043498 N,46°39.514962 E,0,1,0,0,694.03,0.11,2,160381.000,1,149.200,1386.00,-0.08,-0.14,5.64,0.552995391705069,43.46,0.040,0,0,0,0.137170195579529
191824.920,16,19.33,336.1,24°53.043606 N,46°39.514914 E,0,1,0,0,694.03,0.11,2,160414.000,1,149.240,1386.21,-0.06,-0.14,5.64,0.558659217877095,42.07,0.040,0,0,0,0.145635202527046
191824.960,16,19.07,336.5,24°53.043708 N,46°39.514866 E,0,1,0,0,694.03,0.07,2,160481.000,1,149.280,1386.43,-0.10,-0.19,5.64,0.377576170748335,38.69,0.040,0,0,0,0.173440098762512
191825.000,16,18.62,336.8,24°53.043810 N,46°39.514818 E,0,1,0,0,694.03,0.07,2,160514.000,1,149.320,1386.64,-0.05,-0.32,5.65,0.386764073914912,37.84,0.040,0,0,0,0.249030500650406
191825.040,16,18.35,337.1,24°53.043912 N,46°39.514776 E,0,1,0,0,694.02,0.04,2,160547.000,1,149.360,1386.84,-0.08,-0.19,5.65,0.196195977982451,36.66,0.040,0,0,0,0.225509196519852
191825.080,16,18.22,337.3,24°53.044008 N,46°39.514728 E,0,1,0,0,694.02,0.04,2,160581.000,1,149.400,1387.05,-0.04,-0.09,5.65,0.197552543488997,36.39,0.040,0,0,0,0.165086895227432
191825.120,16,17.91,338.3,24°53.044110 N,46°39.514686 E,0,1,0,0,694.02,0.04,2,160614.000,1,149.440,1387.25,-0.21,-0.22,5.65,0.201049927398637,33.36,0.040,0,0,0,0.210005298256874
191825.160,16,17.55,339.3,24°53.044206 N,46°39.514650 E,0,1,0,0,694.02,0.04,2,160681.000,1,149.480,1387.44,-0.22,-0.25,5.65,0.205081462914435,29.06,0.040,0,0,0,0.249572798609734
191825.200,16,17.38,340.3,24°53.044302 N,46°39.514614 E,0,1,0,0,694.02,0.04,2,160714.000,1,149.520,1387.64,-0.21,-0.12,5.65,0.207086976530143,25.83,0.040,0,0,0,0.218449294567108
191825.240,16,17.17,340.8,24°53.044404 N,46°39.514578 E,0,1,0,0,694.02,0.04,2,160747.000,1,149.560,1387.83,-0.12,-0.16,5.65,0.209729099912613,24.83,0.040,0,0,0,0.210496097803116
191825.280,16,17.00,341.1,24°53.044500 N,46°39.514542 E,0,1,0,0,694.02,0.04,2,160781.000,1,149.600,1388.02,-0.05,-0.12,5.65,0.211777163362551,26.05,0.040,0,0,0,0.182374000549316
191825.320,16,16.84,341.6,24°53.044596 N,46°39.514506 E,0,1,0,0,694.02,0.04,2,160814.000,1,149.640,1388.21,-0.12,-0.11,5.65,0.213764028264355,25.31,0.040,0,0,0,0.17199969291687
191825.360,16,16.78,341.7,24°53.044692 N,46°39.514470 E,0,1,0,0,694.02,0.04,2,160881.000,1,149.680,1388.39,-0.01,-0.04,5.65,0.214502770660788,25.54,0.040,0,0,0,0.12627150118351
191825.400,16,16.48,341.6,24°53.044782 N,46°39.514434 E,0,1,0,0,694.02,0.00,2,160914.000,1,149.720,1388.58,0.01,-0.21,5.65,0,25.27,0.040,0,0,0,0.164685904979706
191825.440,16,16.26,341.9,24°53.044872 N,46°39.514404 E,0,1,0,0,694.01,0.00,2,160947.000,1,149.760,1388.76,-0.07,-0.16,5.65,0,24.25,0.040,0,0,0,0.169113799929619
191825.480,16,16.02,343.0,24°53.044968 N,46°39.514374 E,0,1,0,0,694.01,-0.04,2,160981.000,1,149.800,1388.94,-0.20,-0.17,5.65,-0.224719101123595,21.55,0.040,0,0,0,0.189590498805046
191825.520,16,15.84,343.8,24°53.045058 N,46°39.514344 E,0,1,0,0,694.01,-0.04,2,161014.000,1,149.840,1389.12,-0.17,-0.13,5.65,-0.227272727272727,19.65,0.040,0,0,0,0.183322206139565
191825.560,16,15.74,344.9,24°53.045148 N,46°39.514320 E,0,1,0,0,694.01,-0.04,2,161081.000,1,149.880,1389.29,-0.20,-0.07,5.65,-0.228731177330199,18.04,0.040,0,0,0,0.169356897473335
191825.600,16,15.64,345.9,24°53.045238 N,46°39.514296 E,0,1,0,0,694.00,-0.04,2,161114.000,1,149.920,1389.47,-0.19,-0.07,5.65,-0.230149597238205,16.42,0.040,0,0,0,0.168117105960846
191825.640,16,15.47,346.5,24°53.045328 N,46°39.514272 E,0,1,0,0,694.00,-0.07,2,161147.000,1,149.960,1389.64,-0.13,-0.12,5.65,-0.465447023078415,15.73,0.040,0,0,0,0.174838006496429
191825.680,16,15.38,347.1,24°53.045418 N,46°39.514248 E,0,1,0,0,694.00,-0.07,2,161181.000,1,150.000,1389.81,-0.11,-0.07,5.65,-0.468262226847034,14.99,0.040,0,0,0,0.159443393349648
191825.720,16,15.41,347.9,24°53.045514 N,46°39.514230 E,0,1,0,0,694.01,-0.04,2,161214.000,1,150.040,1389.98,-0.15,0.03,5.65,-0.233584220088243,15.28,0.040,0,0,0,0.140132904052734
191825.760,16,15.21,348.2,24°53.045604 N,46°39.514206 E,0,1,0,0,694.01,-0.04,2,161281.000,1,150.080,1390.15,-0.05,-0.14,5.65,-0.236686390532544,16.37,0.040,0,0,0,0.147820994257927
191825.800,16,15.00,347.9,24°53.045688 N,46°39.514188 E,0,1,0,0,694.02,-0.04,2,161314.000,1,150.120,1390.32,0.05,-0.15,5.65,-0.240032004267236,18.79,0.040,0,0,0,0.146310195326805
191825.840,16,14.92,347.5,24°53.045778 N,46°39.514164 E,0,1,0,0,694.02,-0.04,2,161347.000,1,150.160,1390.49,0.07,-0.05,5.65,-0.241254523522316,21.36,0.040,0,0,0,0.101556301116943
191825.880,16,15.03,348.0,24°53.045868 N,46°39.514140 E,0,1,0,0,694.02,-0.04,2,161381.000,1,150.200,1390.65,-0.10,0.08,5.65,-0.239457230278036,20.60,0.040,0,0,0,0.0632219985127449
191825.920,16,14.93,348.5,24°53.045952 N,46°39.514122 E,0,1,0,0,694.02,-0.04,2,161414.000,1,150.240,1390.82,-0.09,-0.07,5.65,-0.241076809750218,20.68,0.040,0,0,0,0.0781555697321892
191825.960,16,14.87,348.6,24°53.046042 N,46°39.514104 E,0,1,0,0,694.02,-0.04,2,161481.000,1,150.280,1390.99,-0.02,-0.04,5.65,-0.242065626681011,20.37,0.040,0,0,0,0.0712310522794724
191826.000,16,14.85,348.7,24°53.046132 N,46°39.514080 E,0,1,0,0,694.02,-0.04,2,161514.000,1,150.320,1391.15,0.00,-0.01,5.65,-0.242358960549347,20.09,0.040,0,0,0,0.0547919683158398
191826.040,16,14.67,349.4,24°53.046216 N,46°39.514068 E,0,1,0,0,694.01,-0.07,2,161547.000,1,150.360,1391.31,-0.14,-0.13,5.65,-0.490663759029576,18.72,0.040,0,0,0,0.101629696786404
191826.080,16,14.62,350.5,24°53.046300 N,46°39.514050 E,0,1,0,0,694.01,-0.11,2,161581.000,1,150.400,1391.48,-0.19,-0.04,5.64,-0.738562538466799,18.54,0.040,0,0,0,0.107793197035789
191826.120,16,14.69,352.0,24°53.046390 N,46°39.514038 E,0,1,0,0,694.00,-0.14,2,161614.000,1,150.440,1391.64,-0.27,0.05,5.64,-0.980125238224884,17.22,0.040,0,0,0,0.127130404114723
191826.160,16,14.69,353.1,24°53.046480 N,46°39.514032 E,0,1,0,0,693.99,-0.14,2,161681.000,1,150.480,1391.80,-0.20,0.00,5.64,-0.980392156862745,17.03,0.040,0,0,0,0.14251109957695
191826.200,16,14.77,354.0,24°53.046564 N,46°39.514020 E,0,1,0,0,693.98,-0.18,2,161714.000,1,150.520,1391.97,-0.17,0.06,5.64,-1.21835657235684,17.33,0.040,0,0,0,0.149963304400444
191826.240,16,14.85,354.8,24°53.046654 N,46°39.514014 E,0,1,0,0,693.99,-0.14,2,161747.000,1,150.560,1392.13,-0.15,0.05,5.64,-0.969958237909201,17.12,0.040,0,0,0,0.152222096920013
191826.280,16,14.79,355.5,24°53.046744 N,46°39.514008 E,0,1,0,0,693.99,-0.18,2,161781.000,1,150.600,1392.30,-0.13,-0.04,5.64,-1.21712083305159,16.82,0.040,0,0,0,0.143486604094505
191826.320,16,14.73,356.3,24°53.046834 N,46°39.514002 E,0,1,0,0,693.98,-0.22,2,161814.000,1,150.640,1392.46,-0.15,-0.04,5.64,-1.46659424225964,16.70,0.040,0,0,0,0.145566493272781
191826.360,16,14.67,356.9,24°53.046918 N,46°39.513996 E,0,1,0,0,693.98,-0.22,2,161881.000,1,150.680,1392.62,-0.11,-0.04,5.63,-1.47239263803681,16.05,0.040,0,0,0,0.139872506260872
191826.400,16,14.59,357.2,24°53.047008 N,46°39.513990 E,0,1,0,0,693.98,-0.22,2,161914.000,1,150.720,1392.79,-0.06,-0.06,5.63,-1.48077054911908,14.90,0.040,0,0,0,0.129586800932884
191826.440,16,14.59,357.3,24°53.047092 N,46°39.513984 E,0,1,0,0,693.99,-0.22,2,161947.000,1,150.760,1392.95,-0.01,0.00,5.63,-1.48077054911908,14.22,0.040,0,0,0,0.101594597101212
191826.480,16,14.71,357.9,24°53.047182 N,46°39.513984 E,0,1,0,0,693.99,-0.18,2,161981.000,1,150.800,1393.11,-0.12,0.09,5.63,-1.22365737593474,14.18,0.040,0,0,0,0.107623502612114
191826.520,16,14.75,358.3,24°53.047272 N,46°39.513984 E,0,1,0,0,693.99,-0.18,2,162014.000,1,150.840,1393.27,-0.07,0.03,5.63,-1.22042172350668,14.35,0.040,0,0,0,0.101250797510147
191826.560,16,14.56,358.8,24°53.047356 N,46°39.513984 E,0,1,0,0,693.98,-0.18,2,162081.000,1,150.880,1393.44,-0.09,-0.13,5.62,-1.23609394313968,13.63,0.040,0,0,0,0.108130499720573
191826.600,16,14.57,359.9,24°53.047446 N,46°39.513990 E,0,1,0,0,693.99,-0.18,2,162114.000,1,150.920,1393.60,-0.18,0.01,5.62,-1.23516091401908,12.43,0.040,0,0,0,0.114811196923256
191826.640,16,14.62,0.1,24°53.047536 N,46°39.513984 E,0,1,0,0,693.99,-0.18,2,162147.000,1,150.960,1393.76,-0.04,0.04,5.62,-1.23093756411133,13.09,0.040,0,0,0,0.0993795692920685
191826.680,16,14.56,0.8,24°53.047620 N,46°39.513990 E,0,1,0,0,694.00,-0.18,2,162181.000,1,151.000,1393.92,-0.13,-0.05,5.62,-1.23668842322226,13.49,0.040,0,0,0,0.106860801577568
191826.720,16,14.66,1.5,24°53.047710 N,46°39.513990 E,0,1,0,0,694.00,-0.18,2,162214.000,1,151.040,1394.09,-0.13,0.08,5.62,-1.22757962217827,14.66,0.040,0,0,0,0.113462798297405
191826.760,16,14.68,2.1,24°53.047794 N,46°39.513996 E,0,1,0,0,694.00,-0.18,2,162281.000,1,151.080,1394.25,-0.10,0.01,5.61,-1.22582402615091,15.60,0.040,0,0,0,0.110506303608418
191826.800,16,14.80,3.1,24°53.047884 N,46°39.514002 E,0,1,0,0,693.99,-0.22,2,162314.000,1,151.120,1394.41,-0.19,0.08,5.61,-1.45916368303722,15.54,0.040,0,0,0,0.13474839925766
191826.840,16,14.93,4.2,24°53.047974 N,46°39.514014 E,0,1,0,0,694.00,-0.22,2,162347.000,1,151.160,1394.58,-0.20,0.09,5.61,-1.44713922015275,15.16,0.040,0,0,0,0.156063392758369
191826.880,16,15.11,4.5,24°53.048070 N,46°39.514020 E,0,1,0,0,694.00,-0.22,2,162381.000,1,151.200,1394.74,-0.06,0.13,5.61,-1.42923311056706,16.02,0.040,0,0,0,0.159636199474335
191826.920,16,15.19,4.9,24°53.048160 N,46°39.514032 E,0,1,0,0,694.00,-0.22,2,162414.000,1,151.240,1394.91,-0.08,0.06,5.60,-1.4218009478673,16.83,0.040,0,0,0,0.138699695467949
191826.960,16,15.47,6.2,24°53.048250 N,46°39.514044 E,0,1,0,0,694.01,-0.18,2,162481.000,1,151.280,1395.08,-0.23,0.20,5.60,-1.16361755769604,15.95,0.040,0,0,0,0.19502529501915
191827.000,16,15.63,7.6,24°53.048346 N,46°39.514062 E,0,1,0,0,694.02,-0.14,2,162514.000,1,151.320,1395.26,-0.28,0.11,5.60,-0.921246241443286,14.37,0.040,0,0,0,0.209589898586273
191827.040,16,15.83,8.7,24°53.048436 N,46°39.514074 E,0,1,0,0,694.01,-0.18,2,162547.000,1,151.360,1395.43,-0.20,0.14,5.60,-1.13686603928504,13.31,0.040,0,0,0,0.220003098249435
191827.080,16,16.15,9.7,24°53.048532 N,46°39.514098 E,0,1,0,0,694.00,-0.22,2,162581.000,1,151.400,1395.61,-0.20,0.22,5.60,-1.33779264214047,13.15,0.040,0,0,0,0.253057599067688
191827.120,16,16.49,10.9,24°53.048634 N,46°39.514122 E,0,1,0,0,694.00,-0.25,2,162614.000,1,151.440,1395.79,-0.25,0.24,5.59,-1.52838427947598,12.55,0.040,0,0,0,0.285474598407745
191827.160,16,16.65,12.1,24°53.048730 N,46°39.514146 E,0,1,0,0,693.99,-0.25,2,162681.000,1,151.480,1395.97,-0.26,0.12,5.59,-1.51314999399544,11.96,0.040,0,0,0,0.263101100921631
191827.200,16,16.77,13.3,24°53.048826 N,46°39.514176 E,0,1,0,0,693.99,-0.25,2,162714.000,1,151.520,1396.16,-0.24,0.08,5.59,-1.50313152400835,11.91,0.040,0,0,0,0.245057493448257
191827.240,16,16.95,13.9,24°53.048922 N,46°39.514200 E,0,1,0,0,693.99,-0.25,2,162747.000,1,151.560,1396.35,-0.14,0.13,5.59,-1.48681338132043,11.69,0.040,0,0,0,0.234211906790733
191827.280,16,17.18,15.1,24°53.049024 N,46°39.514236 E,0,1,0,0,693.98,-0.29,2,162781.000,1,151.600,1396.54,-0.24,0.16,5.58,-1.67675826734979,11.49,0.040,0,0,0,0.251428008079529
191827.320,16,17.48,16.2,24°53.049126 N,46°39.514272 E,0,1,0,0,693.99,-0.29,2,162814.000,1,151.640,1396.73,-0.24,0.21,5.58,-1.64778578784758,11.38,0.040,0,0,0,0.27797669172287
191827.360,16,17.71,17.0,24°53.049228 N,46°39.514308 E,0,1,0,0,693.99,-0.29,2,162881.000,1,151.680,1396.92,-0.17,0.17,5.58,-1.6260162601626,11.36,0.040,0,0,0,0.267453491687775
191827.400,16,18.04,18.1,24°53.049330 N,46°39.514344 E,0,1,0,0,693.99,-0.29,2,162914.000,1,151.720,1397.12,-0.26,0.23,5.57,-1.59680638722555,11.46,0.040,0,0,0,0.294660001993179
191827.440,16,18.27,19.0,24°53.049432 N,46°39.514386 E,0,1,0,0,693.99,-0.29,2,162947.000,1,151.760,1397.32,-0.20,0.17,5.57,-1.57635467980296,11.78,0.040,0,0,0,0.280162304639816
191827.480,16,18.61,19.5,24°53.049540 N,46°39.514428 E,0,1,0,0,693.99,-0.29,2,162981.000,1,151.800,1397.53,-0.11,0.24,5.57,-1.54772141014617,11.85,0.040,0,0,0,0.285955607891083
191827.520,16,18.87,20.3,24°53.049648 N,46°39.514470 E,0,1,0,0,693.99,-0.29,2,163014.000,1,151.840,1397.74,-0.18,0.19,5.57,-1.52615123734831,11.73,0.040,0,0,0,0.275532901287079
191827.560,16,19.09,21.5,24°53.049750 N,46°39.514518 E,0,1,0,0,693.99,-0.29,2,163081.000,1,151.880,1397.95,-0.27,0.15,5.56,-1.5088803897941,11.92,0.040,0,0,0,0.271584689617157
191827.600,16,19.51,22.9,24°53.049858 N,46°39.514572 E,0,1,0,0,693.99,-0.29,2,163114.000,1,151.920,1398.16,-0.36,0.30,5.56,-1.4760147601476,12.17,0.040,0,0,0,0.336535692214966
191827.640,16,19.87,24.5,24°53.049966 N,46°39.514632 E,0,1,0,0,694.00,-0.29,2,163147.000,1,151.960,1398.38,-0.39,0.25,5.56,-1.44927536231884,11.95,0.040,0,0,0,0.364508897066116
191827.680,16,20.05,25.9,24°53.050074 N,46°39.514692 E,0,1,0,0,694.00,-0.29,2,163181.000,1,152.000,1398.60,-0.33,0.13,5.55,-1.43626570915619,11.81,0.040,0,0,0,0.338111698627472
191827.720,16,20.38,27.5,24°53.050182 N,46°39.514758 E,0,1,0,0,693.99,-0.32,2,163214.000,1,152.040,1398.83,-0.40,0.23,5.55,-1.59010600706714,11.73,0.040,0,0,0,0.369372308254242
191827.760,16,20.51,28.7,24°53.050290 N,46°39.514830 E,0,1,0,0,693.99,-0.32,2,163281.000,1,152.080,1399.06,-0.31,0.09,5.55,-1.58002535843168,11.82,0.040,0,0,0,0.34120911359787
191827.800,16,20.76,29.6,24°53.050398 N,46°39.514896 E,0,1,0,0,693.98,-0.32,2,163314.000,1,152.120,1399.28,-0.23,0.18,5.54,-1.5608440119472,12.15,0.040,0,0,0,0.334322690963745
191827.840,16,21.01,30.5,24°53.050506 N,46°39.514974 E,0,1,0,0,693.97,-0.32,2,163347.000,1,152.160,1399.52,-0.24,0.18,5.54,-1.5421227986673,12.11,0.040,0,0,0,0.328667908906937
191827.880,16,21.24,31.8,24°53.050614 N,46°39.515052 E,0,1,0,0,693.98,-0.32,2,163381.000,1,152.200,1399.75,-0.33,0.17,5.54,-1.52513650913199,12.15,0.040,0,0,0,0.336072087287903
191827.920,16,21.37,33.0,24°53.050722 N,46°39.515130 E,0,1,0,0,693.99,-0.29,2,163414.000,1,152.240,1399.99,-0.33,0.09,5.53,-1.34768366869443,12.13,0.040,0,0,0,0.324467986822128
191827.960,16,21.71,34.0,24°53.050830 N,46°39.515214 E,0,1,0,0,693.99,-0.29,2,163481.000,1,152.280,1400.23,-0.25,0.24,5.53,-1.32645541635962,12.21,0.040,0,0,0,0.342934787273407
191828.000,16,22.21,35.6,24°53.050938 N,46°39.515304 E,0,1,0,0,693.98,-0.32,2,163514.000,1,152.320,1400.47,-0.46,0.35,5.53,-1.45867098865478,12.13,0.040,0,0,0,0.421049803495407
191828.040,16,22.26,37.3,24°53.051040 N,46°39.515394 E,0,1,0,0,693.97,-0.32,2,163547.000,1,152.360,1400.72,-0.45,0.03,5.52,-1.45585261738935,11.65,0.040,0,0,0,0.378889888525009
191828.080,16,22.25,38.6,24°53.051142 N,46°39.515484 E,0,1,0,0,693.97,-0.32,2,163581.000,1,152.400,1400.97,-0.38,0.00,5.52,-1.45604889448139,11.11,0.040,0,0,0,0.362191289663315
191828.120,16,22.29,39.8,24°53.051244 N,46°39.515580 E,0,1,0,0,693.95,-0.32,2,163614.000,1,152.440,1401.21,-0.32,0.03,5.51,-1.45350141312637,10.91,0.040,0,0,0,0.351330310106277
191828.160,16,22.79,41.2,24°53.051346 N,46°39.515688 E,0,1,0,0,693.94,-0.36,2,163681.000,1,152.480,1401.46,-0.38,0.35,5.51,-1.57950157950158,11.04,0.040,0,0,0,0.408661305904388
191828.200,16,23.07,42.1,24°53.051448 N,46°39.515790 E,0,1,0,0,693.92,-0.36,2,163714.000,1,152.520,1401.72,-0.26,0.19,5.51,-1.5608064166486,11.52,0.040,0,0,0,0.389623910188675
191828.240,15,23.20,42.8,24°53.051550 N,46°39.515898 E,0,1,0,0,693.90,-0.40,2,163747.000,1,152.560,1401.98,-0.20,0.09,5.50,-1.70726449665876,12.14,0.040,0,0,0,0.341533899307251
191828.280,15,23.16,43.9,24°53.051652 N,46°39.516006 E,0,1,0,0,693.89,-0.40,2,163781.000,1,152.600,1402.23,-0.33,-0.03,5.50,-1.70991839025865,12.26,0.040,0,0,0,0.318751513957977
191828.320,15,23.61,45.4,24°53.051748 N,46°39.516120 E,0,1,0,0,693.89,-0.40,2,163814.000,1,152.640,1402.49,-0.42,0.32,5.50,-1.67711333220396,12.60,0.040,0,0,0,0.384376108646393
191828.360,15,24.32,46.8,24°53.051850 N,46°39.516240 E,0,0,0,0,693.90,-0.36,1,163881.000,1,152.680,1402.76,-0.42,0.50,5.49,-1.48038490007402,12.86,0.040,0,0,0,0.492272704839706
191828.400,15,24.67,47.7,24°53.051946 N,46°39.516360 E,0,0,0,0,693.90,-0.36,1,163914.000,1,152.720,1403.03,-0.28,0.25,5.49,-1.45943973730085,13.03,0.040,0,0,0,0.448818296194077
191828.440,15,24.88,48.8,24°53.052042 N,46°39.516492 E,0,0,0,0,693.89,-0.36,1,163947.000,1,152.760,1403.31,-0.33,0.15,5.48,-1.44694533762058,13.02,0.040,0,0,0,0.403566092252731
191828.480,15,25.14,50.3,24°53.052138 N,46°39.516624 E,0,1,0,0,693.87,-0.40,2,163981.000,1,152.800,1403.58,-0.47,0.18,5.48,-1.57549234135667,12.97,0.040,0,0,0,0.416118502616882
191828.520,15,25.30,52.0,24°53.052228 N,46°39.516762 E,0,1,0,0,693.86,-0.40,2,164014.000,1,152.840,1403.86,-0.54,0.12,5.47,-1.56515552744951,12.71,0.040,0,0,0,0.430228292942047
191828.560,15,25.37,53.6,24°53.052318 N,46°39.516900 E,0,1,0,0,693.86,-0.40,2,164081.000,1,152.880,1404.15,-0.49,0.05,5.47,-1.56071414495724,12.35,0.040,0,0,0,0.430104494094849
191828.600,15,25.70,54.7,24°53.052402 N,46°39.517038 E,0,1,0,0,693.87,-0.36,2,164114.000,1,152.920,1404.43,-0.35,0.23,5.47,-1.40094174417247,12.89,0.040,0,0,0,0.436307489871979
191828.640,15,25.98,55.9,24°53.052486 N,46°39.517182 E,0,1,0,0,693.87,-0.36,2,164147.000,1,152.960,1404.72,-0.40,0.20,5.46,-1.38578797443991,13.30,0.040,0,0,0,0.442034304141998
191828.680,15,26.39,56.9,24°53.052576 N,46°39.517332 E,0,0,0,0,693.86,-0.40,1,164181.000,1,153.000,1405.01,-0.32,0.29,5.46,-1.50068212824011,13.81,0.040,0,0,0,0.452528208494186
191828.720,15,26.51,58.1,24°53.052654 N,46°39.517482 E,0,0,0,0,693.86,-0.40,1,164214.000,1,153.040,1405.30,-0.38,0.09,5.45,-1.49355057705363,13.87,0.040,0,0,0,0.417832493782043
191828.760,15,26.45,59.0,24°53.052732 N,46°39.517632 E,0,0,0,0,693.85,-0.40,1,164281.000,1,153.080,1405.60,-0.30,-0.05,5.45,-1.49739090977842,14.17,0.040,0,0,0,0.372995406389236
191828.800,15,26.69,59.9,24°53.052816 N,46°39.517788 E,0,0,0,0,693.86,-0.40,1,164314.000,1,153.120,1405.89,-0.30,0.17,5.44,-1.48370176095916,14.31,0.040,0,0,0,0.372457712888718
191828.840,15,26.77,61.0,24°53.052888 N,46°39.517944 E,0,0,0,0,693.86,-0.40,1,164347.000,1,153.160,1406.19,-0.38,0.06,5.44,-1.47910208045419,14.01,0.040,0,0,0,0.369480699300766
191828.880,15,27.02,61.8,24°53.052966 N,46°39.518106 E,0,1,0,0,693.86,-0.40,2,164381.000,1,153.200,1406.49,-0.27,0.18,5.44,-1.46547257789949,14.41,0.040,0,0,0,0.366036504507065
191828.920,15,27.57,62.5,24°53.053038 N,46°39.518268 E,0,1,0,0,693.86,-0.40,2,164414.000,1,153.240,1406.79,-0.23,0.38,5.43,-1.43660438962452,15.34,0.040,0,0,0,0.411138892173767
191828.960,15,27.86,63.1,24°53.053116 N,46°39.518436 E,0,1,0,0,693.86,-0.40,2,164481.000,1,153.280,1407.10,-0.19,0.21,5.43,-1.42118863049096,16.32,0.040,0,0,0,0.37560048699379
191829.000,15,28.20,63.8,24°53.053188 N,46°39.518604 E,0,1,0,0,693.86,-0.40,2,164514.000,1,153.320,1407.41,-0.25,0.24,5.42,-1.40415573363591,16.72,0.040,0,0,0,0.370640605688095
191829.040,15,28.45,64.2,24°53.053260 N,46°39.518778 E,0,1,0,0,693.86,-0.36,2,164547.000,1,153.360,1407.72,-0.15,0.17,5.42,-1.26551130171899,17.58,0.040,0,0,0,0.329556107521057
191829.080,15,28.71,64.9,24°53.053332 N,46°39.518952 E,0,1,0,0,693.87,-0.36,2,164581.000,1,153.400,1408.04,-0.24,0.19,5.41,-1.25374381834645,18.79,0.040,0,0,0,0.321295589208603
191829.120,15,29.06,65.4,24°53.053404 N,46°39.519126 E,0,1,0,0,693.86,-0.36,2,164614.000,1,153.440,1408.36,-0.19,0.24,5.41,-1.23885887332668,20.73,0.040,0,0,0,0.326760292053223
191829.160,15,29.23,65.6,24°53.053476 N,46°39.519306 E,0,1,0,0,693.86,-0.36,2,164681.000,1,153.480,1408.69,-0.07,0.12,5.41,-1.23152709359606,23.22,0.040,0,0,0,0.268527209758759
191829.200,15,29.42,65.7,24°53.053548 N,46°39.519486 E,0,1,0,0,693.86,-0.36,2,164714.000,1,153.520,1409.01,-0.04,0.13,5.40,-1.22369897005337,25.41,0.040,0,0,0,0.231119200587273
191829.240,15,29.71,65.4,24°53.053626 N,46°39.519666 E,0,1,0,0,693.86,-0.36,2,164747.000,1,153.560,1409.34,0.11,0.21,5.40,-1.21167244454916,29.88,0.040,0,0,0,0.213647305965424
191829.280,15,29.92,65.3,24°53.053704 N,46°39.519846 E,0,1,0,0,693.86,-0.36,2,164781.000,1,153.600,1409.67,0.03,0.15,5.39,-1.2030879256759,33.82,0.040,0,0,0,0.186778694391251
191829.320,15,30.00,65.3,24°53.053782 N,46°39.520026 E,0,1,0,0,693.86,-0.36,2,164814.000,1,153.640,1410.01,0.02,0.06,5.39,-1.19992000533298,39.59,0.040,0,0,0,0.128994405269623
191829.360,15,30.20,65.5,24°53.053854 N,46°39.520206 E,0,1,0,0,693.85,-0.40,2,164881.000,1,153.680,1410.34,-0.09,0.14,5.39,-1.3112582781457,44.00,0.040,0,0,0,0.144423797726631
191829.400,15,30.38,66.0,24°53.053926 N,46°39.520392 E,0,1,0,0,693.85,-0.36,2,164914.000,1,153.720,1410.68,-0.16,0.13,5.38,-1.18510715343846,47.67,0.040,0,0,0,0.153969198465347
191829.440,15,30.50,66.3,24°53.053998 N,46°39.520578 E,0,1,0,0,693.85,-0.36,2,164947.000,1,153.760,1411.01,-0.14,0.08,5.38,-1.18048268625394,54.73,0.040,0,0,0,0.145093202590942
191829.480,15,30.72,66.6,24°53.054076 N,46°39.520764 E,0,1,0,0,693.85,-0.40,2,164981.000,1,153.800,1411.35,-0.11,0.16,5.37,-1.28927234250366,61.19,0.040,0,0,0,0.165332406759262
191829.520,15,30.97,66.8,24°53.054148 N,46°39.520956 E,0,1,0,0,693.84,-0.40,2,165014.000,1,153.840,1411.70,-0.07,0.18,5.37,-1.27849163814812,68.90,0.040,0,0,0,0.18374040722847
191829.560,15,31.21,66.9,24°53.054220 N,46°39.521148 E,0,1,0,0,693.84,-0.40,2,165081.000,1,153.880,1412.04,-0.03,0.16,5.36,-1.26902739945522,77.74,0.040,0,0,0,0.180098801851273
191829.600,15,31.56,66.9,24°53.054298 N,46°39.521340 E,0,1,0,0,693.84,-0.40,2,165114.000,1,153.920,1412.39,0.00,0.25,5.36,-1.25483237214019,97.12,0.040,0,0,0,0.215135097503662
191829.640,15,31.86,66.9,24°53.054370 N,46°39.521538 E,0,1,0,0,693.84,-0.40,2,165147.000,1,153.960,1412.74,-0.01,0.21,5.36,-1.24309392265193,112.88,0.040,0,0,0,0.215107098221779
191829.680,15,32.02,67.0,24°53.054448 N,46°39.521730 E,0,1,0,0,693.84,-0.40,2,165181.000,1,154.000,1413.10,-0.04,0.11,5.35,-1.23680429758261,144.09,0.040,0,0,0,0.16929529607296
191829.720,15,32.25,67.0,24°53.054526 N,46°39.521928 E,0,1,0,0,693.84,-0.40,2,165214.000,1,154.040,1413.46,0.01,0.16,5.35,-1.22809737943867,197.00,0.040,0,0,0,0.165451198816299
191829.760,15,32.42,67.1,24°53.054598 N,46°39.522126 E,0,1,0,0,693.84,-0.40,2,165281.000,1,154.080,1413.82,-0.05,0.12,5.34,-1.22154358689617,207.07,0.040,0,0,0,0.147323995828629
191829.800,15,32.47,67.0,24°53.054676 N,46°39.522324 E,0,1,0,0,693.84,-0.40,2,165314.000,1,154.120,1414.18,0.04,0.04,5.34,-1.21951219512195,245.13,0.040,0,0,0,0.0929919928312302
191829.840,15,32.51,67.0,24°53.054754 N,46°39.522522 E,0,1,0,0,693.84,-0.36,2,165347.000,1,154.160,1414.54,0.01,0.03,5.33,-1.10728346456693,201.21,0.040,0,0,0,0.0611351504921913
191829.880,15,32.58,66.9,24°53.054832 N,46°39.522720 E,0,1,0,0,693.83,-0.40,2,165381.000,1,154.200,1414.90,0.02,0.05,5.33,-1.21546961325967,200.20,0.040,0,0,0,0.0543207488954067
191829.920,16,32.63,67.1,24°53.054910 N,46°39.522918 E,0,1,0,0,693.83,-0.40,2,165414.000,1,154.240,1415.26,-0.09,0.04,5.33,-1.2134583563155,170.10,0.040,0,0,0,0.0522747412323952
191829.960,16,32.72,67.2,24°53.054982 N,46°39.523116 E,0,1,0,0,693.83,-0.40,2,165481.000,1,154.280,1415.62,-0.03,0.06,5.32,-1.21012101210121,188.36,0.040,0,0,0,0.0606954209506512
191830.000,16,32.76,67.1,24°53.055060 N,46°39.523320 E,0,1,0,0,693.83,-0.40,2,165514.000,1,154.320,1415.99,0.03,0.03,5.32,-1.20864363325601,268.56,0.040,0,0,0,0.0442866683006287
191830.040,16,32.95,67.0,24°53.055138 N,46°39.523518 E,0,1,0,0,693.82,-0.40,2,165547.000,1,154.360,1416.35,0.05,0.13,5.31,-1.2017844678462,471.05,0.040,0,0,0,0.08706084638834
191830.080,16,33.14,67.0,24°53.055216 N,46°39.523722 E,0,1,0,0,693.82,-0.40,2,165581.000,1,154.400,1416.72,-0.01,0.14,5.31,-1.19485848771951,770.03,0.040,0,0,0,0.111161798238754
191830.120,16,33.20,67.2,24°53.055294 N,46°39.523926 E,0,1,0,0,693.82,-0.40,2,165614.000,1,154.440,1417.09,-0.07,0.04,5.30,-1.192663313556,821.41,0.040,0,0,0,0.0790291279554367
191830.160,16,33.15,67.2,24°53.055372 N,46°39.524124 E,0,1,0,0,693.82,-0.40,2,165681.000,1,154.480,1417.46,0.00,-0.04,5.30,-1.19460617213189,1000.00,0.040,0,0,0,0.0232720002532005
191830.200,16,33.19,67.2,24°53.055450 N,46°39.524328 E,0,1,0,0,693.82,-0.40,2,165714.000,1,154.520,1417.83,0.00,0.03,5.30,-1.19305856832972,1000.00,0.040,0,0,0,0.0273347999900579
191830.240,16,33.21,67.1,24°53.055528 N,46°39.524526 E,0,1,0,0,693.82,-0.40,2,165747.000,1,154.560,1418.19,0.05,0.01,5.29,-1.19255556224779,1000.00,0.040,0,0,0,0.0177472401410341
191830.280,16,33.31,66.9,24°53.055612 N,46°39.524730 E,0,1,0,0,693.82,-0.40,2,165781.000,1,154.600,1418.56,0.07,0.08,5.29,-1.18868943987513,1000.00,0.040,0,0,0,0.0493605993688107
191830.320,16,33.28,67.0,24°53.055690 N,46°39.524934 E,0,1,0,0,693.81,-0.40,2,165814.000,1,154.640,1418.93,-0.03,-0.02,5.28,-1.18983234180638,1000.00,0.040,0,0,0,0.0134457796812057
191830.360,16,33.27,67.3,24°53.055762 N,46°39.525138 E,0,1,0,0,693.80,-0.43,2,165881.000,1,154.680,1419.30,-0.13,-0.01,5.28,-1.29842806047308,1000.00,0.040,0,0,0,0.0215974301099777
191830.400,16,33.31,67.4,24°53.055840 N,46°39.525336 E,0,1,0,0,693.80,-0.43,2,165914.000,1,154.720,1419.67,-0.04,0.03,5.27,-1.29702464947308,755.48,0.040,0,0,0,0.0292766503989697
191830.440,16,33.29,67.5,24°53.055918 N,46°39.525540 E,0,1,0,0,693.79,-0.43,2,165947.000,1,154.760,1420.04,-0.04,-0.01,5.27,-1.29757005977232,574.91,0.040,0,0,0,0.0287135392427444
191830.480,16,33.39,67.6,24°53.055996 N,46°39.525744 E,0,1,0,0,693.79,-0.43,2,165981.000,1,154.800,1420.41,-0.03,0.07,5.26,-1.29364556507157,471.03,0.040,0,0,0,0.0462406501173973
191830.520,16,33.53,67.7,24°53.056068 N,46°39.525948 E,0,1,0,0,693.79,-0.43,2,166014.000,1,154.840,1420.79,-0.04,0.09,5.26,-1.2885137351985,588.53,0.040,0,0,0,0.0722487196326256
191830.560,16,33.61,67.7,24°53.056146 N,46°39.526158 E,0,1,0,0,693.79,-0.43,2,166081.000,1,154.880,1421.16,-0.01,0.06,5.25,-1.28548473486877,665.80,0.040,0,0,0,0.0659244731068611
191830.600,16,33.61,67.8,24°53.056224 N,46°39.526362 E,0,1,0,0,693.79,-0.43,2,166114.000,1,154.920,1421.53,-0.05,0.00,5.25,-1.28521702912564,485.60,0.040,0,0,0,0.0445251986384392
191830.640,16,33.61,68.3,24°53.056296 N,46°39.526566 E,0,1,0,0,693.79,-0.40,2,166147.000,1,154.960,1421.91,-0.21,0.00,5.24,-1.17822076762868,251.33,0.040,0,0,0,0.0672464966773987
191830.680,16,33.70,68.4,24°53.056374 N,46°39.526776 E,0,1,0,0,693.78,-0.40,2,166181.000,1,155.000,1422.28,-0.04,0.06,5.24,-1.17507418397626,238.20,0.040,0,0,0,0.0726186707615852
191830.720,16,33.74,69.0,24°53.056440 N,46°39.526986 E,0,1,0,0,693.77,-0.43,2,166214.000,1,155.040,1422.65,-0.23,0.03,5.24,-1.28026553655573,184.55,0.040,0,0,0,0.101251803338528
191830.760,16,33.64,69.5,24°53.056512 N,46°39.527190 E,0,1,0,0,693.77,-0.40,2,166281.000,1,155.080,1423.03,-0.22,-0.07,5.23,-1.17710005350455,139.86,0.040,0,0,0,0.122385196387768
191830.800,16,33.66,70.2,24°53.056578 N,46°39.527400 E,0,1,0,0,693.77,-0.43,2,166314.000,1,155.120,1423.40,-0.31,0.01,5.23,-1.28357499405752,105.96,0.040,0,0,0,0.15893679857254
191830.840,16,33.60,71.0,24°53.056638 N,46°39.527610 E,0,1,0,0,693.77,-0.40,2,166347.000,1,155.160,1423.78,-0.30,-0.04,5.22,-1.17874683732698,82.62,0.040,0,0,0,0.188145905733109
191830.880,16,33.57,71.7,24°53.056698 N,46°39.527820 E,0,1,0,0,693.77,-0.40,2,166381.000,1,155.200,1424.15,-0.32,-0.02,5.22,-1.17976523863433,66.45,0.040,0,0,0,0.215149194002151
191830.920,16,33.62,72.5,24°53.056758 N,46°39.528036 E,0,1,0,0,693.77,-0.40,2,166414.000,1,155.240,1424.52,-0.33,0.04,5.21,-1.17787031528852,57.93,0.040,0,0,0,0.237069502472878
191830.960,16,33.58,73.6,24°53.056806 N,46°39.528246 E,0,1,0,0,693.78,-0.36,2,166481.000,1,155.280,1424.90,-0.43,-0.03,5.21,-1.07216249218215,51.20,0.040,0,0,0,0.276076912879944
191831.000,16,33.47,74.4,24°53.056860 N,46°39.528462 E,0,0,0,0,693.78,-0.36,1,166514.000,1,155.320,1425.27,-0.36,-0.08,5.20,-1.07571863981354,45.52,0.040,0,0,0,0.2955501973629
191831.040,16,33.45,75.2,24°53.056908 N,46°39.528672 E,0,0,0,0,693.79,-0.36,1,166547.000,1,155.360,1425.64,-0.30,-0.01,5.20,-1.07629753647453,41.76,0.040,0,0,0,0.295031905174255
191831.080,16,33.46,76.2,24°53.056950 N,46°39.528888 E,0,0,0,0,693.79,-0.36,1,166581.000,1,155.400,1426.01,-0.43,0.01,5.20,-1.0759758503198,37.02,0.040,0,0,0,0.321553409099579
191831.120,16,33.49,77.2,24°53.056986 N,46°39.529104 E,0,0,0,0,693.78,-0.36,1,166614.000,1,155.440,1426.38,-0.42,0.03,5.19,-1.07481937063355,33.52,0.040,0,0,0,0.340734511613846
191831.160,16,33.48,78.5,24°53.057022 N,46°39.529320 E,0,0,0,0,693.78,-0.36,1,166681.000,1,155.480,1426.76,-0.54,-0.01,5.19,-1.07514036554772,29.51,0.040,0,0,0,0.380659401416779
191831.200,15,33.45,79.9,24°53.057052 N,46°39.529536 E,0,0,0,0,693.78,-0.36,1,166714.000,1,155.520,1427.13,-0.56,-0.02,5.18,-1.07620101043317,26.47,0.040,0,0,0,0.416043192148209
191831.240,15,33.40,80.9,24°53.057082 N,46°39.529758 E,0,0,0,0,693.77,-0.36,1,166747.000,1,155.560,1427.50,-0.42,-0.04,5.18,-1.07794113243705,25.35,0.040,0,0,0,0.417015999555588
191831.280,15,33.37,81.9,24°53.057100 N,46°39.529974 E,0,0,0,0,693.78,-0.36,1,166781.000,1,155.600,1427.87,-0.44,-0.02,5.18,-1.07874865156419,23.53,0.040,0,0,0,0.421422213315964
191831.320,16,33.28,83.0,24°53.057124 N,46°39.530190 E,0,0,0,0,693.78,-0.32,1,166814.000,1,155.640,1428.24,-0.42,-0.06,5.17,-0.973499188750676,22.68,0.040,0,0,0,0.42335319519043
191831.360,16,33.13,84.0,24°53.057136 N,46°39.530406 E,0,0,0,0,693.78,-0.32,1,166881.000,1,155.680,1428.61,-0.44,-0.11,5.17,-0.977936071956778,21.75,0.040,0,0,0,0.431365698575974
191831.400,16,33.14,85.0,24°53.057148 N,46°39.530622 E,0,0,0,0,693.77,-0.36,1,166914.000,1,155.720,1428.98,-0.38,0.01,5.16,-1.08623498883592,21.49,0.040,0,0,0,0.417220503091812
191831.440,16,33.05,86.1,24°53.057160 N,46°39.530844 E,0,0,0,0,693.76,-0.36,1,166947.000,1,155.760,1429.35,-0.47,-0.07,5.16,-1.08932461873638,20.81,0.040,0,0,0,0.429498702287674
191831.480,16,33.34,87.3,24°53.057160 N,46°39.531060 E,0,0,0,0,693.75,-0.36,1,166980.000,1,155.800,1429.71,-0.48,0.20,5.16,-1.07991360691145,20.47,0.040,0,0,0,0.444632709026337
191831.520,16,33.47,88.7,24°53.057160 N,46°39.531282 E,0,0,0,0,693.75,-0.40,1,167014.000,1,155.840,1430.09,-0.60,0.10,5.15,-1.18304304962208,19.73,0.040,0,0,0,0.477483093738556
191831.560,16,33.65,90.2,24°53.057154 N,46°39.531504 E,0,0,0,0,693.74,-0.40,1,167080.000,1,155.880,1430.46,-0.62,0.12,5.15,-1.17696011412947,19.29,0.040,0,0,0,0.510914027690887
191831.600,16,33.71,91.5,24°53.057142 N,46°39.531732 E,0,0,0,0,693.74,-0.40,1,167114.000,1,155.920,1430.83,-0.53,0.04,5.14,-1.17483015397395,18.85,0.040,0,0,0,0.51204389333725
191831.640,16,33.98,92.6,24°53.057124 N,46°39.531954 E,0,0,0,0,693.73,-0.40,1,167147.000,1,155.960,1431.21,-0.44,0.19,5.14,-1.16539140670983,18.65,0.040,0,0,0,0.511161386966705
191831.680,16,34.05,93.8,24°53.057106 N,46°39.532176 E,0,0,0,0,693.72,-0.43,1,167180.000,1,156.000,1431.59,-0.52,0.05,5.14,-1.2689087971802,18.49,0.040,0,0,0,0.506466388702393
191831.720,16,33.98,95.3,24°53.057076 N,46°39.532398 E,0,1,0,0,693.72,-0.40,2,167214.000,1,156.040,1431.96,-0.64,-0.04,5.13,-1.16525423728814,17.93,0.040,0,0,0,0.526742100715637
191831.760,16,34.03,96.7,24°53.057046 N,46°39.532620 E,0,1,0,0,693.72,-0.43,2,167280.000,1,156.080,1432.34,-0.59,0.03,5.13,-1.26943081308219,17.87,0.040,0,0,0,0.538953006267548
191831.800,16,33.91,98.4,24°53.057004 N,46°39.532836 E,0,1,0,0,693.71,-0.43,2,167314.000,1,156.120,1432.72,-0.72,-0.09,5.12,-1.27414835569975,17.45,0.040,0,0,0,0.575831770896912
191831.840,16,34.01,99.6,24°53.056968 N,46°39.533052 E,0,1,0,0,693.70,-0.43,2,167347.000,1,156.160,1433.10,-0.49,0.07,5.12,-1.27025199211973,17.35,0.040,0,0,0,0.558387577533722
191831.880,16,34.06,100.5,24°53.056920 N,46°39.533274 E,0,1,0,0,693.70,-0.43,2,167380.000,1,156.200,1433.47,-0.40,0.03,5.11,-1.26849894291755,17.48,0.040,0,0,0,0.527450799942017
191831.920,16,34.20,101.4,24°53.056878 N,46°39.533496 E,0,0,0,0,693.70,-0.43,1,167414.000,1,156.240,1433.85,-0.38,0.10,5.11,-1.26315789473684,17.68,0.040,0,0,0,0.501180410385132
191831.960,16,34.26,102.8,24°53.056824 N,46°39.533712 E,0,0,0,0,693.70,-0.43,1,167480.000,1,156.280,1434.23,-0.57,0.04,5.10,-1.26090890516914,17.46,0.040,0,0,0,0.514327108860016
191832.000,16,34.25,104.2,24°53.056764 N,46°39.533928 E,0,0,0,0,693.69,-0.43,1,167514.000,1,156.320,1434.61,-0.59,-0.01,5.10,-1.26131386861314,17.03,0.040,0,0,0,0.527102410793304
191832.040,16,34.39,105.9,24°53.056698 N,46°39.534138 E,0,0,0,0,693.68,-0.47,1,167547.000,1,156.360,1435.00,-0.76,0.10,5.09,-1.36070244810141,16.56,0.040,0,0,0,0.575981795787811
191832.080,16,34.36,107.6,24°53.056626 N,46°39.534348 E,0,0,0,0,693.66,-0.50,1,167580.000,1,156.400,1435.38,-0.68,-0.03,5.09,-1.46690727050469,16.19,0.040,0,0,0,0.595301806926727
191832.120,16,34.42,108.9,24°53.056554 N,46°39.534558 E,0,0,0,0,693.66,-0.50,1,167614.000,1,156.440,1435.76,-0.58,0.04,5.08,-1.46443514644351,16.28,0.040,0,0,0,0.592642903327942
191832.160,16,34.43,110.2,24°53.056476 N,46°39.534768 E,0,1,0,0,693.66,-0.50,2,167680.000,1,156.480,1436.14,-0.53,0.01,5.08,-1.46396723501903,16.49,0.040,0,0,0,0.579078674316406
191832.200,16,34.50,111.1,24°53.056398 N,46°39.534978 E,0,1,0,0,693.65,-0.50,2,167714.000,1,156.520,1436.53,-0.39,0.05,5.07,-1.46091191049016,16.85,0.040,0,0,0,0.541085422039032
191832.240,16,34.53,112.7,24°53.056308 N,46°39.535182 E,0,1,0,0,693.66,-0.47,2,167747.000,1,156.560,1436.91,-0.69,0.02,5.07,-1.35530392980221,16.39,0.040,0,0,0,0.570046722888947
191832.280,16,34.49,114.6,24°53.056212 N,46°39.535380 E,0,1,0,0,693.68,-0.43,2,167780.000,1,156.600,1437.29,-0.83,-0.03,5.06,-1.252464339557,15.82,0.040,0,0,0,0.620757699012756
191832.320,16,34.38,116.9,24°53.056110 N,46°39.535566 E,0,1,0,0,693.69,-0.43,2,167814.000,1,156.640,1437.68,-0.97,-0.08,5.06,-1.2565445026178,15.21,0.040,0,0,0,0.691747426986694
191832.360,16,34.45,118.3,24°53.056002 N,46°39.535764 E,0,1,0,0,693.69,-0.40,2,167880.000,1,156.680,1438.06,-0.61,0.05,5.05,-1.14965887646973,15.21,0.040,0,0,0,0.673946022987366
191832.400,16,34.25,119.6,24°53.055894 N,46°39.535950 E,0,1,0,0,693.69,-0.40,2,167914.000,1,156.720,1438.44,-0.54,-0.14,5.05,-1.15606936416185,15.44,0.040,0,0,0,0.651387393474579
191832.440,16,34.33,120.4,24°53.055786 N,46°39.536148 E,0,1,0,0,693.69,-0.40,2,167947.000,1,156.760,1438.82,-0.35,0.05,5.04,-1.15364446775039,15.73,0.040,0,0,0,0.588260889053345
191832.480,16,34.31,121.4,24°53.055672 N,46°39.536334 E,0,1,0,0,693.70,-0.40,2,167980.000,1,156.800,1439.20,-0.43,-0.01,5.04,-1.15424973767051,15.68,0.040,0,0,0,0.555796384811401
191832.520,16,34.66,122.6,24°53.055558 N,46°39.536526 E,0,0,0,0,693.68,-0.40,1,168014.000,1,156.840,1439.58,-0.51,0.25,5.03,-1.14249444620755,15.62,0.040,0,0,0,0.56026029586792
191832.560,16,34.88,124.2,24°53.055432 N,46°39.536712 E,0,1,0,0,693.68,-0.43,2,168080.000,1,156.880,1439.97,-0.68,0.15,5.03,-1.23863864437882,15.54,0.040,0,0,0,0.589902698993683
191832.600,16,35.01,125.9,24°53.055300 N,46°39.536892 E,0,1,0,0,693.67,-0.43,2,168114.000,1,156.920,1440.36,-0.71,0.10,5.02,-1.23379219740675,15.42,0.040,0,0,0,0.612454175949097
191832.640,16,34.97,127.0,24°53.055168 N,46°39.537072 E,0,1,0,0,693.68,-0.40,2,168147.000,1,156.960,1440.75,-0.49,-0.03,5.02,-1.1322696860525,15.87,0.040,0,0,0,0.581467688083649
191832.680,16,35.09,128.2,24°53.055030 N,46°39.537246 E,0,1,0,0,693.67,-0.43,2,168180.000,1,157.000,1441.14,-0.53,0.08,5.01,-1.23126033175626,16.23,0.040,0,0,0,0.572487711906433
191832.720,16,35.33,129.7,24°53.054892 N,46°39.537426 E,0,1,0,0,693.68,-0.40,2,168214.000,1,157.040,1441.53,-0.63,0.18,5.01,-1.1207335710647,16.27,0.040,0,0,0,0.593952715396881
191832.760,16,35.34,130.8,24°53.054748 N,46°39.537594 E,0,1,0,0,693.68,-0.40,2,168280.000,1,157.080,1441.92,-0.49,0.00,5.01,-1.12051158710846,16.37,0.040,0,0,0,0.566083908081055
191832.800,16,35.53,131.9,24°53.054598 N,46°39.537762 E,0,1,0,0,693.70,-0.36,2,168314.000,1,157.120,1442.31,-0.51,0.13,5.00,-1.01328529610448,16.26,0.040,0,0,0,0.560426712036133
191832.840,16,35.45,132.9,24°53.054448 N,46°39.537930 E,0,1,0,0,693.70,-0.36,2,168347.000,1,157.160,1442.71,-0.42,-0.06,5.00,-1.01554345679709,16.75,0.040,0,0,0,0.525626599788666
191832.880,16,35.56,134.4,24°53.054292 N,46°39.538086 E,0,1,0,0,693.72,-0.32,2,168380.000,1,157.200,1443.10,-0.69,0.08,4.99,-0.911212981972607,17.12,0.040,0,0,0,0.559517502784729
191832.920,16,35.68,135.6,24°53.054136 N,46°39.538248 E,0,1,0,0,693.74,-0.25,2,168414.000,1,157.240,1443.50,-0.53,0.08,4.99,-0.70635721493441,18.18,0.040,0,0,0,0.555031299591064
191832.960,16,35.74,136.7,24°53.053974 N,46°39.538404 E,0,1,0,0,693.74,-0.25,2,168480.000,1,157.280,1443.90,-0.45,0.05,4.99,-0.705072605690943,18.61,0.040,0,0,0,0.534188389778137
191833.000,16,35.82,138.1,24°53.053812 N,46°39.538554 E,0,1,0,0,693.74,-0.29,2,168514.000,1,157.320,1444.29,-0.64,0.05,4.98,-0.804109895018986,18.50,0.040,0,0,0,0.554955422878265
191833.040,16,35.64,139.3,24°53.053644 N,46°39.538698 E,0,1,0,0,693.73,-0.29,2,168547.000,1,157.360,1444.69,-0.53,-0.12,4.98,-0.807990124565144,18.03,0.040,0,0,0,0.549480497837067
191833.080,16,35.44,140.5,24°53.053482 N,46°39.538836 E,0,1,0,0,693.74,-0.25,2,168580.000,1,157.400,1445.09,-0.54,-0.15,4.98,-0.711101077938936,17.71,0.040,0,0,0,0.553845524787903
191833.120,16,35.56,141.9,24°53.053308 N,46°39.538980 E,0,1,0,0,693.75,-0.25,2,168614.000,1,157.440,1445.48,-0.58,0.09,4.97,-0.708581711843437,17.66,0.040,0,0,0,0.553493082523346
191833.160,16,35.81,143.1,24°53.053128 N,46°39.539112 E,0,1,0,0,693.75,-0.25,2,168680.000,1,157.480,1445.88,-0.55,0.17,4.97,-0.70379266044797,18.09,0.040,0,0,0,0.560373723506927
191833.200,16,36.05,144.2,24°53.052948 N,46°39.539244 E,0,1,0,0,693.75,-0.25,2,168714.000,1,157.520,1446.28,-0.50,0.17,4.97,-0.699029126213592,18.72,0.040,0,0,0,0.558932900428772
191833.240,16,36.30,145.7,24°53.052762 N,46°39.539370 E,0,1,0,0,693.76,-0.22,2,168747.000,1,157.560,1446.68,-0.64,0.18,4.96,-0.595008539474409,18.56,0.040,0,0,0,0.583768784999847
191833.280,16,36.48,147.0,24°53.052576 N,46°39.539496 E,0,1,0,0,693.77,-0.22,2,168780.000,1,157.600,1447.08,-0.60,0.12,4.96,-0.592186429061001,18.53,0.040,0,0,0,0.586879014968872
191833.320,16,36.47,148.5,24°53.052384 N,46°39.539610 E,0,1,0,0,693.78,-0.18,2,168814.000,1,157.640,1447.49,-0.66,0.00,4.96,-0.493529282737442,18.52,0.040,0,0,0,0.591880321502686
191833.360,16,36.62,149.5,24°53.052192 N,46°39.539724 E,0,1,0,0,693.77,-0.22,2,168880.000,1,157.680,1447.89,-0.48,0.10,4.96,-0.589857724132281,18.64,0.040,0,0,0,0.572877824306488
191833.400,16,36.78,150.5,24°53.051994 N,46°39.539838 E,0,1,0,0,693.78,-0.22,2,168914.000,1,157.720,1448.30,-0.46,0.11,4.95,-0.587307629561151,18.88,0.040,0,0,0,0.553322494029999
191833.440,16,37.04,151.5,24°53.051796 N,46°39.539952 E,0,1,0,0,693.78,-0.22,2,168947.000,1,157.760,1448.71,-0.44,0.19,4.95,-0.583153347732181,19.01,0.040,0,0,0,0.542831122875214
191833.480,16,37.29,152.4,24°53.051592 N,46°39.540060 E,0,1,0,0,693.79,-0.18,2,168980.000,1,157.800,1449.12,-0.41,0.18,4.95,-0.482677249812292,19.86,0.040,0,0,0,0.525822997093201
191833.520,16,37.49,153.4,24°53.051388 N,46°39.540162 E,0,1,0,0,693.79,-0.18,2,169014.000,1,157.840,1449.54,-0.48,0.14,4.95,-0.480128034142438,20.14,0.040,0,0,0,0.518396973609924
191833.560,16,37.61,154.2,24°53.051178 N,46°39.540264 E,0,1,0,0,693.79,-0.18,2,169080.000,1,157.880,1449.96,-0.38,0.09,4.94,-0.478557945391221,20.43,0.040,0,0,0,0.488428503274918
191833.600,16,37.76,154.4,24°53.050974 N,46°39.540372 E,0,1,0,0,693.80,-0.18,2,169114.000,1,157.920,1450.38,-0.10,0.10,4.94,-0.476694915254237,22.06,0.040,0,0,0,0.413922786712646
191833.640,16,37.74,154.8,24°53.050770 N,46°39.540474 E,0,1,0,0,693.81,-0.14,2,169147.000,1,157.960,1450.80,-0.15,-0.01,4.94,-0.381537809337078,23.31,0.040,0,0,0,0.352535009384155
191833.680,16,37.83,155.4,24°53.050560 N,46°39.540570 E,0,1,0,0,693.81,-0.14,2,169180.000,1,158.000,1451.21,-0.28,0.06,4.94,-0.380700594844679,24.35,0.040,0,0,0,0.339675009250641
191833.720,16,38.15,155.6,24°53.050350 N,46°39.540678 E,0,1,0,0,693.80,-0.14,2,169214.000,1,158.040,1451.64,-0.09,0.23,4.94,-0.3774672992739,26.58,0.040,0,0,0,0.319966197013855
191833.760,16,38.29,155.8,24°53.050140 N,46°39.540780 E,0,1,0,0,693.80,-0.18,2,169280.000,1,158.080,1452.06,-0.13,0.10,4.93,-0.470145745181006,28.75,0.040,0,0,0,0.281204611063004
191833.800,16,38.35,156.1,24°53.049930 N,46°39.540882 E,0,1,0,0,693.79,-0.18,2,169314.000,1,158.120,1452.49,-0.13,0.05,4.93,-0.46931219690254,30.89,0.040,0,0,0,0.244056805968285
191833.840,16,38.53,156.0,24°53.049714 N,46°39.540984 E,0,1,0,0,693.79,-0.18,2,169347.000,1,158.160,1452.91,0.05,0.13,4.93,-0.467119946021695,35.65,0.040,0,0,0,0.202934801578522
191833.880,15,38.57,155.8,24°53.049504 N,46°39.541092 E,0,1,0,0,693.79,-0.18,2,169380.000,1,158.200,1453.34,0.10,0.03,4.93,-0.466683951257454,41.92,0.040,0,0,0,0.135902002453804
191833.920,15,38.69,155.7,24°53.049294 N,46°39.541200 E,0,1,0,0,693.79,-0.18,2,169414.000,1,158.240,1453.77,0.04,0.09,4.93,-0.465200423849275,51.03,0.040,0,0,0,0.115581996738911
191833.960,15,38.78,155.8,24°53.049078 N,46°39.541302 E,0,1,0,0,693.79,-0.18,2,169480.000,1,158.280,1454.20,-0.05,0.06,4.93,-0.464168751128188,58.90,0.040,0,0,0,0.105333097279072
191834.000,15,38.93,156.2,24°53.048862 N,46°39.541404 E,0,1,0,0,693.80,-0.14,2,169514.000,1,158.320,1454.63,-0.18,0.11,4.92,-0.369894682763935,65.76,0.040,0,0,0,0.13277779519558
191834.040,15,38.93,156.4,24°53.048646 N,46°39.541506 E,0,1,0,0,693.80,-0.14,2,169547.000,1,158.360,1455.07,-0.11,0.00,4.92,-0.369856680536292,75.52,0.040,0,0,0,0.111642502248287
191834.080,15,39.03,156.7,24°53.048430 N,46°39.541602 E,0,1,0,0,693.81,-0.14,2,169580.000,1,158.400,1455.50,-0.16,0.07,4.92,-0.368965870656964,85.50,0.040,0,0,0,0.125826895236969
191834.120,15,39.21,156.8,24°53.048214 N,46°39.541704 E,0,1,0,0,693.82,-0.14,2,169614.000,1,158.440,1455.93,-0.04,0.13,4.92,-0.367271985309121,109.96,0.040,0,0,0,0.133881703019142
191834.160,15,39.33,156.8,24°53.047992 N,46°39.541806 E,0,1,0,0,693.82,-0.14,2,169680.000,1,158.480,1456.37,0.01,0.08,4.92,-0.366169963891573,147.10,0.040,0,0,0,0.116028897464275
191834.200,15,39.55,157.2,24°53.047770 N,46°39.541908 E,0,1,0,0,693.82,-0.11,2,169714.000,1,158.520,1456.81,-0.20,0.16,4.91,-0.273099681383705,136.78,0.040,0,0,0,0.158438503742218
191834.240,15,39.73,157.6,24°53.047548 N,46°39.542004 E,0,1,0,0,693.83,-0.11,2,169747.000,1,158.560,1457.25,-0.18,0.13,4.91,-0.271814360858732,135.60,0.040,0,0,0,0.17245389521122
191834.280,15,39.82,157.7,24°53.047326 N,46°39.542100 E,0,1,0,0,693.83,-0.11,2,169780.000,1,158.600,1457.69,-0.08,0.06,4.91,-0.271220492214967,160.65,0.040,0,0,0,0.144705802202225
191834.320,15,39.93,157.7,24°53.047104 N,46°39.542202 E,0,1,0,0,693.83,-0.11,2,169814.000,1,158.640,1458.13,0.00,0.08,4.91,-0.270486876377479,176.03,0.040,0,0,0,0.122267097234726
191834.360,15,40.11,157.5,24°53.046876 N,46°39.542304 E,0,1,0,0,693.84,-0.11,2,169880.000,1,158.680,1458.58,0.10,0.13,4.91,-0.269252823415023,226.11,0.040,0,0,0,0.118486203253269
191834.400,15,40.26,157.4,24°53.046654 N,46°39.542412 E,0,1,0,0,693.83,-0.11,2,169914.000,1,158.720,1459.03,0.08,0.10,4.91,-0.268262997093818,302.00,0.040,0,0,0,0.108884498476982
191834.440,15,40.24,157.3,24°53.046432 N,46°39.542514 E,0,1,0,0,693.82,-0.11,2,169947.000,1,158.760,1459.47,0.01,-0.01,4.91,-0.268362985786701,284.88,0.040,0,0,0,0.0507523007690907
191834.480,15,40.22,157.4,24°53.046204 N,46°39.542610 E,0,1,0,0,693.83,-0.11,2,169980.000,1,158.800,1459.92,-0.04,-0.02,4.91,-0.268529799348567,234.61,0.040,0,0,0,0.0262266993522644
191834.520,15,40.46,157.5,24°53.045976 N,46°39.542712 E,0,1,0,0,693.84,-0.11,2,170014.000,1,158.840,1460.37,-0.03,0.17,4.90,-0.266930301532378,216.69,0.040,0,0,0,0.0957659035921097
191834.560,15,40.48,157.6,24°53.045754 N,46°39.542814 E,0,1,0,0,693.83,-0.11,2,170080.000,1,158.880,1460.82,-0.07,0.02,4.90,-0.266785237883504,212.64,0.040,0,0,0,0.063254103064537
191834.600,15,40.69,157.5,24°53.045526 N,46°39.542916 E,0,1,0,0,693.84,-0.11,2,170114.000,1,158.920,1461.27,0.07,0.15,4.90,-0.265414956624315,297.30,0.040,0,0,0,0.101704098284245
191834.640,15,40.77,157.4,24°53.045298 N,46°39.543024 E,0,1,0,0,693.83,-0.11,2,170147.000,1,158.960,1461.72,0.04,0.06,4.90,-0.264874675038014,395.69,0.040,0,0,0,0.0798127725720406
191834.680,15,40.93,157.6,24°53.045070 N,46°39.543126 E,0,1,0,0,693.83,-0.11,2,170180.000,1,159.000,1462.18,-0.09,0.11,4.90,-0.263897373243739,470.28,0.040,0,0,0,0.0950825810432434
191834.720,15,41.07,157.9,24°53.044842 N,46°39.543228 E,0,1,0,0,693.84,-0.11,2,170214.000,1,159.040,1462.63,-0.17,0.10,4.90,-0.262972071392047,358.16,0.040,0,0,0,0.109172701835632
191834.760,15,41.22,158.1,24°53.044608 N,46°39.543330 E,0,1,0,0,693.84,-0.11,2,170280.000,1,159.080,1463.09,-0.07,0.11,4.90,-0.2619833106928,311.19,0.040,0,0,0,0.116837702691555
191834.800,15,41.32,158.0,24°53.044380 N,46°39.543432 E,0,1,0,0,693.84,-0.11,2,170314.000,1,159.120,1463.55,0.05,0.07,4.90,-0.261393615218917,519.83,0.040,0,0,0,0.0915321409702301
191834.840,15,41.53,157.5,24°53.044146 N,46°39.543540 E,0,1,0,0,693.86,-0.07,2,170347.000,1,159.160,1464.01,0.26,0.15,4.89,-0.173368649169275,1000.00,0.040,0,0,0,0.120286002755165
191834.880,15,41.74,157.3,24°53.043912 N,46°39.543648 E,0,1,0,0,693.86,-0.07,2,170380.000,1,159.200,1464.47,0.06,0.15,4.89,-0.172488141440276,989.10,0.040,0,0,0,0.13798950612545
191834.920,15,41.98,157.4,24°53.043678 N,46°39.543750 E,0,1,0,0,693.86,-0.07,2,170414.000,1,159.240,1464.93,-0.06,0.17,4.89,-0.171497987280566,1000.00,0.040,0,0,0,0.153171107172966
191834.960,15,42.21,157.6,24°53.043438 N,46°39.543858 E,0,1,0,0,693.88,-0.04,2,170480.000,1,159.280,1465.40,-0.11,0.16,4.89,-0.0852959294886983,1000.00,0.040,0,0,0,0.155516505241394
191835.000,15,42.28,157.7,24°53.043204 N,46°39.543960 E,0,1,0,0,693.89,-0.04,2,170514.000,1,159.320,1465.87,-0.01,0.05,4.89,-0.0851426138782461,1000.00,0.040,0,0,0,0.104772299528122
191835.040,15,42.19,157.7,24°53.042970 N,46°39.544068 E,0,1,0,0,693.89,-0.04,2,170547.000,1,159.360,1466.34,-0.01,-0.07,4.89,-0.085332321987295,1000.00,0.040,0,0,0,0.0214556306600571
191835.080,15,42.25,157.5,24°53.042736 N,46°39.544170 E,0,1,0,0,693.89,-0.04,2,170580.000,1,159.400,1466.81,0.08,0.04,4.89,-0.085207100591716,1000.00,0.040,0,0,0,0.0323110409080982
191835.120,15,42.55,157.2,24°53.042496 N,46°39.544284 E,0,1,0,0,693.89,-0.04,2,170614.000,1,159.440,1467.28,0.19,0.21,4.89,-0.0846023688663283,1000.00,0.040,0,0,0,0.130668297410011
191835.160,15,42.70,157.1,24°53.042262 N,46°39.544398 E,0,1,0,0,693.88,-0.04,2,170680.000,1,159.480,1467.75,0.03,0.10,4.89,-0.0843170320404722,787.10,0.040,0,0,0,0.119883000850677
191835.200,15,42.80,157.2,24°53.042022 N,46°39.544506 E,0,1,0,0,693.89,-0.04,2,170714.000,1,159.520,1468.23,-0.05,0.07,4.89,-0.0841180456574059,1000.00,0.040,0,0,0,0.094591997563839
191835.240,15,42.93,157.1,24°53.041782 N,46°39.544614 E,0,1,0,0,693.89,-0.04,2,170747.000,1,159.560,1468.71,0.05,0.09,4.89,-0.0838652564879094,1000.00,0.040,0,0,0,0.095757432281971
191835.280,15,42.98,157.1,24°53.041542 N,46°39.544728 E,0,1,0,0,693.88,-0.04,2,170780.000,1,159.600,1469.18,0.02,0.04,4.89,-0.0837598883201489,849.75,0.040,0,0,0,0.0701617524027824
191835.320,15,43.11,157.0,24°53.041302 N,46°39.544836 E,0,1,0,0,693.88,-0.07,2,170814.000,1,159.640,1469.66,0.04,0.09,4.89,-0.167014613778706,455.39,0.040,0,0,0,0.0837899670004845
191835.360,15,43.43,157.0,24°53.041062 N,46°39.544950 E,0,1,0,0,693.88,-0.07,2,170880.000,1,159.680,1470.14,0.01,0.23,4.89,-0.165768752590137,385.47,0.040,0,0,0,0.156164303421974
191835.400,15,43.66,157.0,24°53.040816 N,46°39.545064 E,0,1,0,0,693.89,-0.04,2,170914.000,1,159.720,1470.63,0.00,0.16,4.89,-0.0824534481573945,425.88,0.040,0,0,0,0.158563107252121
191835.440,15,43.72,156.9,24°53.040576 N,46°39.545178 E,0,1,0,0,693.90,-0.04,2,170947.000,1,159.760,1471.11,0.05,0.04,4.89,-0.0823459444622352,745.49,0.040,0,0,0,0.102329201996326
191835.480,15,43.80,156.8,24°53.040330 N,46°39.545292 E,0,1,0,0,693.91,-0.04,2,170980.000,1,159.800,1471.60,0.06,0.06,4.89,-0.0821955340426503,753.59,0.040,0,0,0,0.084519550204277
191835.520,15,43.97,156.9,24°53.040084 N,46°39.545406 E,0,1,0,0,693.91,0.00,2,171014.000,1,159.840,1472.09,-0.05,0.12,4.88,0,735.30,0.040,0,0,0,0.100143596529961
191835.560,15,44.14,156.7,24°53.039844 N,46°39.545520 E,0,1,0,0,693.90,-0.04,2,171080.000,1,159.880,1472.57,0.07,0.12,4.88,-0.081553134132252,462.21,0.040,0,0,0,0.115349903702736
191835.600,15,44.31,157.0,24°53.039592 N,46°39.545634 E,0,1,0,0,693.89,-0.04,2,171114.000,1,159.920,1473.07,-0.15,0.12,4.88,-0.0812421014623578,657.06,0.040,0,0,0,0.116100803017616
191835.640,15,44.54,157.2,24°53.039346 N,46°39.545748 E,0,1,0,0,693.88,-0.07,2,171147.000,1,159.960,1473.56,-0.09,0.16,4.88,-0.161656076696827,837.24,0.040,0,0,0,0.140354797244072
191835.680,15,44.71,157.4,24°53.039094 N,46°39.545862 E,0,1,0,0,693.89,-0.04,2,171180.000,1,160.000,1474.06,-0.11,0.12,4.88,-0.0805225015657153,1000.00,0.040,0,0,0,0.135511100292206
191835.720,15,44.77,157.1,24°53.038848 N,46°39.545976 E,0,1,0,0,693.89,-0.04,2,171214.000,1,160.040,1474.55,0.17,0.04,4.88,-0.0804181745074387,1000.00,0.040,0,0,0,0.0849029198288918
191835.760,15,45.03,156.8,24°53.038596 N,46°39.546096 E,0,1,0,0,693.89,-0.07,2,171280.000,1,160.080,1475.05,0.14,0.19,4.88,-0.15988630307337,1000.00,0.040,0,0,0,0.139782592654228
191835.800,15,45.13,156.8,24°53.038350 N,46°39.546216 E,0,1,0,0,693.88,-0.07,2,171314.000,1,160.120,1475.55,0.03,0.07,4.88,-0.159553250897487,970.54,0.040,0,0,0,0.105419598519802
191835.840,15,45.32,156.8,24°53.038098 N,46°39.546330 E,0,1,0,0,693.89,-0.04,2,171347.000,1,160.160,1476.06,-0.03,0.14,4.88,-0.0794351279788173,1000.00,0.040,0,0,0,0.120869398117065
191835.880,15,45.56,156.9,24°53.037840 N,46°39.546450 E,0,1,0,0,693.89,-0.04,2,171380.000,1,160.200,1476.56,-0.05,0.17,4.88,-0.0790201501382853,1000.00,0.040,0,0,0,0.143969506025314
191835.920,15,45.62,157.1,24°53.037588 N,46°39.546564 E,0,1,0,0,693.88,-0.07,2,171414.000,1,160.240,1477.07,-0.08,0.05,4.88,-0.1578151371019,1000.00,0.040,0,0,0,0.0958679690957069
