tier,relative_path,size_bytes,rows,sha256
release,Calibration_Drives/calibration_drive1_VBOX_native.csv,3033537,16773.0,4f4ebcb6105e93a01abfd5efefb79a0f1100011bf35dc3e9e3d8a2488a4333ff
release,Calibration_Drives/calibration_drive2_VBOX_native.csv,5287751,29494.0,2cc9fca05404bdf892279c055f30a4b8520e4c8c5a66e8ff638ecdaafe606acb
release,Calibration_Drives/calibration_drive3_VBOX_native.csv,712191,4007.0,112730120022c646fe9a86c9ae344f9083710fa59094eb4c2ac20faeab0b8e26
release,Calibration_Drives/calibration_drives.csv,961,3.0,27460723da0f83bd77e801a538f859a872c05cf943711f115b23d6df597483c4
release,Calibration_Drives/calibration_manoeuvres.csv,3711,47.0,3b886df4663c51645707b3362370556a8cc5fc13699616572995bc0860de5525
release,data_schema.json,37720,,b4d0a0a1e67ba2138a58a9f73db62342f473353989a53aa33a2de0481d45a34e
release,dataset_metadata.json,166702,,fb2e03133ca85dec8fada4eb2129f83d667d13434a6f423771cb9a2e17f6eba9
release,harsh_events_v2.csv,25213,176.0,f3f6ffae1c3824db4f2b87749126848363de27900083175a01ae11bf67375701
processed,Preprocessed_Dataset/D1/Session_1/D1_S1_Front_emotions.csv,10961355,70121.0,a61a3f781943637ff5fec97f0dc9593fb4728bf4af825d972e2ed3ab75c9a35f
processed,Preprocessed_Dataset/D1/Session_1/D1_S1_fused.csv,24190152,58702.0,78637b144f2d932bf2e597786542bc4514fdc0d02b6803fd8fcf7dc96316e77f
processed,Preprocessed_Dataset/D1/Session_1/D1_S1_Side_pose.csv,2470430,11688.0,53d85d1357c8529e3fdf0509df1a6f999665f4f38000b4940c0e8e491db72984
processed,Preprocessed_Dataset/D1/Session_2/D1_S2_Front_emotions.csv,3154889,37407.0,5e4b7accd661d7370dbfdf30d89e4c14e6f34facd1c86bfb1ef37af03bc7345b
processed,Preprocessed_Dataset/D1/Session_2/D1_S2_fused.csv,12889315,31451.0,2949262fcf298607bd52e5ceed2ca6ceafa086995b3c15757413b1c3430711b2
processed,Preprocessed_Dataset/D1/Session_2/D1_S2_Side_pose.csv,1334560,6234.0,f4261ebf139273f84db65145afef3b3edd4326107721f60a0fcb8d1c8099b4ee
processed,Preprocessed_Dataset/D1/Session_3/D1_S3_Front_emotions.csv,9190688,58296.0,8610d2118d57c1c10ad3e537eed101fdce82f6c1e87d48da066a5212446f0290
processed,Preprocessed_Dataset/D1/Session_3/D1_S3_fused.csv,19852026,48866.0,c1a9bc77ec2aff16f49e5d04e2448e6b7d625db8a36e90fa7c99f203cac01f0a
processed,Preprocessed_Dataset/D1/Session_3/D1_S3_Side_pose.csv,2118585,9717.0,3fe9db79d37b296276fec714d93cc0ea9b048c3ef95122e364818464631af539
processed,Preprocessed_Dataset/D1/Session_4/D1_S4_Front_emotions.csv,4862217,30197.0,b7a2fc7ed616fb593fb6362e02958bf274638d625362cd6bc6c89c6c4c94033c
processed,Preprocessed_Dataset/D1/Session_4/D1_S4_fused.csv,10075969,25304.0,5fc9c5b57785c454f15f15c888f45a8c668902d3823534d9b7587c1d6069e16f
processed,Preprocessed_Dataset/D1/Session_4/D1_S4_Side_pose.csv,1093989,5033.0,b7a650862ee38bcae429468dd99083427062eb93be76f639b8f74b69cff3fbcf
processed,Preprocessed_Dataset/D10/Session_1/D10_S1_Front_emotions.csv,14892864,96358.0,1ebe4c5bfbfc3f54fb253e38d6da8e8d9fe9dd4544a07357ca0c60e54ea41a9f
processed,Preprocessed_Dataset/D10/Session_1/D10_S1_fused.csv,33061247,80589.0,78bf8b84460b297acd2f7eb3c4ea15f3a6a544b72e9c0f71388ad82b6c71995e
processed,Preprocessed_Dataset/D10/Session_1/D10_S1_Side_pose.csv,3498662,16062.0,021055efb5d5d71f02571a22560058656fdf2418dc0563557d5ea09f89093eef
processed,Preprocessed_Dataset/D10/Session_2/D10_S2_Front_emotions.csv,4470572,28511.0,234d7f7454d6de33445d6a4d5ed44276fc18e0cb461f7cecbb49e43b4aee9241
processed,Preprocessed_Dataset/D10/Session_2/D10_S2_fused.csv,10020473,24035.0,0c5d673e5196669d8124c8b42469dde1a9c8c55f071e84b60bc366d11a471adb
processed,Preprocessed_Dataset/D10/Session_2/D10_S2_Side_pose.csv,1017223,4752.0,02ec574f7e50a40e6583ece1a84d8c0d3382b0552f9bd4d9f17b0d98cfc24f1c
processed,Preprocessed_Dataset/D10/Session_3/D10_S3_Front_emotions.csv,14953717,93828.0,a1198159622bec8adab7f1dcad22b30b84bd7901670bbdad15873d5f00beba93
processed,Preprocessed_Dataset/D10/Session_3/D10_S3_fused.csv,32310210,78480.0,b79ed9a3faef0cf8e23323d6a961a2d350f839a6469d7d0c8163d8162fa22901
processed,Preprocessed_Dataset/D10/Session_4/D10_S4_Front_emotions.csv,5353064,33440.0,77d4b190a994f9c9c5f7ae42c1795b4046e1ad9c9438876578113504beacc1b6
processed,Preprocessed_Dataset/D10/Session_4/D10_S4_fused.csv,11564975,28149.0,7a44f4a2ae492f88af0c8ec3f4c365ffb7922cea6d49e486b7e6590c26fbc637
processed,Preprocessed_Dataset/D10/Session_4/D10_S4_Side_pose.csv,1212139,5573.0,7f34632e54c021ad8d42c6a882a17e10541188ba9d8507bb877fcb022b882cf4
processed,Preprocessed_Dataset/D11/Session_1/D11_S1_Front_emotions.csv,8232001,54398.0,591e3ca6f8a26fc5ac8c7fa68a7acb1a3e66bf661b711921ea38fa40c1bed4a1
processed,Preprocessed_Dataset/D11/Session_1/D11_S1_fused.csv,18786043,45614.0,697f14121f41c7c18c3a3eefc73ca0fe0516ddf27e68d9d89098a0b785d1d704
processed,Preprocessed_Dataset/D11/Session_1/D11_S1_Side_pose.csv,1943145,9067.0,16bd4fccc4331a4f7167e0a391496729374749ab7140ab75bb593fb791db1588
processed,Preprocessed_Dataset/D11/Session_2/D11_S2_Front_emotions.csv,4439013,27825.0,aa099d78a89aba3574428f8220b6fd7a422541625499f20cf339244af0268ff4
processed,Preprocessed_Dataset/D11/Session_2/D11_S2_fused.csv,9784956,23465.0,16a8ed25466339805c3eaa238b0ea9451e3b140bddb60032653497576ed60fb3
processed,Preprocessed_Dataset/D11/Session_2/D11_S2_Side_pose.csv,1004999,4637.0,d7cae2200ec21f9f0e4fe32a552f87eef581f1ad8cf507f5dfa11d4253f7236f
processed,Preprocessed_Dataset/D11/Session_3/D11_S3_Front_emotions.csv,8329980,53774.0,f09f4e4db5e19a79798c16fd7557a73a0d2e0d9e1cd4b880de7c801388c021de
processed,Preprocessed_Dataset/D11/Session_3/D11_S3_fused.csv,19037300,45095.0,9151991ea2a6e44914dfaf5255c5770a6050e2b18b48ec184a2e05d81177d5ae
processed,Preprocessed_Dataset/D11/Session_3/D11_S3_Side_pose.csv,1931466,8964.0,a7000a45af065fd415df170440513fa7558c09553f56d9479ee6c709493fd589
processed,Preprocessed_Dataset/D11/Session_4/D11_S4_Front_emotions.csv,4163497,26097.0,778d97107bceb35ec07eceba498d2b5e7fcc003a5dc39dda5694ab0cc45f1cf9
processed,Preprocessed_Dataset/D11/Session_4/D11_S4_fused.csv,9137341,22027.0,c4235d5cceeace4c2d7261e363d973faa68eb9464d6fe551af1e1d63a295ecbd
processed,Preprocessed_Dataset/D11/Session_4/D11_S4_Side_pose.csv,943847,4350.0,2d64e1f61703d02fec62e683bf327f69f03adaffd39b672631e19b83a5ef06bf
processed,Preprocessed_Dataset/D12/Session_1/D12_S1_Front_emotions.csv,8491794,52885.0,3354f4aef93a9ed16c6b586d16d180e395df1d463ded44cbfbb60564d9ac8783
processed,Preprocessed_Dataset/D12/Session_1/D12_S1_fused.csv,18418803,44356.0,6863b87aeed48ca1e2b4d1fdb77b2a61987b4071be3d9047503cdc143e21ec76
processed,Preprocessed_Dataset/D12/Session_1/D12_S1_Side_pose.csv,1916472,8816.0,556afca39b0b9af5c8827fc788fc506894b6b3f2682378d998a9637359373e59
processed,Preprocessed_Dataset/D12/Session_2/D12_S2_Front_emotions.csv,5247079,32877.0,a9049ca83644566d8673b4ced9181f1e132543daea2f3869cb21e93e5c8b4896
processed,Preprocessed_Dataset/D12/Session_2/D12_S2_fused.csv,11465206,27678.0,bb3819bed5753790b8bb2e67c0f328456f4b398c954eb3ddeefa69477f12357a
processed,Preprocessed_Dataset/D12/Session_2/D12_S2_Side_pose.csv,1175816,5480.0,c0df9bfc2c68a95ff390684090aaf3466eaf06e6cf28336fe4be2d07d411aadb
processed,Preprocessed_Dataset/D12/Session_3/D12_S3_Front_emotions.csv,10629129,66394.0,0ef39e2851ae3577549b50c1bbf7a4ddde247aaf42363949cd92881e5f07c902
processed,Preprocessed_Dataset/D12/Session_3/D12_S3_fused.csv,22443832,55615.0,128359656fe108d03fff252fb2f57e8c53fca2773f59c33e440eab8fd65d91c0
processed,Preprocessed_Dataset/D12/Session_3/D12_S3_Side_pose.csv,2381439,11067.0,645ae5b502a5e591563ecd0c1f84e3900394e3a30cb089a4250a7543529bcbb7
processed,Preprocessed_Dataset/D12/Session_4/D12_S4_Front_emotions.csv,5843296,36539.0,8b1d7a0f68b3d965409813733f09659d40e8deb6c6e400e6430b6dbe450cd615
processed,Preprocessed_Dataset/D12/Session_4/D12_S4_fused.csv,12551973,30590.0,f96e134b8724fb9a7a861da77b5c334f91c08f786e577cf5e6a44179f0a64bd0
processed,Preprocessed_Dataset/D12/Session_4/D12_S4_Side_pose.csv,1307263,6090.0,af6a8e299048a9a7022b76527ae63c3d88a930ac634e5e277291ea228934c4f6
processed,Preprocessed_Dataset/D13/Session_1/D13_S1_Front_emotions.csv,14173749,86579.0,411f3e6c68543c14aae0282cae5edb7944ee6d4402db571794fd77c81b2944cf
processed,Preprocessed_Dataset/D13/Session_1/D13_S1_fused.csv,29868336,72441.0,cf61ef8b405abedfeaec383181174656cbb829b3ce2b89c06e2dd5768dd0788e
processed,Preprocessed_Dataset/D13/Session_1/D13_S1_Side_pose.csv,3101976,14432.0,d40310493c9b54ce8c707e82088d3307c095d0b1d43c41f9bc41582c1e5702a8
processed,Preprocessed_Dataset/D13/Session_2/D13_S2_Front_emotions.csv,5008496,31105.0,b18d6aefac09d49f4031706243473c738ff6c75dedf283026b6b6605037ee3ed
processed,Preprocessed_Dataset/D13/Session_2/D13_S2_fused.csv,10859687,26200.0,cf49ccba50908afe65b885903bd327db90dc9828befceffd1112b041a0196d32
processed,Preprocessed_Dataset/D13/Session_2/D13_S2_Side_pose.csv,1127022,5184.0,5b0b1184772775ffa50b5387dacfbc792809a5ef50a8aeedbc29bae61dcff6ba
processed,Preprocessed_Dataset/D13/Session_3/D13_S3_Front_emotions.csv,14635997,91249.0,6a1a4bc389abc185e68f3c5cbc90d49f02ac61d8d21caad0f1af72c0ef420e36
processed,Preprocessed_Dataset/D13/Session_3/D13_S3_fused.csv,31158163,76332.0,adba33554eceb1d49dec51e42f74116f1f9130614f545206895adf8f951d30fb
processed,Preprocessed_Dataset/D13/Session_3/D13_S3_Side_pose.csv,3319208,15211.0,996aa94161f8415aefb462720907c1a675365704f9373255f4c85845eb799753
processed,Preprocessed_Dataset/D13/Session_4/D13_S4_Front_emotions.csv,5654729,34816.0,be35ea600a24207634c7e9390beb85f96b1e687c06b841827354a3d7ed0734e4
processed,Preprocessed_Dataset/D13/Session_4/D13_S4_fused.csv,12221351,29293.0,5cde5c4e18fe7899aeb6ef03716c238757cfc4e19bf89098a50a99c5cf42455d
processed,Preprocessed_Dataset/D13/Session_4/D13_S4_Side_pose.csv,1261942,5802.0,deefd2a6775d12255df3e44ea31452f8a6c37e94ba0e3b51b9c89277ac241759
processed,Preprocessed_Dataset/D14/Session_1/D14_S1_Front_emotions.csv,11488051,73560.0,94cb954604a062912b1f14b9137e15702469b4b955ad659b54deadf18e7cc9b4
processed,Preprocessed_Dataset/D14/Session_1/D14_S1_fused.csv,25491976,61585.0,930f348df24fa42f192d079e0b23fa6a36a0266c6c16603924af7b14f54c552a
processed,Preprocessed_Dataset/D14/Session_1/D14_S1_Side_pose.csv,2628396,12262.0,636bd8853aae0639cc28725d3d7ac67c36083cef24e38a1c48b78091636e8aa9
processed,Preprocessed_Dataset/D14/Session_2/D14_S2_Front_emotions.csv,5503419,35555.0,201cc9046576cb9f69097178323571b4482b239adc7d3776bbacdfc3ee96f7d9
processed,Preprocessed_Dataset/D14/Session_2/D14_S2_fused.csv,12534184,29906.0,92b9db1a18b61445163138a18ad77cc1ffc83b704a1ad2a307dd3174becb4a1e
processed,Preprocessed_Dataset/D14/Session_2/D14_S2_Side_pose.csv,1240294,5926.0,168ce41c374d11e4a32b9a4794f81c928f641c89b8b2be3e737084a858170ee6
processed,Preprocessed_Dataset/D14/Session_3/D14_S3_Front_emotions.csv,9262686,59350.0,93185c6a64689b19638f89000d10e35e17b581b1f96a103c9a450f5c22b04536
processed,Preprocessed_Dataset/D14/Session_3/D14_S3_fused.csv,20525088,49571.0,48d7c56b0f1e1b7f7b619c746a67b344d5c4d903d36c2e96b76cbc0facc3535d
processed,Preprocessed_Dataset/D14/Session_3/D14_S3_Side_pose.csv,2122743,9893.0,39d47c9061b310e49d0b2d9e413c37f51a03f9cc5152691639cf4ac07ad0d380
processed,Preprocessed_Dataset/D14/Session_4/D14_S4_Front_emotions.csv,5307142,34259.0,3a9891484af58faa8a7cf00249856c57026fd220db97c562660e20a75ac9639d
processed,Preprocessed_Dataset/D14/Session_4/D14_S4_fused.csv,12134718,28831.0,cf561faa74c14d50d7f8b669a92a61463ef4f36964e985f42c54f30ec4a57674
processed,Preprocessed_Dataset/D14/Session_4/D14_S4_Side_pose.csv,1213378,5710.0,49cbf1d433d1874a3e71a1dd4ea31cb62158be9ef9a66e62ceff19fe16ad59c9
processed,Preprocessed_Dataset/D15/Session_1/D15_S1_Front_emotions.csv,13418378,87071.0,ee9db949364bf6350cde96a44eebd2900347f3153971fb3bf3742ae0242ef8a2
processed,Preprocessed_Dataset/D15/Session_1/D15_S1_fused.csv,29587473,72853.0,b8fcd83fa02f14dc41c8acbd34bbd0185d16afb8fa4228f3e6610d3d90bd1d84
processed,Preprocessed_Dataset/D15/Session_1/D15_S1_Side_pose.csv,3167091,14514.0,b1ae0ebadd783c61f547f1f77a474203b45c432d67e258a2cbff77ec3f5ee574
processed,Preprocessed_Dataset/D15/Session_2/D15_S2_Front_emotions.csv,5200039,32404.0,77c7ac6db1d5f9c246363328f59786351c7b7704177f8fd1a9e7c0ea0905b472
processed,Preprocessed_Dataset/D15/Session_2/D15_S2_fused.csv,11327084,27281.0,fb749afea45b93f5acd1fcf64ce485cd4e5873f78a1d09b7819325c3a36b6bca
processed,Preprocessed_Dataset/D15/Session_2/D15_S2_Side_pose.csv,1174931,5401.0,c9cc47f3e626798c32090485ef3a0a3ad97f1981a80021062abf6afcf4faa5d8
processed,Preprocessed_Dataset/D15/Session_3/D15_S3_Front_emotions.csv,10921998,68967.0,300cfa23fa65d845bca8b80b78f20aeb77c008f685d2f0bbd571130571d8573b
processed,Preprocessed_Dataset/D15/Session_3/D15_S3_fused.csv,23715044,57762.0,372a051677eb1f8aa41b26e5a99a902989bc4e7e1941a2479201d75133a3bff1
processed,Preprocessed_Dataset/D15/Session_3/D15_S3_Side_pose.csv,2474336,11496.0,e3fbf70936fadd7ba872c10106964be1b75bc825a6fc8241a0540b923facad39
processed,Preprocessed_Dataset/D15/Session_4/D15_S4_Front_emotions.csv,5828591,36258.0,9d19612b660d448e35554b09a8e21e4fd23eb87990c074792a3a2535996c878b
processed,Preprocessed_Dataset/D15/Session_4/D15_S4_fused.csv,12575519,30492.0,75ac43edbcc0ffa6eaf59a501435e9ab51c02c2fbd03b68aaaf08cc5eb5ac1ab
processed,Preprocessed_Dataset/D15/Session_4/D15_S4_Side_pose.csv,1297267,6043.0,2476ee60ff76f328adae2ebbc7e1260c534cf0eeac8496005c1fd0ef15ff5f54
processed,Preprocessed_Dataset/D16/Session_1/D16_S1_Front_emotions.csv,9588571,58195.0,a02e70c9823f3d751f0bc112b3a06a557700cd3129b7ad005a7eb0610e830c91
processed,Preprocessed_Dataset/D16/Session_1/D16_S1_fused.csv,20188828,48779.0,d29b51ac9e76ee2a4dc03e81515e47ed5b8d55fe0bc6acaec45abeb8d3bed31b
processed,Preprocessed_Dataset/D16/Session_2/D16_S2_Front_emotions.csv,4667677,27816.0,6b427f5215ab6f20851a4cb7410f32644eeb8862586ffc615f9a9c1cf6b78632
processed,Preprocessed_Dataset/D16/Session_2/D16_S2_fused.csv,10117596,23460.0,7cd41e1b8c96e878ec1dd419683406c95fdd317ce14e95671fa9119b6edf3290
processed,Preprocessed_Dataset/D16/Session_2/D16_S2_Side_pose.csv,985748,4636.0,8889357f00a9b611cefabba498c996e8f328ea1e1c440ea4f622efc33e4f5b8b
processed,Preprocessed_Dataset/D16/Session_3/D16_S3_Front_emotions.csv,12309708,73981.0,d52c62971978e98a80b49088feb441a87274b4ec57bc580bbb26a9865556e776
processed,Preprocessed_Dataset/D16/Session_3/D16_S3_fused.csv,25904290,61937.0,35c9c5f51b42c4027e6e7609ea8ca22a2cb9c06e7ac781a0849b5707893c1b68
processed,Preprocessed_Dataset/D16/Session_3/D16_S3_Side_pose.csv,2581057,12331.0,32ebc71eda65d7b384e3e282f43d49b203ba8b84746d3fb2888664322d4960d2
processed,Preprocessed_Dataset/D16/Session_4/D16_S4_Front_emotions.csv,5132007,30871.0,ea1a70053ac487a9b7327a050d98b2e9ca83f797fd3ce1e5da369b143cf33228
processed,Preprocessed_Dataset/D16/Session_4/D16_S4_fused.csv,10846113,26008.0,064f9f647913074e1d2acae232e01ba0f15771504b574823b4e4f21981679e61
processed,Preprocessed_Dataset/D16/Session_4/D16_S4_Side_pose.csv,1078561,5146.0,c877fb62bcb1899d62f9eae58dfac1558b0a6c72037c18839d848c1f9261cc2d
processed,Preprocessed_Dataset/D17/Session_1/D17_S1_Front_emotions.csv,7822803,50571.0,616110a2d0e7ecae1df4ff1a1e1f8569d0d9c223f987210339f1e3d91d4dc31d
processed,Preprocessed_Dataset/D17/Session_1/D17_S1_fused.csv,17556656,42426.0,da37b4a18916111eded40ef4b2e4427b09e14e9d0cc98e1df507ce0b9c576174
processed,Preprocessed_Dataset/D17/Session_1/D17_S1_Side_pose.csv,1790600,8429.0,e809cfa21da18dcc3e19a33868e433dac0df55add604754250a1573dc27c1a13
processed,Preprocessed_Dataset/D17/Session_2/D17_S2_Front_emotions.csv,3052216,19637.0,77beccbe88122c75b3b70643fecf2a52b77c589861b3528a3e140883cf3a9983
processed,Preprocessed_Dataset/D17/Session_2/D17_S2_fused.csv,6897406,16364.0,1c171549ea87ea77046cf9f938104f339dfb3f86b7d8e08fc2dcfd9258c55e66
processed,Preprocessed_Dataset/D17/Session_2/D17_S2_Side_pose.csv,701344,3273.0,173758e471d2feb8026852dd999594c3c5500efd86dced21f92f18f67e2674cd
processed,Preprocessed_Dataset/D17/Session_3/D17_S3_Front_emotions.csv,12431896,82802.0,b5615d096ad5669ab15cb97b20ad1641ef3016bffe73873824a64172036412f8
processed,Preprocessed_Dataset/D17/Session_3/D17_S3_fused.csv,28574302,69288.0,b7de9fa7637d19f115dfaaf71898cf16fcfb1b2338679cab097d7fbdebd35a54
processed,Preprocessed_Dataset/D17/Session_3/D17_S3_Side_pose.csv,2877088,13802.0,5adcf0debf69ca93d6f1a47ac198f368df241dd8d91c7d7c27ee77062885a2af
processed,Preprocessed_Dataset/D17/Session_4/D17_S4_Front_emotions.csv,6008032,36623.0,a4e3457ce37d954d7736320bfe2f2f16e345650045cde66b58a6a1f57474da49
processed,Preprocessed_Dataset/D17/Session_4/D17_S4_fused.csv,12840040,30798.0,742e014b535cbe02e83c80093e41a2231fa28312f24733c5cc5f1bff275d3775
processed,Preprocessed_Dataset/D17/Session_4/D17_S4_Side_pose.csv,1279702,6104.0,095de4a5df78765f91cbf9eced580623e00ba0b5234ee32631e3d0faf1346dd0
processed,Preprocessed_Dataset/D18/Session_1/D18_S1_Front_emotions.csv,9033300,58413.0,a2b3b7c5f27c03426ce1c285f962c9e8caaf673aa806e19d7de6245bc71b4830
processed,Preprocessed_Dataset/D18/Session_1/D18_S1_fused.csv,20105830,48960.0,12b6fdb44c49c67be7537f7f1dd052d789302b4dfc2e198389982b67ed208f26
processed,Preprocessed_Dataset/D18/Session_1/D18_S1_Side_pose.csv,2072460,9737.0,ddd620e5456123b7466ecf267ca8dd1cd81ea4e8de4ca4d739ddbd43378cf7e4
processed,Preprocessed_Dataset/D18/Session_2/D18_S2_Front_emotions.csv,4916023,33747.0,5f8efdb218d89db6693c606c31fab735f0d9e5e957510bff05d24ae597cf60e7
processed,Preprocessed_Dataset/D18/Session_2/D18_S2_fused.csv,11752460,28405.0,590e2aaa406602956c23575bf0e33a02ccd332c897e53f58ce0eb1fe9c8f1644
processed,Preprocessed_Dataset/D18/Session_2/D18_S2_Side_pose.csv,1195144,5625.0,5989cb46837913a7902ee7c3c00161dc9df0b849e765e8d6099c6e89004a51f7
processed,Preprocessed_Dataset/D18/Session_3/D18_S3_Front_emotions.csv,8887355,54492.0,4233b57be7ce8e3326e462052b0f0bff6e2ad1bc44aaae98c19d07ec994d8f67
processed,Preprocessed_Dataset/D18/Session_3/D18_S3_fused.csv,18717488,45696.0,7094abefd956ee2f5621a84614908f81479cf527154e26786567311ffad48426
processed,Preprocessed_Dataset/D18/Session_3/D18_S3_Side_pose.csv,1930128,9083.0,34e87f603fbd3b63046164aa32ea0da303dd407ab1d8c22f0f39fe6d3cfbfbf7
processed,Preprocessed_Dataset/D18/Session_4/D18_S4_Front_emotions.csv,4854299,32734.0,a1f808d584fccaa2efa7b44b70d665e62e2d2a3c59cbfbd42fdbf4853f6e56c3
processed,Preprocessed_Dataset/D18/Session_4/D18_S4_fused.csv,11424793,27558.0,0bc4a37d152f3cb1dedb76e69887723180af21e6d105207316f12247d5db7847
processed,Preprocessed_Dataset/D18/Session_4/D18_S4_Side_pose.csv,1171738,5455.0,7ba98daf5d812e44a689684f9910bb07fdf3570573f110dcf56151697c2175b0
processed,Preprocessed_Dataset/D19/Session_1/D19_S1_Front_emotions.csv,6205563,41107.0,f030e295cefce33da9c5ded00e6cb057933f861c22483ff70b7e1be012f2eff4
processed,Preprocessed_Dataset/D19/Session_1/D19_S1_fused.csv,14365125,34541.0,2e33c9c1fefae3a0480d3ddcd0f6493df6b922fc33be324e19604d57da1a82cf
processed,Preprocessed_Dataset/D19/Session_1/D19_S1_Side_pose.csv,1462443,6852.0,1f2649536c0f6ab92e90a50cf874aa1bcbd73bc8b12bc79bf4875183500d6feb
processed,Preprocessed_Dataset/D19/Session_2/D19_S2_Front_emotions.csv,5771280,37937.0,5fa39459b3e4e890d0431838c1aef76bcf072e729f2763a832cc99a9f0a93da3
processed,Preprocessed_Dataset/D19/Session_2/D19_S2_fused.csv,13306735,31893.0,fe185d237a30d4b3109c0d6f45f1b2b0555e9193a48f758a30cbff4c94b1ed34
processed,Preprocessed_Dataset/D19/Session_2/D19_S2_Side_pose.csv,1350551,6323.0,c611c95e266b57aec1bd68e129e1cf74704072a5b3db01c2d8369fc11e765a77
processed,Preprocessed_Dataset/D19/Session_3/D19_S3_Front_emotions.csv,7819398,52304.0,2394602b92e43876770bf26994dfa34b90797c272220a38e841f2fa07f91941a
processed,Preprocessed_Dataset/D19/Session_3/D19_S3_fused.csv,18198374,43875.0,653d134542b9216a78689c77d77f243a0ac18a416f6fe08a7c6d7666392af920
processed,Preprocessed_Dataset/D19/Session_3/D19_S3_Side_pose.csv,1877057,8719.0,591e4e2829c2a1b27066cb458c4435e74427793ea9878e6e4ee2756f8b5c5349
processed,Preprocessed_Dataset/D19/Session_4/D19_S4_Front_emotions.csv,5512714,36330.0,cc9e199698bc769466341bc6d33ecc8fc9fad0aee4cbcd51f59f23a255da0dca
processed,Preprocessed_Dataset/D19/Session_4/D19_S4_fused.csv,12649625,30417.0,86132247c420137aa628f24108f7d2286e06ad409bd082068b8dc82c4b4e16b6
processed,Preprocessed_Dataset/D19/Session_4/D19_S4_Side_pose.csv,1273375,6055.0,6b0e48fcd814819f7d8df9a3b3d7536712adaebeab90dc0df89c95a5c7237d79
processed,Preprocessed_Dataset/D2/Session_1/D2_S1_Front_emotions.csv,8720695,55756.0,4ca5d03a6934c8d0b21c94c842b843fb1796d9131de1456fa92a7c0593eb864f
processed,Preprocessed_Dataset/D2/Session_1/D2_S1_fused.csv,19284757,46748.0,88ae020a62f8f9db7f37784cefebaeade70723bc468af7995037e5d9133729dc
processed,Preprocessed_Dataset/D2/Session_1/D2_S1_Side_pose.csv,1987619,9294.0,6da4536835d391dfb209ead0bb4d734de33d346e9f64124e6d5c8366aded46ef
processed,Preprocessed_Dataset/D2/Session_2/D2_S2_Front_emotions.csv,6298148,38519.0,d1aa1a2b65fbb4b95ecd0085229eac68eda03b605970f8f76a11a267b8e7a1cb
processed,Preprocessed_Dataset/D2/Session_2/D2_S2_fused.csv,13218741,32381.0,82abbc151752fa3edb595f1aa840d3694c9165ebe9a5935354c55bc23b826f41
processed,Preprocessed_Dataset/D2/Session_2/D2_S2_Side_pose.csv,1362921,6420.0,28144c581674d30d0e462da356d9c19904fd3d0c56bd01316f51c22a4ba170e9
processed,Preprocessed_Dataset/D2/Session_3/D2_S3_Front_emotions.csv,4488545,28560.0,8a6035573a57e9fbcf77274bee4ba70cbdc75325b01d33f573a8f7bbe250723e
processed,Preprocessed_Dataset/D2/Session_3/D2_S3_fused.csv,9950141,24077.0,cd21b5cddefcf820ad7ffec9c1a6554be86ce7210748a3d33e78bedb298dddc8
processed,Preprocessed_Dataset/D2/Session_4/D2_S4_Front_emotions.csv,5946923,36341.0,f0dc68eb4b5888dc5a54e3f377a9a4b00371be62a57cc43c924b10288f254883
processed,Preprocessed_Dataset/D2/Session_4/D2_S4_fused.csv,12563157,30566.0,04c8790dd9de1d4460aaa77ef5105e83d330fd4adab559209c9d4f88d2fe7b82
processed,Preprocessed_Dataset/D2/Session_4/D2_S4_Side_pose.csv,1289268,6057.0,4b2dbea673f94b8425da9662b0afdc43da96b3ad7453d8c9c91a3e89825d93ef
processed,Preprocessed_Dataset/D20/Session_1/D20_S1_Front_emotions.csv,10154902,63777.0,2eb8c2a7694bdf2b07cf4cdf011def670ed140beb4f988b1acd35f40b1f7e4ad
processed,Preprocessed_Dataset/D20/Session_1/D20_S1_fused.csv,22190330,53432.0,5a9901aaf9d3035637c4696f963db392bfd599da257fc5997f1dcc3f68797578
processed,Preprocessed_Dataset/D20/Session_1/D20_S1_Side_pose.csv,2299869,10631.0,bf9a7e1b7a9535720e7fa3b62794e5cd928519fb58b0d1d108b09be0b6562364
processed,Preprocessed_Dataset/D20/Session_2/D20_S2_Front_emotions.csv,4737234,28634.0,e54bff6fb6ada5291b44e53e961903cc68147f5a5421ad78a7d740e9b3fb4249
processed,Preprocessed_Dataset/D20/Session_2/D20_S2_fused.csv,10074313,24141.0,53ba326bc19a4a74bdb9cadc4f6ca67bf66e24372ca3ae544f4f52dc7d1903e2
processed,Preprocessed_Dataset/D20/Session_2/D20_S2_Side_pose.csv,1035475,4773.0,ea0b330fb8e92d659d4b1cf47e49234b93ad5035d3ab8409ace091277ed60e88
processed,Preprocessed_Dataset/D20/Session_3/D20_S3_Front_emotions.csv,17313859,108116.0,ee7af01c5530f32c2c217e28bdcab33c04d3d8025ba56b520f21273a6e2f4d3c
processed,Preprocessed_Dataset/D20/Session_3/D20_S3_fused.csv,37211120,90313.0,f5195a577bc532a3b895206f7b48259aa9d88e62b1790530eb27d740932978c1
processed,Preprocessed_Dataset/D20/Session_3/D20_S3_Side_pose.csv,3870239,18022.0,71e9cee235d3d1ff6d9b2376e97274995d9e446dab4177c4a2e64a0306c7065c
processed,Preprocessed_Dataset/D20/Session_4/D20_S4_Front_emotions.csv,5194105,32707.0,1d10f5e995ca8d783f77e3d4bd557a24f58f7c8c2db18978acbb78f771dd9c98
processed,Preprocessed_Dataset/D20/Session_4/D20_S4_fused.csv,11395146,27536.0,ca7ab33ea2191ab89392a0f2280d872862bcfd540e15438facde6cd5bc7aaea2
processed,Preprocessed_Dataset/D20/Session_4/D20_S4_Side_pose.csv,1167666,5452.0,fe80aba15486856ee87ea3b0fd8db7e1dbf7415e1100011e1f77d9760a4e9dbb
processed,Preprocessed_Dataset/D3/Session_1/D3_S1_Front_emotions.csv,13713208,84225.0,ff0fbed3301e084777b47f8606a935e28b3094ce217d6cc97bb509e01f488f03
processed,Preprocessed_Dataset/D3/Session_1/D3_S1_fused.csv,28702539,70479.0,76a7433743a7c0a348e7d168320e13a042bd499c79d1a23b3c6761fc99dfb2c7
processed,Preprocessed_Dataset/D3/Session_1/D3_S1_Side_pose.csv,3064602,14040.0,353771389c0f63dfece11f5dd13208e6db8341d9fcbe1f8523a980d414627dd6
processed,Preprocessed_Dataset/D3/Session_2/D3_S2_Front_emotions.csv,4004915,26166.0,039c6725fcb84bf2fd7524d2397d53f3a7009db0f84136df87b7974a123962aa
processed,Preprocessed_Dataset/D3/Session_2/D3_S2_fused.csv,9248641,22084.0,32d1878229e8a0fdf211493b72a787b8a4c99577be057333e635574f05683002
processed,Preprocessed_Dataset/D3/Session_2/D3_S2_Side_pose.csv,946572,4361.0,e1bba4f1c32b49dc18598d34d52921c3d77326d31353089a19b40a8a72a593a5
processed,Preprocessed_Dataset/D3/Session_3/D3_S3_Front_emotions.csv,11157418,68148.0,717bae58c1f9737fa39613c199ae535fb0d8fa44be8dda22055d23a8ff3a6ae8
processed,Preprocessed_Dataset/D3/Session_3/D3_S3_fused.csv,23412614,57073.0,f28c88ed2d46b5bd84dd16c0685b24a27125b7cf716c8f1a4243ea325a77f78a
processed,Preprocessed_Dataset/D3/Session_3/D3_S3_Side_pose.csv,2444721,11359.0,a08df964c8e0e9ba644adba415eda16a47f344040f543c69b38a9ebe8110475c
processed,Preprocessed_Dataset/D3/Session_4/D3_S4_Front_emotions.csv,6009358,37586.0,9c53184c13aa8b22c12ed74f26d0adc86f33946d98a670b90d2cd8568520721b
processed,Preprocessed_Dataset/D3/Session_4/D3_S4_fused.csv,13010464,31603.0,88b4dc18fb6938d213616551bd8dcd934b1007c1b72a476b4e2c35023982f2c7
processed,Preprocessed_Dataset/D3/Session_4/D3_S4_Side_pose.csv,1345041,6264.0,fdaa8e93f6d3d197a18c0e8d1e1838d9b19e1ddcb7e3645a8000a180f3fb7119
processed,Preprocessed_Dataset/D4/Session_1/D4_S1_Front_emotions.csv,10807618,67622.0,88a48998840d2cad207e55f404b864764e14f7b3e7aeb87865ae715037820929
processed,Preprocessed_Dataset/D4/Session_1/D4_S1_fused.csv,23319228,56634.0,bd61ce59dad94a9074533177edcf1174eea275b1788b546f82fd57abb6122f4e
processed,Preprocessed_Dataset/D4/Session_1/D4_S1_Side_pose.csv,2448154,11272.0,f83c107e18d2c91b8509e1eea5c3ebbe4fc603aa55c1490383719c14b2a72ca4
processed,Preprocessed_Dataset/D4/Session_2/D4_S2_Front_emotions.csv,4952261,32449.0,ce1cb3e25d040d7738731a6b10073fd3b5c57c002cd050a43d98709c7c99cb1d
processed,Preprocessed_Dataset/D4/Session_2/D4_S2_fused.csv,11291821,27318.0,46feebfb3f3e2869903e9edfa9b359664482877a3ebb8b25d75b6b50adf8e11f
processed,Preprocessed_Dataset/D4/Session_2/D4_S2_Side_pose.csv,1175642,5408.0,79cf39bf801d2362aa4c1e2e4d5d9d97231dd9c8ae759ec23bbc61602a2dfe3f
processed,Preprocessed_Dataset/D4/Session_3/D4_S3_Front_emotions.csv,17256270,104785.0,fb18e1e9b3554c07dfcf87dfbfdd35ae3a386deed4e22a002da7c27a9911ce24
processed,Preprocessed_Dataset/D4/Session_3/D4_S3_fused.csv,35985742,87612.0,1c9c41fc2c5d843ea7d6f42f994a1261bbcd994cc75d5f8faa534d56063937cd
processed,Preprocessed_Dataset/D4/Session_3/D4_S3_Side_pose.csv,3815752,17467.0,20208abd48aa18a72efdb60ce64bf14d5c101675d04a22f8a6363735d73e78a3
processed,Preprocessed_Dataset/D4/Session_4/D4_S4_Front_emotions.csv,5553290,33984.0,3b3b6b94dddcd8c04b5a38dd4f6aed6b70a2bab7078a994d4397fc273d8fd3cf
processed,Preprocessed_Dataset/D4/Session_4/D4_S4_fused.csv,12221440,28599.0,cfd8933f301067fb835d4f9d707d40dde1c1461d6b7c5be7bb9dba3178d5c7f3
processed,Preprocessed_Dataset/D4/Session_4/D4_S4_Side_pose.csv,1231615,5664.0,988c9c55d8ae52b8c8d82091752d4e4f309a791d7c544a13993920a9d3ad937c
processed,Preprocessed_Dataset/D5/Session_1/D5_S1_Front_emotions.csv,15465040,91980.0,ab32ba662da326bafca38425afc15e9de19f3167f2e8eacc106e6a0775efb3ba
processed,Preprocessed_Dataset/D5/Session_1/D5_S1_fused.csv,31681207,76875.0,116389d46fe3cdf9760ce15d1bcf4c8da42589aa9ab8fb407c6d733a495ea7b6
processed,Preprocessed_Dataset/D5/Session_1/D5_S1_Side_pose.csv,3265806,15332.0,3cb63d175e037bef330a7e22a254b0df72a79618ac7d9760d677f4c4c3fccbc1
processed,Preprocessed_Dataset/D5/Session_2/D5_S2_Front_emotions.csv,5060923,30357.0,f10ffb98ed2c0f3c39790e03ea5053b64c31ca0d2a69703c5c7ace93ea1ebed7
processed,Preprocessed_Dataset/D5/Session_2/D5_S2_fused.csv,10615639,25575.0,7ed0620c72830d9fe9175f5006568547cd128d404ffe8eb6db39513f47290a68
processed,Preprocessed_Dataset/D5/Session_2/D5_S2_Side_pose.csv,1100340,5060.0,f2b4af5c255ec761c0fa4033232aa942a9093e9aa20e0e0770bae1ebfb938176
processed,Preprocessed_Dataset/D5/Session_3/D5_S3_Front_emotions.csv,13801390,83760.0,6c6475a2c8267fcb988ab3019257ee48dd934ee057265d9c84cec2ba1b6b757e
processed,Preprocessed_Dataset/D5/Session_3/D5_S3_fused.csv,29106767,70091.0,61ec5d7a3612ac195b3cdd8ab3b9a408ce46174aac405c1153d6d84b694f13fc
processed,Preprocessed_Dataset/D5/Session_3/D5_S3_Side_pose.csv,2997554,13963.0,218ee39a7422eb6b117e61704a35a38c067bc25f0ef9d27608b5beb4bfef3592
processed,Preprocessed_Dataset/D5/Session_4/D5_S4_Front_emotions.csv,5134000,31103.0,4c2aab61405a0e6c8a15f9a2a68e79a65c74432cb39882b94af2055cf5f8c310
processed,Preprocessed_Dataset/D5/Session_4/D5_S4_fused.csv,10739899,26197.0,54463e0e679070aefc57bfe0f3ba064b2b2edb85d23ab53c57d3c89f3d63b319
processed,Preprocessed_Dataset/D5/Session_4/D5_S4_Side_pose.csv,1111032,5184.0,c2241f8280b7347cd2c2e23b9e174084fefbb2f6a0343e9028e6159d68224b20
processed,Preprocessed_Dataset/D6/Session_1/D6_S1_Front_emotions.csv,8352013,51924.0,7f24511eeb93442c5f4599b9c8f812514ab9f9e243a331d0f96aae594ef82f77
processed,Preprocessed_Dataset/D6/Session_1/D6_S1_fused.csv,17829350,43375.0,d91e2f4aaaa072bd34ad613ca27e0f796ac39d1c87ce1e60b9aee2f5efcd9a69
processed,Preprocessed_Dataset/D6/Session_1/D6_S1_Side_pose.csv,1850029,8656.0,776c82edc3da4eb6212da432c04a7a20a14b96c6fd705a7a3f6ce060fd35b615
processed,Preprocessed_Dataset/D6/Session_3/D6_S3_Front_emotions.csv,10440428,62648.0,fe412007d48c8593b8ae211a98525adc818c12861367e5245a41d67ddb353ac7
processed,Preprocessed_Dataset/D6/Session_3/D6_S3_fused.csv,21509037,52496.0,5c8f1fa949b06a18e10350c992a08aac1beff05f93ca08304089b686cf4c2a95
processed,Preprocessed_Dataset/D6/Session_4/D6_S4_Front_emotions.csv,4234245,28037.0,5cdbcc2465d43d636f7bec41c9e3c0e3e9bc1513aebbfcaaceac584bec1c4e4f
processed,Preprocessed_Dataset/D6/Session_4/D6_S4_fused.csv,9818101,23644.0,c5cb8fb9a6fcff33cd4787b53cdcf2a0fb0f4db3b2d4aec15864e68d52488ef2
processed,Preprocessed_Dataset/D6/Session_4/D6_S4_Side_pose.csv,999684,4673.0,1a7570875c0172e36f874f27e89517f3b4d22e3356beadfb62cd50ff162e7e55
processed,Preprocessed_Dataset/D7/Session_1/D7_S1_Front_emotions.csv,19394160,118047.0,6975078064c104e6e412c8dc0808d2eafdb45b3d45d550c6a3bb575fb643872a
processed,Preprocessed_Dataset/D7/Session_1/D7_S1_fused.csv,39882944,98665.0,7f8bbd5667bd829ba87d7319ac0522f814f252ef9e68bcfe21dfd069ffb0de0e
processed,Preprocessed_Dataset/D7/Session_1/D7_S1_Side_pose.csv,4231990,19677.0,4c0b520a3ab74bd51a5175334bc595ba9cbe3e960e4eec1278b163897eae28c8
processed,Preprocessed_Dataset/D7/Session_2/D7_S2_Front_emotions.csv,4794944,29901.0,db532014cba51b4ddee270e3f1e2db1df29eacdd75c6849059a73bc9dabc95aa
processed,Preprocessed_Dataset/D7/Session_2/D7_S2_fused.csv,10572477,25196.0,23c62f5766177a692187c6bf3a489bca7a34aeb7cf27ce9564c900b40c96553e
processed,Preprocessed_Dataset/D7/Session_2/D7_S2_Side_pose.csv,1083135,4983.0,655b01acf81491198c22bacdf03e8ded31054b00fe7848d6ec78ba808ff64bb1
processed,Preprocessed_Dataset/D7/Session_3/D7_S3_Front_emotions.csv,16329775,100832.0,8cb19ff6682f83f1064523bb367cfc6e4afb29f1c851fd9306cf0427840347f4
processed,Preprocessed_Dataset/D7/Session_3/D7_S3_fused.csv,34092339,84318.0,b26cd528fc728fabee25225dbb4c9cd1ec49ad74b7bfdf91061b1a2e292bb2e9
processed,Preprocessed_Dataset/D7/Session_3/D7_S3_Side_pose.csv,3619182,16808.0,ff7d299241e367418d9ed75adbdbe9a98ebf482a178a07f589afbbf7b4b274c5
processed,Preprocessed_Dataset/D7/Session_4/D7_S4_Front_emotions.csv,4984835,30999.0,005df398ea7d37420ffe27043fd7bbe16a334d4400897f1773d4ee8778d341de
processed,Preprocessed_Dataset/D7/Session_4/D7_S4_fused.csv,10879814,25923.0,9418731669811078a1c4da45da0d3c604b7538c14abde1e51ffeb283a51ecb83
processed,Preprocessed_Dataset/D7/Session_4/D7_S4_Side_pose.csv,1123051,5166.0,a5f5ef621deb158404963d0eeea8f3ef80563075dfc51d3bf3e91bfe26c4d137
processed,Preprocessed_Dataset/D8/Session_1/D8_S1_Front_emotions.csv,9909308,61973.0,80c0ecebbcd9c4e33a1fd4fe1c51880d9ccacc1ec3ed84a2af28b7a23fdb974a
processed,Preprocessed_Dataset/D8/Session_1/D8_S1_fused.csv,21361709,51928.0,184d17affd856376694d1a36aa74958174cbc9e8298cb29496f3f6e00ec58a06
processed,Preprocessed_Dataset/D8/Session_1/D8_S1_Side_pose.csv,2249692,10330.0,fd2de6cc2674bb551a92f6b5023b009dec0e0015156f42edcbaf3783bf84aa91
processed,Preprocessed_Dataset/D8/Session_2/D8_S2_Front_emotions.csv,4718869,28893.0,60e626612996fcd69ee96223d6e67a2d5b90b9010b30bb872eeba7174fa92212
processed,Preprocessed_Dataset/D8/Session_2/D8_S2_fused.csv,10077959,24356.0,5bb0df0dbdc3e8f61be4ef1b5a18a7af2f19a351c171dd65b0c6ff62e900149e
processed,Preprocessed_Dataset/D8/Session_2/D8_S2_Side_pose.csv,1032442,4816.0,642a3a36aa865ecc7ae7cb864be26469a8bf541f5ffae05f453153a70dfe4290
processed,Preprocessed_Dataset/D8/Session_3/D8_S3_Front_emotions.csv,19008922,116268.0,6924a7d45abc9f2d7fee90b618664e77a52ddd0c34db169efbe45d5494da3bfd
processed,Preprocessed_Dataset/D8/Session_3/D8_S3_fused.csv,39829042,97181.0,eca08bfd78dcec8b20c90d4440ba86ccbce8e77de06b17352f12367e678fc426
processed,Preprocessed_Dataset/D8/Session_3/D8_S3_Side_pose.csv,4178427,19381.0,5b4889641bf93cc4ac59f796358a3049ea2e25f7ff58cc1bb9c5204cfa3a699b
processed,Preprocessed_Dataset/D8/Session_4/D8_S4_Front_emotions.csv,5793247,35926.0,1812999e366393a203434e8bb7e84d497d80de573ea005a9115ae32736e64d8f
processed,Preprocessed_Dataset/D8/Session_4/D8_S4_fused.csv,12452038,30216.0,2681ceadf59a00778beb4262f60dae6aa6f03d137b8b9cfaf293873b41b40992
processed,Preprocessed_Dataset/D8/Session_4/D8_S4_Side_pose.csv,1303099,5987.0,340e34fb4c928e51d09a4b2030abe5243ebccf7d1b3250d0309f324fdff9d62e
processed,Preprocessed_Dataset/D9/Session_1/D9_S1_Front_emotions.csv,14754000,95498.0,15de371fb2ef873e315f5da9951c57108468cb3bbd227e32893e4c69b2694905
processed,Preprocessed_Dataset/D9/Session_1/D9_S1_fused.csv,32815109,79873.0,13dc7ab6d0af3ddfc527da555b4e3485661959868417c499c8934762a786fc6b
processed,Preprocessed_Dataset/D9/Session_1/D9_S1_Side_pose.csv,3424296,15919.0,645a4e18e47d4bb2898c90928f174e00ccea4d9e83c3a403449b33adcf414f75
processed,Preprocessed_Dataset/D9/Session_2/D9_S2_Front_emotions.csv,5255857,33281.0,a59743e874617ad26e1f93c00212d59a683a3946928cdc39e52e1ce784b21632
processed,Preprocessed_Dataset/D9/Session_2/D9_S2_fused.csv,11502274,28014.0,8f9262e2dd5ea7c095608d1a98c3a25ed63973d3d0751e4e14558c195b0dfa51
processed,Preprocessed_Dataset/D9/Session_2/D9_S2_Side_pose.csv,1189542,5547.0,ab75d05a4d086a9b2a99cf2f07a7fa9f04559e5272a44620a0dc54a11e12d924
processed,Preprocessed_Dataset/D9/Session_3/D9_S3_Front_emotions.csv,9103054,60173.0,a0c64a9991429f546d4cd30f4d8180736a83644d34b90b35fcc721ce5493a834
processed,Preprocessed_Dataset/D9/Session_3/D9_S3_fused.csv,20921657,50428.0,af2bfede71ca92716ddcbd0cc735c3b7ac3333822ba3f1995f81839963e81ba9
processed,Preprocessed_Dataset/D9/Session_3/D9_S3_Side_pose.csv,2182867,10030.0,2fe704b295338fa540ba0c836c8f60caa3f7981cc75fbe64f6517b1275cb29f6
processed,Preprocessed_Dataset/D9/Session_4/D9_S4_Front_emotions.csv,5244119,33548.0,519460e227c7669bff6b570d87aa729b8dde4e7637e646cfce2bf41243ca73c9
processed,Preprocessed_Dataset/D9/Session_4/D9_S4_fused.csv,11662707,28236.0,1b97c3c5c3546af73c187db75f84a993acfe8a8a663c04cb9cc7b5ae4d5fcd5e
processed,Preprocessed_Dataset/D9/Session_4/D9_S4_Side_pose.csv,1216065,5592.0,6f73714263786835cddcc6b834002c3f3283ff9ffbd9a15682a37a11047b9a6c
raw,Raw_Dataset/D1/Session_1/D1_S1_EmotiBit_ACC.csv,3493733,58694.0,3fa4ac95c2e9b1376f9ce9f03c55d8e402cb71e6e9e15608ba63254210f39088
raw,Raw_Dataset/D1/Session_1/D1_S1_EmotiBit_EDA.csv,1391504,35203.0,207dc8a92b0cf4a32c9db556b1327a01b3cf8393e02a4ba63b059b4da2fbce6a
raw,Raw_Dataset/D1/Session_1/D1_S1_EmotiBit_EDA_LEVEL.csv,1532316,35203.0,98cff98a690446ef55b20f9b96c4386f5969088c9328433d654e56197222a15c
raw,Raw_Dataset/D1/Session_1/D1_S1_EmotiBit_GYRO.csv,3474963,58693.0,fd4a2a8ec01e0fa24b55c6fcc03e2670437279e3cbe20d36b270a0cbb49cc696
raw,Raw_Dataset/D1/Session_1/D1_S1_EmotiBit_HR.csv,157850,3814.0,c6c5a01de89a53a8f47c230c2b44c1f8e6f80d82ffde22304c01852b587f535b
raw,Raw_Dataset/D1/Session_1/D1_S1_EmotiBit_IBI.csv,158634,3814.0,8d4cebde45c270fa7bedff485ee6fc704da6779be8a7c88c6c15fcc0205a96c9
raw,Raw_Dataset/D1/Session_1/D1_S1_EmotiBit_MAG.csv,3708121,58692.0,f72a2a0274ee6f461cd408bfd6f0ea18419429f76c1341580b20bffe731b1cf5
raw,Raw_Dataset/D1/Session_1/D1_S1_EmotiBit_PPG_GREEN.csv,2490211,58555.0,97f6dfe10b3de8c3d030456f5952513bea4d14700a3352dbc4f98f47a62f6932
raw,Raw_Dataset/D1/Session_1/D1_S1_EmotiBit_PPG_IR.csv,2606978,58555.0,0ce9d90f1e3d963ecf4787db299ed9abfaf7cc069fe783b71d7e9e82da4dca75
raw,Raw_Dataset/D1/Session_1/D1_S1_EmotiBit_PPG_RED.csv,2548766,58555.0,468280813727879edb214a06c9aca767c3ed2a8cf26d913164791bf8c8af8b37
raw,Raw_Dataset/D1/Session_1/D1_S1_EmotiBit_SCR_FREQ.csv,278338,7041.0,2d93c367cf91d980d455120d99620d1dde6023cd84a0ba19ba75efba6bb20796
raw,Raw_Dataset/D1/Session_1/D1_S1_EmotiBit_TEMP_CONTACT.csv,713347,17601.0,dc9b34ef94945aa0b0a0898f0691dbeb5481ed9c14b3c57eeb6e5295cf07a040
raw,Raw_Dataset/D1/Session_1/D1_S1_EmotiBit_TEMP_THERMOPILE.csv,711598,17558.0,83d91b12e77369b4f028029bcd833d28af57521a0eb179d854d20d01410cdb1c
raw,Raw_Dataset/D1/Session_1/D1_S1_Front_blurred.mp4,357022905,,ecbd69dbb291d2944f23dc2d96d3946f03e954026983181ccde3f11813c7b638
raw,Raw_Dataset/D1/Session_1/D1_S1_Side_blurred.mp4,306872028,,1d4dbce4b4f75cfa5efe908366653b23f01b3ab8102907b685da8ae1b0c4446f
raw,Raw_Dataset/D1/Session_1/D1_S1_VBOX_raw.csv,10836549,58698.0,0e27d1da7710dc2be7676ea30cf51ffe90c827e26492381026e8b72f743ac712
raw,Raw_Dataset/D1/Session_2/D1_S2_EmotiBit_ACC.csv,1795522,31433.0,b80239c660ce703dd7ffac455fa6dcffa6b14d39ebec08323ca17ff15ccbc347
raw,Raw_Dataset/D1/Session_2/D1_S2_EmotiBit_EDA.csv,738255,18872.0,1ca2b99d5f2706158b719d4b5fdd9b669f850fea9acf16b7da5f1943569993c8
raw,Raw_Dataset/D1/Session_2/D1_S2_EmotiBit_EDA_LEVEL.csv,813743,18872.0,ce6d54190cd3a053a8192e4f5fec6cb688082b887ff4bb346bb531380d08eae2
raw,Raw_Dataset/D1/Session_2/D1_S2_EmotiBit_GYRO.csv,1846106,31438.0,79fc610207d99d7f837f2d38e31f6e3098bb912af35577785869ab88ab3bc3e7
raw,Raw_Dataset/D1/Session_2/D1_S2_EmotiBit_HR.csv,70251,1718.0,dd3a8892407581cd5c13b065ccf8d6305ae41f3c91975c022d6da229cec4cb7e
raw,Raw_Dataset/D1/Session_2/D1_S2_EmotiBit_IBI.csv,71006,1718.0,46e3827d043fa02fd943dbdad5f0a290d5c579921e8c1b663ef0126e6cfd60f7
raw,Raw_Dataset/D1/Session_2/D1_S2_EmotiBit_MAG.csv,1925782,31437.0,9d36252a75afbdcc3fadf113a124c4d34947c7483ef6e800c9c52b2cd8552468
raw,Raw_Dataset/D1/Session_2/D1_S2_EmotiBit_PPG_GREEN.csv,1307173,31342.0,01970c3b8ac7f7d20239d511585f4e1c1ff6d55c2f642c5d4982f75362690279
raw,Raw_Dataset/D1/Session_2/D1_S2_EmotiBit_PPG_IR.csv,1382763,31342.0,4d10e60e8bb30f32a0261b29b20a99b88f159f1370384ac9f5976a85bf9862fb
raw,Raw_Dataset/D1/Session_2/D1_S2_EmotiBit_PPG_RED.csv,1351421,31342.0,4f94778ab42423488d5c213efdc76eacf74719feb1dc20be1c752cc410bee26b
raw,Raw_Dataset/D1/Session_2/D1_S2_EmotiBit_SCR_FREQ.csv,147657,3774.0,3cb08ccf44bf97cccea5b5987f606b7ca52b81c727c8de9192a253540708c10f
raw,Raw_Dataset/D1/Session_2/D1_S2_EmotiBit_TEMP_CONTACT.csv,378578,9436.0,d52a22c37f8e5556d8d5e0b645fec9c53b89475d50b2b401e2651caa1bed7bcb
raw,Raw_Dataset/D1/Session_2/D1_S2_EmotiBit_TEMP_THERMOPILE.csv,378578,9436.0,59222d8e601df6d765999c40a986452c0db8a383e00eb556dbb7764ce8d7ca5e
raw,Raw_Dataset/D1/Session_2/D1_S2_Front_blurred.mp4,197731491,,3e463cb238ab24629d503df122321d81ecfd733732a7de8b33c1a6a833f4ad2d
raw,Raw_Dataset/D1/Session_2/D1_S2_Side_blurred.mp4,217754402,,5c0362685c28bd979b5971943383bebd39c41841d0313235d7c7bb334a4f0a97
raw,Raw_Dataset/D1/Session_2/D1_S2_VBOX_raw.csv,5835013,31444.0,80b66fcff09c094ebc85f798f33e3229bf56023d7e4efee867ce785806e11e28
raw,Raw_Dataset/D1/Session_3/D1_S3_EmotiBit_ACC.csv,2805732,48847.0,8b97d6eed410003759544153f2dda2d34c6031a54c4a086ab997a1cb3c81ba13
raw,Raw_Dataset/D1/Session_3/D1_S3_EmotiBit_EDA.csv,1156253,29322.0,4c0841ba6ab6717a09b3eefe50321941147f305ca17abb1ad5d32985fcf4ed95
raw,Raw_Dataset/D1/Session_3/D1_S3_EmotiBit_EDA_LEVEL.csv,1302863,29322.0,f4ce69cc2410b6b7c9f405ca8437f31fbb09b9222f9bd0502574c0bc36504a27
raw,Raw_Dataset/D1/Session_3/D1_S3_EmotiBit_GYRO.csv,2883212,48842.0,98699345752e8edd8caf8aaad11c025c52ea2ed2add4a8237327a91369b75a18
raw,Raw_Dataset/D1/Session_3/D1_S3_EmotiBit_HR.csv,92704,2256.0,cb0bb6cc6b5da8efbd8c2d40c2c8744a8f50a5db3743b905244739defb04f05c
raw,Raw_Dataset/D1/Session_3/D1_S3_EmotiBit_IBI.csv,93934,2256.0,473b6b0bcef17a5b7bebfc7232e60c9761f3216ac135ed336dd00c9bb5553f70
raw,Raw_Dataset/D1/Session_3/D1_S3_EmotiBit_MAG.csv,3016550,48847.0,f7e23fb5dc5ca7d5226a1bc08ebbb5c4a4cf220a6c5be256d17bf2a14c907c57
raw,Raw_Dataset/D1/Session_3/D1_S3_EmotiBit_PPG_GREEN.csv,2017810,48701.0,fb723306acef53acbb33d6fe8cbd2548d94d75b304ed05526132fa7a735f1443
raw,Raw_Dataset/D1/Session_3/D1_S3_EmotiBit_PPG_IR.csv,2115212,48701.0,93a2678fde9b9c4a5347ef311741a4799690e6aabb7b8fdba6ca0fdad39bf232
raw,Raw_Dataset/D1/Session_3/D1_S3_EmotiBit_PPG_RED.csv,2115212,48701.0,582297eb5890ffdfbeab63beccd0c750e47b82beb6ef347b824e2f0ddafa8041
raw,Raw_Dataset/D1/Session_3/D1_S3_EmotiBit_SCR_FREQ.csv,231370,5865.0,b2a17437e083bdb536e3531a4d619688c242600086610437f23053d28b09c8bd
raw,Raw_Dataset/D1/Session_3/D1_S3_EmotiBit_TEMP_CONTACT.csv,592802,14661.0,f7111c3c836847c3bcad062dea901284ab129bcb5b19f81111e0d622eccb2ffe
raw,Raw_Dataset/D1/Session_3/D1_S3_EmotiBit_TEMP_THERMOPILE.csv,592802,14661.0,d94df1cf0b74517c3f242b49ca589f7c9829bc8a655d5d555733563d2fc8b743
raw,Raw_Dataset/D1/Session_3/D1_S3_Front_blurred.mp4,237478559,,9c2702c0abf0f868d045564a90927e6e382cdc320faa92e89645c6d80524ceb9
raw,Raw_Dataset/D1/Session_3/D1_S3_Side_blurred.mp4,259860850,,d52b21da37391c9f1db007a16e7d8ca798141a8474e891e0572ea25b20a095b0
raw,Raw_Dataset/D1/Session_3/D1_S3_VBOX_raw.csv,9028179,48864.0,1910f7e71bc879a3c1f808dd5650fd04c0119c33869c24c85aa20e2a8fb7cea5
raw,Raw_Dataset/D1/Session_4/D1_S4_EmotiBit_ACC.csv,1440361,25297.0,f2e28584c2933d488a0907fc3eb5859b088b8a1037ef0fe3379e24e1be523eee
raw,Raw_Dataset/D1/Session_4/D1_S4_EmotiBit_EDA.csv,590736,15184.0,47736082a8e11c2e4860c98d85064a126329e4e031fa341f1c786d7e78c686e9
raw,Raw_Dataset/D1/Session_4/D1_S4_EmotiBit_EDA_LEVEL.csv,651472,15184.0,8b0108a688b56316d75126be712df750c01378417170dd77273f4492f3832e16
raw,Raw_Dataset/D1/Session_4/D1_S4_EmotiBit_GYRO.csv,1482053,25296.0,0952ea8a518c4c3117e3e707ce83381caea25d604606cedbdbae2eebbeab454e
raw,Raw_Dataset/D1/Session_4/D1_S4_EmotiBit_HR.csv,18164,454.0,0906f4d068f6d775c8a7b54bc9235a9f89af693f1c48ecc92f328bf6a99c73da
raw,Raw_Dataset/D1/Session_4/D1_S4_EmotiBit_IBI.csv,18815,454.0,336ab8f2d92a8e923544a2198dbeecb8ab1de937fac9877fc2eefcd2a0c210fb
raw,Raw_Dataset/D1/Session_4/D1_S4_EmotiBit_MAG.csv,1517897,25296.0,26b3607631858116502ecc7504ba2bd78dfac42e39830717990a48643dd8a651
raw,Raw_Dataset/D1/Session_4/D1_S4_EmotiBit_PPG_GREEN.csv,1045138,25226.0,65f6ff0248b2bb35acb44dcb34cbf39e1cda7ef796a57c95843e599a40b49a21
raw,Raw_Dataset/D1/Session_4/D1_S4_EmotiBit_PPG_IR.csv,1094271,25226.0,e7fa356e0cef35422bbc97958bd242b894faa49cd07acf24496078bf6f866099
raw,Raw_Dataset/D1/Session_4/D1_S4_EmotiBit_PPG_RED.csv,1082306,25226.0,ed6c479fb072a6954f87a0fb07d302a6fec8189e04f4df675356c85009759ac0
raw,Raw_Dataset/D1/Session_4/D1_S4_EmotiBit_SCR_FREQ.csv,118177,3037.0,228c67b3948f13560e8f5ba1ea1ed414deadb03c3891c530c6f3b635576b64d8
raw,Raw_Dataset/D1/Session_4/D1_S4_EmotiBit_TEMP_CONTACT.csv,302973,7592.0,5d9f8d8b377026a4a3f663f338c01fe9b91afd0d5a7056b6a68a57259915c1c5
raw,Raw_Dataset/D1/Session_4/D1_S4_EmotiBit_TEMP_THERMOPILE.csv,302973,7592.0,106551d09e11d22e1cb1f6fbd80697414b87fe413bc884f1fc3f313aa6d37ce3
raw,Raw_Dataset/D1/Session_4/D1_S4_Front_blurred.mp4,143121775,,67e5927dee49a74b451633ef276b9bb409db51d3f9234df9fc1fe4f149c7a254
raw,Raw_Dataset/D1/Session_4/D1_S4_Side_blurred.mp4,168308390,,c1eb27b2e3d31b33d79abb06c06633a29a2f35f433884b3ea880de7991522845
raw,Raw_Dataset/D1/Session_4/D1_S4_VBOX_raw.csv,4709076,25270.0,20cc6170d12f67a09d32fbcbdfbf5f11e400260a5480937e117a46f9e378316b
raw,Raw_Dataset/D10/Session_1/D10_S1_EmotiBit_ACC.csv,4664886,80554.0,bc50c2f115a71041b50cb62feb91d6e7e48e6d99ce068f0597267cdbad09c582
raw,Raw_Dataset/D10/Session_1/D10_S1_EmotiBit_EDA.csv,1947729,48358.0,f54441ee646746caa79e88d2ce1b27c555eea44933fb56e6f720830adfc979cc
raw,Raw_Dataset/D10/Session_1/D10_S1_EmotiBit_EDA_LEVEL.csv,2159448,48358.0,e613e134f7f5fff69f8156c109fd5559db1b46cb02f09255dbe14f6c43ff4456
raw,Raw_Dataset/D10/Session_1/D10_S1_EmotiBit_GYRO.csv,4787057,80561.0,317d75294d91f7cc06bab8e38765eea3e89ab9a5d8c246976295833c96ea3c83
raw,Raw_Dataset/D10/Session_1/D10_S1_EmotiBit_HR.csv,170834,4138.0,5b574ebefe945feb083132e38c1cd3da97653654b82caf25569b0fff321967ff
raw,Raw_Dataset/D10/Session_1/D10_S1_EmotiBit_IBI.csv,173464,4138.0,3662b17d5675c1971ad3ba6b7d52fbfbc477c7d1dbcee4c6fe303323e828f21d
raw,Raw_Dataset/D10/Session_1/D10_S1_EmotiBit_MAG.csv,4962878,80558.0,58ef63a0908fae04bb80d2ca818b09fdafb382b2fab28b36682bc4e38070985d
raw,Raw_Dataset/D10/Session_1/D10_S1_EmotiBit_PPG_GREEN.csv,3426348,80325.0,8ef8276a5930274a3926cede921fcee59a81a22ff3eb29fc259a57424077e0b8
raw,Raw_Dataset/D10/Session_1/D10_S1_EmotiBit_PPG_IR.csv,3586998,80325.0,275fb161b2c1b5366a79c7c1e32560cffc6513b8cb420b503ec5f7722423d4be
raw,Raw_Dataset/D10/Session_1/D10_S1_EmotiBit_PPG_RED.csv,3506673,80325.0,cc290df4e325ee18996dc6e1bd9a2984dc1f8da23bff571aad8e5d2cce3c3b65
raw,Raw_Dataset/D10/Session_1/D10_S1_EmotiBit_SCR_FREQ.csv,383718,9672.0,c7ec1cf6e5278ca702959bd7da55dd6044bd56948d32385bfee48bd17aee2fcf
raw,Raw_Dataset/D10/Session_1/D10_S1_EmotiBit_TEMP_CONTACT.csv,983040,24179.0,4be5ca2c80b8e1638e7db9191d228ac5442595df7a43f2410ad22e25702e3757
raw,Raw_Dataset/D10/Session_1/D10_S1_EmotiBit_TEMP_THERMOPILE.csv,983040,24179.0,ce1baaa8ff2e201f735daed6bb86e96df6f82f1390a5e32c64b8fe00e17272dc
raw,Raw_Dataset/D10/Session_1/D10_S1_Front_blurred.mp4,426692605,,3d7b49896e7e333be234202da409191793ed33937ff3512f80b64dcdb268e305
raw,Raw_Dataset/D10/Session_1/D10_S1_Side_blurred.mp4,435507334,,2cf48f2fe2cc80f328281c1fdd029f27c9c2f3a3765c76e35e5a4b90c78b9d69
raw,Raw_Dataset/D10/Session_1/D10_S1_VBOX_raw.csv,14207522,80584.0,2fb43fb397019863f0aab8ee13462ac4010a2a3c48f6b35dfada0b3e96aaffd1
raw,Raw_Dataset/D10/Session_2/D10_S2_EmotiBit_ACC.csv,1410452,24027.0,5fb9357248345d23bf4df469afef2f97733aa225a85aba0a758d6167099aba59
raw,Raw_Dataset/D10/Session_2/D10_S2_EmotiBit_EDA.csv,560799,14421.0,76aa080e733402b2cca02fd39083724a3ce2072a260b16bf813904a3ee70fc57
raw,Raw_Dataset/D10/Session_2/D10_S2_EmotiBit_EDA_LEVEL.csv,632526,14421.0,90bca8e44a6d3e6151dde95ed7eec8828cd2cfdc9c5894407dc3f65e3ac9b17d
raw,Raw_Dataset/D10/Session_2/D10_S2_EmotiBit_GYRO.csv,1408531,24026.0,42bda4775a3e2cf8d39bdbbf8c65d425d226df58bf75e8de36e9ad5ffff35a6e
raw,Raw_Dataset/D10/Session_2/D10_S2_EmotiBit_HR.csv,40152,996.0,5db2f88e381a0ce930b65b7b7c3853f172d84b089c17423fd25458e90dc8d2ea
raw,Raw_Dataset/D10/Session_2/D10_S2_EmotiBit_IBI.csv,41049,996.0,5c5c9796e8cb6d821cb5a91bec31859573d61b78443c241b7c1fa94a2b51bfd3
raw,Raw_Dataset/D10/Session_2/D10_S2_EmotiBit_MAG.csv,1458553,24028.0,525fe11fcfd69d4192026ae99eaa682a4ae7757b9fe1cc89698eb4135def3c64
raw,Raw_Dataset/D10/Session_2/D10_S2_EmotiBit_PPG_GREEN.csv,1003394,23955.0,c3a5746e639d00976832c2da80e61c9a89290293328154163e8218c80d0477d9
raw,Raw_Dataset/D10/Session_2/D10_S2_EmotiBit_PPG_IR.csv,1051304,23955.0,e3868373818294a53760539f423a638c963884405d5f43be3f584669ee073d6a
raw,Raw_Dataset/D10/Session_2/D10_S2_EmotiBit_PPG_RED.csv,1027349,23955.0,119329b1be57f5d7298f83fffd984ca4e9198a828b703d32a6d24de8702747d6
raw,Raw_Dataset/D10/Session_2/D10_S2_EmotiBit_SCR_FREQ.csv,114678,2884.0,e87792aa7a701a0ea8f1f9ba559e023474f9279aa44017d2bfaadb0b7c6dadde
raw,Raw_Dataset/D10/Session_2/D10_S2_EmotiBit_TEMP_CONTACT.csv,287602,7210.0,22b51b66ee8d67eb56005880ecfce76c43cf485c7d761103ed61d5e5238a67b7
raw,Raw_Dataset/D10/Session_2/D10_S2_EmotiBit_TEMP_THERMOPILE.csv,287641,7211.0,ee1595b5d429bdd09a46d17f6c9bbb2c930be2efde7af21c13da6b7c5e445357
raw,Raw_Dataset/D10/Session_2/D10_S2_Front_blurred.mp4,159514117,,717cf13159736457a1ae8c78f219a9825f84ee1f61d4633bc62802a09f32f2af
raw,Raw_Dataset/D10/Session_2/D10_S2_Side_blurred.mp4,175757218,,8c94475e80d929f52680b79e2a97212181a1f01929f642204ed0667c3f1f96cd
raw,Raw_Dataset/D10/Session_2/D10_S2_VBOX_raw.csv,4488019,24033.0,0cf976b4dd854f3c2e40c580529ac1ac06484fdf43a2fb58f9ea1492959dc9bd
raw,Raw_Dataset/D10/Session_3/D10_S3_EmotiBit_ACC.csv,4675758,78454.0,3c8a3a92eebe6ddc42289462d9dec04b9cfa5c8137ebd7eaca654e0962c14b57
raw,Raw_Dataset/D10/Session_3/D10_S3_EmotiBit_EDA.csv,1867056,47092.0,1959756ad9a13e4d95d758a85be387c4948dfb99dad5d50c9351f6432fde66d1
raw,Raw_Dataset/D10/Session_3/D10_S3_EmotiBit_EDA_LEVEL.csv,2075336,47092.0,449b2a83b183d9b7403b265b321276cf802e961331749f31ecd39361c1c7bb4e
raw,Raw_Dataset/D10/Session_3/D10_S3_EmotiBit_GYRO.csv,4659508,78453.0,41a60d7897cb48b3f2d10d0e28f4f3a086bfd50d7855cf5f80445794662ecedd
raw,Raw_Dataset/D10/Session_3/D10_S3_EmotiBit_HR.csv,96751,2367.0,0382765c050179175db1ec77af31f26a6ac1c9488208c72698c9c03f4c738d89
raw,Raw_Dataset/D10/Session_3/D10_S3_EmotiBit_IBI.csv,99666,2367.0,9a8da4c72cd8fb9d710d4b10ee6a4deddc69693598e3bb32309dd5fe9c38c1dc
raw,Raw_Dataset/D10/Session_3/D10_S3_EmotiBit_MAG.csv,4845957,78456.0,97fec0e90fc67c6b74cc6c4f3fb113b1734ddc434ad68ba99664ec22405784c0
raw,Raw_Dataset/D10/Session_3/D10_S3_EmotiBit_PPG_GREEN.csv,3336939,78246.0,37d5c6b311fc442163ddd594155ab71d62e2c59e2f3ca6ffbad55f4d3ad3b72f
raw,Raw_Dataset/D10/Session_3/D10_S3_EmotiBit_PPG_IR.csv,3493431,78246.0,2b430989374e0cca7b0109fa8832b462e81b36012451568cb18ca3173e16a4a3
raw,Raw_Dataset/D10/Session_3/D10_S3_EmotiBit_PPG_RED.csv,3415185,78246.0,e6b243946e639c264b2abd509fa30ebafcac932f56687e7e3066b6a37034e2c2
raw,Raw_Dataset/D10/Session_3/D10_S3_EmotiBit_SCR_FREQ.csv,380839,9419.0,750285526084d66ced0c5852fd6adad8d6595d74cbe33b136c4a31f1ece73b11
raw,Raw_Dataset/D10/Session_3/D10_S3_EmotiBit_TEMP_CONTACT.csv,957088,23546.0,8d43f79d930e3a729bea619f36193cc9898e0ceb311320459bcaa4d3c36c254e
raw,Raw_Dataset/D10/Session_3/D10_S3_EmotiBit_TEMP_THERMOPILE.csv,957088,23546.0,54f2379f1564d9e2a555b6c1a1f5498bee0c0b7fe1067182f9f3706e64cbe1fb
raw,Raw_Dataset/D10/Session_3/D10_S3_Front_blurred.mp4,413269452,,9af4337c5d8cd03bc4fd96f6294b63fdc9eed98944a1ddf0c70019fbe4d2cd9a
raw,Raw_Dataset/D10/Session_3/D10_S3_VBOX_raw.csv,13874309,78475.0,c025d4320259199236b69296e12572e7d5a29ddfb3e93d3f4280f05d3900b018
raw,Raw_Dataset/D10/Session_4/D10_S4_EmotiBit_ACC.csv,1609839,28138.0,a067ab783e3596d1ed42cc640ca44c934589af7f90c52926963fdb6ce46a91bd
raw,Raw_Dataset/D10/Session_4/D10_S4_EmotiBit_EDA.csv,658981,16890.0,7ca4d0f1a9a71b018c3c523c9a9b180e305e2cd0d119b765731307745b25aa1e
raw,Raw_Dataset/D10/Session_4/D10_S4_EmotiBit_EDA_LEVEL.csv,743423,16890.0,d65c0ce95f166eb20bccffce75484fe0b79f931edaacf0c55b6a3bc3fea91d43
raw,Raw_Dataset/D10/Session_4/D10_S4_EmotiBit_GYRO.csv,1652677,28138.0,a61e86195c68fd93816b724d7f889184e75e20d597e72e70c250b95c9b566088
raw,Raw_Dataset/D10/Session_4/D10_S4_EmotiBit_HR.csv,45073,1119.0,102a521d23f930e5ab9c5a495c49366faa1f07beb53c9353485176d7734e2a19
raw,Raw_Dataset/D10/Session_4/D10_S4_EmotiBit_IBI.csv,46340,1119.0,e05949649772db2aa83591fd9ceb77640c046dc3f7f6a00b5eb99f0b1270de67
raw,Raw_Dataset/D10/Session_4/D10_S4_EmotiBit_MAG.csv,1675952,28140.0,c7e3a7f8d1aa8276a4eb074696a33226872d2000fc66492396a64c6dda9ad527
raw,Raw_Dataset/D10/Session_4/D10_S4_EmotiBit_PPG_GREEN.csv,1158819,28058.0,f0cc6cdc98bb8977ae20def739395becc623a2e842ac9f073d9f1f4ecbba0c54
raw,Raw_Dataset/D10/Session_4/D10_S4_EmotiBit_PPG_IR.csv,1234979,28058.0,0625895b19b4233e8620bb3fdf7589fa48a86d4eef12fd2384d5751fca1a7cf2
raw,Raw_Dataset/D10/Session_4/D10_S4_EmotiBit_PPG_RED.csv,1206921,28058.0,451a08d1ef860722f206f8c76c4a271c4b43400a67e84b30dd3a091a0b599a5c
raw,Raw_Dataset/D10/Session_4/D10_S4_EmotiBit_SCR_FREQ.csv,133175,3378.0,2dd054f76c89ac6c272beb4cfff39ccd3b020ccc4e62b4621028d36167c26037
raw,Raw_Dataset/D10/Session_4/D10_S4_EmotiBit_TEMP_CONTACT.csv,337946,8445.0,d155b0d0d6b2a34166a3ecc6a037d78f2ec469db86f9c4a1620c89b587b83d19
raw,Raw_Dataset/D10/Session_4/D10_S4_EmotiBit_TEMP_THERMOPILE.csv,337946,8445.0,a395826c3a54dde43d5cd34c060f719bbe23fb7c4db285ab7ccd4946f9011091
raw,Raw_Dataset/D10/Session_4/D10_S4_Front_blurred.mp4,186260080,,949090ddf898b1ea590284f72fc5e7cf6d677f6587feca83152dabfd3637416c
raw,Raw_Dataset/D10/Session_4/D10_S4_Side_blurred.mp4,210552717,,122112337f86a3679cbcc1a0bb99264b63076051c159c61f282ee1e592aeb96e
raw,Raw_Dataset/D10/Session_4/D10_S4_VBOX_raw.csv,5237506,28147.0,dd286d6cdca442b05cb4c3fbe74cd76cac9d0da85c5c01456375e1bdef70de96
raw,Raw_Dataset/D11/Session_1/D11_S1_EmotiBit_ACC.csv,2676012,45599.0,9b230619164f612bc198efeb51fefc3e492874823abef94f3ec9eafb2073e2a8
raw,Raw_Dataset/D11/Session_1/D11_S1_EmotiBit_EDA.csv,1078453,27370.0,10d449128b34e096a5177353697b4ecbdcba6ddc430e2511e884e96cd40a20e3
raw,Raw_Dataset/D11/Session_1/D11_S1_EmotiBit_EDA_LEVEL.csv,1214270,27370.0,874a2b124e30c03e919b9892837c831a30cb6a6547ce5e5773ff344ce70c7254
raw,Raw_Dataset/D11/Session_1/D11_S1_EmotiBit_GYRO.csv,2736097,45601.0,2ebab7676edfdee13b785247a6a104672674f5d3b0385b8f59800d96c97a5b41
raw,Raw_Dataset/D11/Session_1/D11_S1_EmotiBit_HR.csv,55154,1361.0,0a134b3565eb821f7ece9f93b7c7affe8b32c02b9d40334cf572395f4e5c6457
raw,Raw_Dataset/D11/Session_1/D11_S1_EmotiBit_IBI.csv,57051,1361.0,44b36658065510fd20f54a99d14707f6ccbf84f1ee7cbfc64dc97821efdd86d2
raw,Raw_Dataset/D11/Session_1/D11_S1_EmotiBit_MAG.csv,2761453,45600.0,4bbe496646ecedd44d1fa97761d2dcafba021d82f43fd00363dc6a680f19de9a
raw,Raw_Dataset/D11/Session_1/D11_S1_EmotiBit_PPG_GREEN.csv,1927677,45467.0,c1fa092d79ae554bc7682e554166fa6ad1987a31c3ccec3a1142a672a068a4d2
raw,Raw_Dataset/D11/Session_1/D11_S1_EmotiBit_PPG_IR.csv,2018377,45467.0,d50bf13b72d3185a425bcdfb6f7df71e20afa7418e566b0a7b05971b69f2516e
raw,Raw_Dataset/D11/Session_1/D11_S1_EmotiBit_PPG_RED.csv,1994855,45467.0,01b4ba16a59bcc97a6467429e28778d5f48e21575ce0808ea3fd4c12891424b3
raw,Raw_Dataset/D11/Session_1/D11_S1_EmotiBit_SCR_FREQ.csv,217812,5474.0,76f88b1bfa0d49822dd643400bb3296c235682810fa9b9ecd8fcc969ee503797
raw,Raw_Dataset/D11/Session_1/D11_S1_EmotiBit_TEMP_CONTACT.csv,552787,13685.0,cbbbfa851aff690408ad4c44de4addffede0bfaf17adeaece54d8c8a023382b4
raw,Raw_Dataset/D11/Session_1/D11_S1_EmotiBit_TEMP_THERMOPILE.csv,552787,13685.0,b89e5f4cb2388f2d11ee514d48a3147717918f186d88d98ba4b54f2de95b8b3e
raw,Raw_Dataset/D11/Session_1/D11_S1_Front_blurred.mp4,231616362,,096f40df5f45b0fe9a3b1ab8ce0d734e6073df9c1308441fcea6fa51f5a5d630
raw,Raw_Dataset/D11/Session_1/D11_S1_Side_blurred.mp4,239317770,,c88146f2402078576fa37d26d119227bd0f24a8fc9736486a9d862a6d5c248e5
raw,Raw_Dataset/D11/Session_1/D11_S1_VBOX_raw.csv,8123501,45608.0,31f50c248849fe2417622f08c30cde8f8422c7bdfbe37550c640569115e7ca83
raw,Raw_Dataset/D11/Session_2/D11_S2_EmotiBit_ACC.csv,1368896,23456.0,f508cce3ac4b94264afb3b72c337251594c2f4c54c2bcce36abf504e20e47d7d
raw,Raw_Dataset/D11/Session_2/D11_S2_EmotiBit_EDA.csv,547506,14080.0,3a5de2e85b3de9b13779677d84c783b834ff47fd4cbf9329b8a5ee145c212ffa
raw,Raw_Dataset/D11/Session_2/D11_S2_EmotiBit_EDA_LEVEL.csv,617132,14080.0,248b10c2815573248315ee06ed1937a5f0d02795a56cb70f9e89fdb922413add
raw,Raw_Dataset/D11/Session_2/D11_S2_EmotiBit_GYRO.csv,1384675,23455.0,5fbab5a2f47621a3c0faf88a27e00c92ab66b1bb12baabc9235744d4c2cd3494
raw,Raw_Dataset/D11/Session_2/D11_S2_EmotiBit_HR.csv,27776,695.0,397fc0728d26cd330128aa1295e225c3c3c19cac2360159c58a1b0c81628c04f
raw,Raw_Dataset/D11/Session_2/D11_S2_EmotiBit_IBI.csv,28813,695.0,fcf6572efeeb6b84af56ae437ca106ee996130ee79a86b4087cd41e92530f316
raw,Raw_Dataset/D11/Session_2/D11_S2_EmotiBit_MAG.csv,1399729,23456.0,b05d60cd472483cff4d906266c3ea47b6756fac72aab94f57e4335878d72cf05
raw,Raw_Dataset/D11/Session_2/D11_S2_EmotiBit_PPG_GREEN.csv,979624,23389.0,4f354ef72eba683ace5f821651a04455c94daee9c9a198669b2ad24652a67b9d
raw,Raw_Dataset/D11/Session_2/D11_S2_EmotiBit_PPG_IR.csv,1026402,23389.0,9ffc3eca1b764ca7d6a06b7c254e33e3bb55acf1ad18de12545bcf4005a3b8ee
raw,Raw_Dataset/D11/Session_2/D11_S2_EmotiBit_PPG_RED.csv,1024332,23389.0,bbf922f205e1eb9d78f54da0c1bc1175b1b088d205adf1f32390629dbcea3e40
raw,Raw_Dataset/D11/Session_2/D11_S2_EmotiBit_SCR_FREQ.csv,111450,2816.0,81dd72e3dd12a20e7a49ee234601c1bd9860f085d6bbf864e373f0e964d49c78
raw,Raw_Dataset/D11/Session_2/D11_S2_EmotiBit_TEMP_CONTACT.csv,280802,7040.0,742e19f4ef066269217fc8338484ea8f804e61cfdd243319e88bbc35243dae86
raw,Raw_Dataset/D11/Session_2/D11_S2_EmotiBit_TEMP_THERMOPILE.csv,280802,7040.0,e6e4e4ca955c33c754036d5ce2ed43e91930a9f710454ce22caafcc69e0e17a0
raw,Raw_Dataset/D11/Session_2/D11_S2_Front_blurred.mp4,138651339,,1358e1b5a15e1e88be8c6986a807171cc96ef07f22d742d272941241a38eee8c
raw,Raw_Dataset/D11/Session_2/D11_S2_Side_blurred.mp4,169156624,,e72ccba1ba65ab2f4d2a63e7d088e078c91b78f469b316c57f885794d6f6eadb
raw,Raw_Dataset/D11/Session_2/D11_S2_VBOX_raw.csv,4375078,23462.0,f113cfb0b913b79039a3f4ab2a6acaeee63aa21f833e589531f409c7c89f20e7
raw,Raw_Dataset/D11/Session_3/D11_S3_EmotiBit_ACC.csv,2646004,45081.0,28e6bffed11eac272afb74c831cadedd62618fcecf49b24f382f964bb0cc1bf7
raw,Raw_Dataset/D11/Session_3/D11_S3_EmotiBit_EDA.csv,1065699,27058.0,d790a77724d630c486fd2a366ffa612cc1dc26f5228de30517c54528a8adf3e7
raw,Raw_Dataset/D11/Session_3/D11_S3_EmotiBit_EDA_LEVEL.csv,1163288,27058.0,a69bdf6cae4b5b5009a6d86eff9b2d1b87ca82f3fa96c742150e5ef7153e65c6
raw,Raw_Dataset/D11/Session_3/D11_S3_EmotiBit_GYRO.csv,2689328,45084.0,3104db9d61a042d0fd7d28b73be1b3b67a998fb2dafa5eb21a0a5e96c8353bef
raw,Raw_Dataset/D11/Session_3/D11_S3_EmotiBit_HR.csv,47950,1186.0,9a1a981f8583395fd178dc1467ee00987a8e39709323a3dfd949002741b2187a
raw,Raw_Dataset/D11/Session_3/D11_S3_EmotiBit_IBI.csv,49804,1186.0,551a0e01d6b95656125eeed90c498daa40406c27460bb6e9b1201cff51ec9f08
raw,Raw_Dataset/D11/Session_3/D11_S3_EmotiBit_MAG.csv,2711196,45084.0,541238c26739a9df5861699b3b23e6efafd43ee501d76c0f2c770256ad79e9bf
raw,Raw_Dataset/D11/Session_3/D11_S3_EmotiBit_PPG_GREEN.csv,1905810,44964.0,39e637555ab4eb9590825446d5b8e4751424db52fb924d0d4fb8b690a9a6c904
raw,Raw_Dataset/D11/Session_3/D11_S3_EmotiBit_PPG_IR.csv,1995738,44964.0,77f7f4e00ef4a3ae0437a565ef06ce2b5f262975784460fdf804cd960a77bb74
raw,Raw_Dataset/D11/Session_3/D11_S3_EmotiBit_PPG_RED.csv,1995738,44964.0,279e62e4d9ca7657339242ec208b3b912266cb6e839c5d6665179a125b2f5e18
raw,Raw_Dataset/D11/Session_3/D11_S3_EmotiBit_SCR_FREQ.csv,219014,5412.0,c9bc68587c2e46f1d5965798887e35ef0f06fa3817d983c227006c802d41ef26
raw,Raw_Dataset/D11/Session_3/D11_S3_EmotiBit_TEMP_CONTACT.csv,546431,13530.0,a8bd9537b2032927016fa1beb1566188a0c56a609bdc6c375c5a8b26da276b84
raw,Raw_Dataset/D11/Session_3/D11_S3_EmotiBit_TEMP_THERMOPILE.csv,546431,13530.0,981595853847ca34076ba8ebcec32aa2a847b5256d061bf9aebe321e71578b6f
raw,Raw_Dataset/D11/Session_3/D11_S3_Front_blurred.mp4,255846120,,1a60b1ccafdb3f8ec9a665768f3aca35d6b225272e3190180ddcc8c53703f3a3
raw,Raw_Dataset/D11/Session_3/D11_S3_VBOX_raw.csv,8332855,45090.0,53d833f82b0fa648dd59d75c2b4923ffa6fb09cb0ed3723431fec3af32a7b7b7
raw,Raw_Dataset/D11/Session_4/D11_S4_EmotiBit_ACC.csv,1280709,22018.0,2d91d634798e3b0301605d9461e714f4357fbadabc2abc6e5591f4cac322289e
raw,Raw_Dataset/D11/Session_4/D11_S4_EmotiBit_EDA.csv,513933,13218.0,bfdbb76e2458fd84d3721fe3fd66f0187340ffc01dd08bfd8782d94db2bfa17e
raw,Raw_Dataset/D11/Session_4/D11_S4_EmotiBit_EDA_LEVEL.csv,579499,13218.0,9e1c239f3d64217d46cf3e834b71dfa59acd36cee9cb9f060ebf69b42f99c243
raw,Raw_Dataset/D11/Session_4/D11_S4_EmotiBit_GYRO.csv,1298443,22016.0,12c21c6ef802e3e135efa68337b3d0bcdf0e1243217b7bec78f3eea1ef7d5bcc
raw,Raw_Dataset/D11/Session_4/D11_S4_EmotiBit_HR.csv,27216,680.0,bd50e39a32b2d18ed98ad913fe14e1bd889a251b9c8136c1b4c26078d2758f6c
raw,Raw_Dataset/D11/Session_4/D11_S4_EmotiBit_IBI.csv,28164,680.0,ff30d3ce74facd03d41a4315271780f20763a55687b4e21e686e7f68c4c341c8
raw,Raw_Dataset/D11/Session_4/D11_S4_EmotiBit_MAG.csv,1311632,22016.0,e4d48dba2ae271d059d977957ffd06b0f9aa38b78b6671d1c664cf0a7496e54e
raw,Raw_Dataset/D11/Session_4/D11_S4_EmotiBit_PPG_GREEN.csv,919437,21956.0,43b38e875b1e997e73e255fd9698a912cc384fb8d4d785cea52a7c67dbbae996
raw,Raw_Dataset/D11/Session_4/D11_S4_EmotiBit_PPG_IR.csv,963349,21956.0,3fb513c59e692b84d558f8e9b82f691678e9ef16b2543fb89907fa99ddbb321a
raw,Raw_Dataset/D11/Session_4/D11_S4_EmotiBit_PPG_RED.csv,962527,21956.0,78203654450b7aeba4be5f55235579eba0bc90c97a34cad93f5c21e626386e97
raw,Raw_Dataset/D11/Session_4/D11_S4_EmotiBit_SCR_FREQ.csv,103029,2643.0,bf4cc35f7fce0675fb2e0e3c269c98e29c47e4adb360448aa3a8e667c93800b2
raw,Raw_Dataset/D11/Session_4/D11_S4_EmotiBit_TEMP_CONTACT.csv,263562,6609.0,acbea7b21968b2fea52d567452050889c4f613cb3b247f77e2474b9526d9ebbc
raw,Raw_Dataset/D11/Session_4/D11_S4_EmotiBit_TEMP_THERMOPILE.csv,263562,6609.0,eae89a9b2cdf33369841ed3d042190e24ed0cdcce6947daa21d4a823e491a248
raw,Raw_Dataset/D11/Session_4/D11_S4_Front_blurred.mp4,120922043,,f5deb1cd8fcea9a45ac0be4afff33569e8134590dc63201434803bd5935d06ef
raw,Raw_Dataset/D11/Session_4/D11_S4_Side_blurred.mp4,154431233,,33f1d20d4b0f44ce0bde975381628cfb0a306c1c123a73db71ab9453560ac430
raw,Raw_Dataset/D11/Session_4/D11_S4_VBOX_raw.csv,4111138,22025.0,bab4937a19d8d1d9f9d557d618aa52e17a71e0a3b7200082e258f6babf3603ea
raw,Raw_Dataset/D12/Session_1/D12_S1_EmotiBit_ACC.csv,2586451,44344.0,5641f6e76561808df9b3cd832bf271bdf19d6e3d4ee73ac8cd6efd6c7f33ed75
raw,Raw_Dataset/D12/Session_1/D12_S1_EmotiBit_EDA.csv,1146619,26614.0,1266be834e0f3e7a61e1dd29720a2469729aac7fb9f0e7dd0fbe37c758daf1c5
raw,Raw_Dataset/D12/Session_1/D12_S1_EmotiBit_EDA_LEVEL.csv,1181009,26614.0,41060c11d4c499555ba964eeb136888e2ba53b0787f225e49e77f27b4f2add02
raw,Raw_Dataset/D12/Session_1/D12_S1_EmotiBit_GYRO.csv,2627104,44341.0,6bc919052978c19bf6653f2e3fce1a31b4044a88e1094ebd23cf674d8fdde354
raw,Raw_Dataset/D12/Session_1/D12_S1_EmotiBit_HR.csv,87579,2149.0,f8d2bc73c60e0bc1a2f48ef55056f51e769087ca1a74d5fadbcee0703a1e966d
raw,Raw_Dataset/D12/Session_1/D12_S1_EmotiBit_IBI.csv,89319,2149.0,f904af9d49e7d4dc5acde7efae435009b77ee60c49b74999cd43dcaa344937cb
raw,Raw_Dataset/D12/Session_1/D12_S1_EmotiBit_MAG.csv,2692613,44343.0,cdc64f27ab1e521f09e2749019d0a91c27319f3bfd2f4ed8b532bb3405c13a63
raw,Raw_Dataset/D12/Session_1/D12_S1_EmotiBit_PPG_GREEN.csv,1874036,44225.0,1b0bada437e2a56fff6c4d7aff9280a3741c839424293daab86371005a5acbff
raw,Raw_Dataset/D12/Session_1/D12_S1_EmotiBit_PPG_IR.csv,1962486,44225.0,2e281a0c2e9ca5531323fbba11a181aa9615d0fb32bd07629c6d45eed7c59f41
raw,Raw_Dataset/D12/Session_1/D12_S1_EmotiBit_PPG_RED.csv,1918261,44225.0,54351904493a246c41845901140381fe7b0d3205ebe361f6e18c36cedbc79064
raw,Raw_Dataset/D12/Session_1/D12_S1_EmotiBit_SCR_FREQ.csv,209617,5323.0,c1cde94137ca12876aa957e6c7e03eed9d59357c48fa610c4db1a964e369b8d8
raw,Raw_Dataset/D12/Session_1/D12_S1_EmotiBit_TEMP_CONTACT.csv,537329,13308.0,db5559102506f9ce7544142fbcd216b669ecc232ed0c37f3128198971a84b836
raw,Raw_Dataset/D12/Session_1/D12_S1_EmotiBit_TEMP_THERMOPILE.csv,537329,13308.0,ec72e7f67aca7f676e9dea692888bf10f134f68589f8558718e11699930dc32c
raw,Raw_Dataset/D12/Session_1/D12_S1_Front_blurred.mp4,255831877,,f1830e38a76c826758dfa35a209edd802bf6d241ac31e71892e1e18ce5512cff
raw,Raw_Dataset/D12/Session_1/D12_S1_Side_blurred.mp4,267437826,,f5d6ee2f9d78e990dd43562bebaf64fecb4eb43c59f30af73c09f80f30fcd11b
raw,Raw_Dataset/D12/Session_1/D12_S1_VBOX_raw.csv,7890679,44353.0,afb620a1c8d4b8aebca8e2e64b61654b34adfeacac20d125f7007b1f8c4502ac
raw,Raw_Dataset/D12/Session_2/D12_S2_EmotiBit_ACC.csv,1605771,27669.0,0e152da3bb3fc662abebf5920537ea1a18a120332e77e7fd6fe7406c03ba523b
raw,Raw_Dataset/D12/Session_2/D12_S2_EmotiBit_EDA.csv,664498,16607.0,361ae1a78be87424d0db3f34899aa850f44259a4beb3574a72d68e9210a06a4b
raw,Raw_Dataset/D12/Session_2/D12_S2_EmotiBit_EDA_LEVEL.csv,730493,16607.0,58ddd8974d4873dcdee4e7d6155ae612ea5f50c89fc7f5a1f68640b774577b32
raw,Raw_Dataset/D12/Session_2/D12_S2_EmotiBit_GYRO.csv,1629150,27668.0,6c29d3df72098ef4f8037117f5d72c2f1255476ee6e15e0bb3317f1066c8619c
raw,Raw_Dataset/D12/Session_2/D12_S2_EmotiBit_HR.csv,48743,1208.0,6bec1090205f651b0ea8082b02b52e783f045f3098da7ea5d61c072f0bf6f5b9
raw,Raw_Dataset/D12/Session_2/D12_S2_EmotiBit_IBI.csv,49860,1208.0,1a2c5cf80a6929a8f2219357d0d9cde8ee55604aa45e2dff78529189084d2501
raw,Raw_Dataset/D12/Session_2/D12_S2_EmotiBit_MAG.csv,1655486,27667.0,33a11254df230491cb8e7de8cae79eb3645460b3c55f10b80d558f019616c91e
raw,Raw_Dataset/D12/Session_2/D12_S2_EmotiBit_PPG_GREEN.csv,1159026,27597.0,9012f829502d98333285bf7cb0c7f9e06622f6f560240a40682d964ea9ad4495
raw,Raw_Dataset/D12/Session_2/D12_S2_EmotiBit_PPG_IR.csv,1213295,27597.0,145ef748b9d2563f11cf6103dc64f605e11f2331ef9f7b705c8d5c46b31ee351
raw,Raw_Dataset/D12/Session_2/D12_S2_EmotiBit_PPG_RED.csv,1186623,27597.0,a452ef5082297473cb8add50d9bada2f8fddabf2c2a071212d31ff687b59b3e4
raw,Raw_Dataset/D12/Session_2/D12_S2_EmotiBit_SCR_FREQ.csv,129991,3322.0,dfe97e86bdde93691d41a90a5c490a3a099d6a50e5809e68a64644d1c973cecd
raw,Raw_Dataset/D12/Session_2/D12_S2_EmotiBit_TEMP_CONTACT.csv,332165,8304.0,112328307e96175e3ab51a96594370c8b7030e9864624dc5bd136dd656d5b76f
raw,Raw_Dataset/D12/Session_2/D12_S2_EmotiBit_TEMP_THERMOPILE.csv,332165,8304.0,bb9fadd717fe764e296b15254e3cfbdf36a461d353d4e06b6293b0f7d644465f
raw,Raw_Dataset/D12/Session_2/D12_S2_Front_blurred.mp4,184876114,,080be0db422f6fe76c45ceab6d460eea55e5ffc95a8f57350f50ad31abd10c52
raw,Raw_Dataset/D12/Session_2/D12_S2_Side_blurred.mp4,205388252,,906b8a2dfc474340a8ec3ad03794d19218d492942cf84d76e76b5fe3dd413fbf
raw,Raw_Dataset/D12/Session_2/D12_S2_VBOX_raw.csv,5147704,27675.0,99d6976280fb1d2ae773982f67923fae1ad1192e9e6d687d56a3243ee0b49c3c
raw,Raw_Dataset/D12/Session_3/D12_S3_EmotiBit_ACC.csv,3253832,55608.0,6b6468d9c3b31b9b28c2d8542c0a74699354544c99e5baa78a1eb8404c5550ee
raw,Raw_Dataset/D12/Session_3/D12_S3_EmotiBit_EDA.csv,1325581,33372.0,cc645c603406df1fd4349f914eae9916bf9195551066a1d2848d410a6433ec49
raw,Raw_Dataset/D12/Session_3/D12_S3_EmotiBit_EDA_LEVEL.csv,1485114,33372.0,9e83e620657b7a1bb6596a770f52d559ca8d96b9cf4c9120f018123b211a121b
raw,Raw_Dataset/D12/Session_3/D12_S3_EmotiBit_GYRO.csv,3297572,55612.0,15d146cc524fbc42326a582634db9be269b4883982894eb768e0095990f65984
raw,Raw_Dataset/D12/Session_3/D12_S3_EmotiBit_HR.csv,43983,1084.0,cf56304189170863ba008ffa79512a0cfcaa99c1d2537a064e91cfda435398ca
raw,Raw_Dataset/D12/Session_3/D12_S3_EmotiBit_IBI.csv,45768,1084.0,76202d32e54087cd3bf5195ece96a7c5c528c3227da2302c86cc2ef73240215a
raw,Raw_Dataset/D12/Session_3/D12_S3_EmotiBit_MAG.csv,3386474,55608.0,96cf8dff3b892c9c0c5ddccf162b8d73f281d2d2a0839b860715751ba9903f69
raw,Raw_Dataset/D12/Session_3/D12_S3_EmotiBit_PPG_GREEN.csv,2358751,55498.0,420ff0b6cf0d2e0a56421773778abcd0d390008fd25c96b91c68d1ee3d1786ce
raw,Raw_Dataset/D12/Session_3/D12_S3_EmotiBit_PPG_IR.csv,2469747,55498.0,7465b28c8d761d94534aa48d04e77f241b506129fbf53d614e0d441b565644c9
raw,Raw_Dataset/D12/Session_3/D12_S3_EmotiBit_PPG_RED.csv,2414249,55498.0,461afbc1697372675fb40a8c98bb3171ace9cbe79eb072e12ba2a0e7875cb22c
raw,Raw_Dataset/D12/Session_3/D12_S3_EmotiBit_SCR_FREQ.csv,265462,6675.0,eb6840a8b61597163f94be8b7ab91acfe1e96d41ee5d229a637301081edaa9c1
raw,Raw_Dataset/D12/Session_3/D12_S3_EmotiBit_TEMP_CONTACT.csv,675827,16686.0,f12fe3c761341b901af9cc045340a6981727877289861ec732317f5268c47fe1
raw,Raw_Dataset/D12/Session_3/D12_S3_EmotiBit_TEMP_THERMOPILE.csv,675827,16686.0,1fe132f668616ca48b9299d3e5324d9ad2081da2ed3d8637312d3d5d7bbe702e
raw,Raw_Dataset/D12/Session_3/D12_S3_Front_blurred.mp4,339550448,,9c00315f8fef024af16de4862ffc6b11af5e919b7b924fa650b11e954a80e3f1
raw,Raw_Dataset/D12/Session_3/D12_S3_Side_blurred.mp4,353756094,,21cb27bff009920e68d13a3751cf67dd01f535238a7fbcf461b8f846c0e1423d
raw,Raw_Dataset/D12/Session_3/D12_S3_VBOX_raw.csv,10263056,55612.0,e57f35f36c14fa67fe5033671c78e7c607e70018b8335404dbb2028ec1c7e02e
raw,Raw_Dataset/D12/Session_4/D12_S4_EmotiBit_ACC.csv,1774269,30579.0,bf5691729f2522a2e6ed768d158be6642e78dee8a409a6bdd554aeb2bda3e2e7
raw,Raw_Dataset/D12/Session_4/D12_S4_EmotiBit_EDA.csv,732558,18352.0,5d3f80aa4ab310fe2efa468d320ae24331365fa52f380953d0e7161dfa4f0755
raw,Raw_Dataset/D12/Session_4/D12_S4_EmotiBit_EDA_LEVEL.csv,809059,18352.0,8385f0a6211a07a9a54402b0623a2c82973f8025a69921dd2ce3f24c6f8bbf21
raw,Raw_Dataset/D12/Session_4/D12_S4_EmotiBit_GYRO.csv,1805074,30579.0,1f0cd1adffa330aafbe7b118e27a4d8b5ce4e85a0f2953e6e563ccb47690528f
raw,Raw_Dataset/D12/Session_4/D12_S4_EmotiBit_HR.csv,40152,997.0,71cbc2114048a41445405b9712c77683de092f144ffaf05a71e423400a2f0761
raw,Raw_Dataset/D12/Session_4/D12_S4_EmotiBit_IBI.csv,41410,997.0,8a696a5568c3b0178d2a94470a1792d073dd58d7a2ede51d4fc2a60bc26b936d
raw,Raw_Dataset/D12/Session_4/D12_S4_EmotiBit_MAG.csv,1831065,30582.0,ffa5544e6ed88871d2b6cce599bde2160b5d3d8a3c2db620512d14e649dc39a8
raw,Raw_Dataset/D12/Session_4/D12_S4_EmotiBit_PPG_GREEN.csv,1283772,30498.0,27428cd95d370ecb457fca30b0d95916b72aa17aa2507f1b57235e8f81497f0f
raw,Raw_Dataset/D12/Session_4/D12_S4_EmotiBit_PPG_IR.csv,1344768,30498.0,950e6379291e0422d30c426850794b401b7699a58b3a8e5eee85fb7fd6037e8c
raw,Raw_Dataset/D12/Session_4/D12_S4_EmotiBit_PPG_RED.csv,1314270,30498.0,7ea5811aea2bb4a36eeae6652bb4736df974792ebf0b24f2608616d2a8dba21f
raw,Raw_Dataset/D12/Session_4/D12_S4_EmotiBit_SCR_FREQ.csv,143588,3671.0,aa4590907e176f3f8f0e174e2e75a22566432fd4922ec7de3711144b46bacea4
raw,Raw_Dataset/D12/Session_4/D12_S4_EmotiBit_TEMP_CONTACT.csv,367918,9176.0,511e9d4e7f0a47f36b5b0474a5285e447122519078fb24cdda4b47eeefd51854
raw,Raw_Dataset/D12/Session_4/D12_S4_EmotiBit_TEMP_THERMOPILE.csv,367755,9172.0,c2dc7d675f726b60dd7ab2a1eb149cb20d4432113209d1ea4f9400f8db33b215
raw,Raw_Dataset/D12/Session_4/D12_S4_Front_blurred.mp4,199380935,,1dfbdff9ea2f9cb8a587e1d85e134bfa57be59f7fcdf0aff9e2bd2afa69721be
raw,Raw_Dataset/D12/Session_4/D12_S4_Side_blurred.mp4,223649120,,8d79ba02f22228991a6112d7fe72cacc55cf030f5bccc5bafd9cd0b9f06b22eb
raw,Raw_Dataset/D12/Session_4/D12_S4_VBOX_raw.csv,5468860,30588.0,62d43770d607ad5142ede2d51f964e7fab401492990191956cd49ae3e56ad8da
raw,Raw_Dataset/D13/Session_1/D13_S1_EmotiBit_ACC.csv,4240550,72421.0,5009dfbf789eceb8e9db88d8c84388be108270915a8855d5f6e5aa4c0be1a52e
raw,Raw_Dataset/D13/Session_1/D13_S1_EmotiBit_EDA.csv,1725235,43470.0,fca052e9430fa2ed7ff6c8f46ee83da03de64219e924c1d8f7439ada1c49918c
raw,Raw_Dataset/D13/Session_1/D13_S1_EmotiBit_EDA_LEVEL.csv,1939523,43470.0,bf576bc414b9d106d529e2c651c5872e34e9bfebf755f507ba0f00a253060b16
raw,Raw_Dataset/D13/Session_1/D13_S1_EmotiBit_GYRO.csv,4327969,72424.0,1221122d79274d851821227a4cec354d168c792bb5bbad07ba69fa9f952fec99
raw,Raw_Dataset/D13/Session_1/D13_S1_EmotiBit_HR.csv,114949,2821.0,2c090d6c6cc65e93060bb35600c46218034053d3e8c48078ff4ffae7b434ce17
raw,Raw_Dataset/D13/Session_1/D13_S1_EmotiBit_IBI.csv,118403,2821.0,527869cd77d6ee91467837224720b79a5e2dc5597bf2c5b14e09423b5e642ca4
raw,Raw_Dataset/D13/Session_1/D13_S1_EmotiBit_MAG.csv,4459432,72423.0,743b6a3d22ac2aff9f65a1e55387ba57fc9ba9130f166a49e72425f2dedc5165
raw,Raw_Dataset/D13/Session_1/D13_S1_EmotiBit_PPG_GREEN.csv,3078171,72228.0,c2f947aae34728db6ba761b362f84e067ceaf68ddf25bc8c6cbe2a738a78fced
raw,Raw_Dataset/D13/Session_1/D13_S1_EmotiBit_PPG_IR.csv,3222627,72228.0,b8514578f43ae7a2f70eb3bcad777a8954b15aa387c04bd2baed1e8039e734e3
raw,Raw_Dataset/D13/Session_1/D13_S1_EmotiBit_PPG_RED.csv,3222627,72228.0,9ed5a3c2eba412b34b366bdcc5acaba79b12a4d5bdb9fd22eb47d20d5add7ae8
raw,Raw_Dataset/D13/Session_1/D13_S1_EmotiBit_SCR_FREQ.csv,345021,8694.0,61251d66cd8dc6e10a097e31aa25ce5310a80465dda2512de7610a2be4007d7a
raw,Raw_Dataset/D13/Session_1/D13_S1_EmotiBit_TEMP_CONTACT.csv,882795,21734.0,3cbe6a9f69c2fbb710639a2340abdf97ff1d40694db4b4c0ef142a86ae6600d3
raw,Raw_Dataset/D13/Session_1/D13_S1_EmotiBit_TEMP_THERMOPILE.csv,882795,21734.0,66e488c2785611286a0dcc1a8902447614f8b56a11ec4c07231ba86f33b69383
raw,Raw_Dataset/D13/Session_1/D13_S1_Front_blurred.mp4,419282809,,f590056dcf8b361db7a8234a8d4da6dc8fd88a6551320d4e4d15b1da98637906
raw,Raw_Dataset/D13/Session_1/D13_S1_Side_blurred.mp4,445794405,,499388c9d5a0ba4a12c134afe703ff3bd1bb763d27240a08d5bdbfb76ed5276e
raw,Raw_Dataset/D13/Session_1/D13_S1_VBOX_raw.csv,13323173,72438.0,2cd1da9b736bf1cb917b22504c37296b081473dc84a5d8e989420f895955d9f1
raw,Raw_Dataset/D13/Session_2/D13_S2_EmotiBit_ACC.csv,1536738,26193.0,af4ce4d30096d634b2893805be1d73df8f07f3d79c8a0a09d7e9d87a9f34f9b5
raw,Raw_Dataset/D13/Session_2/D13_S2_EmotiBit_EDA.csv,612215,15721.0,3b3e2ab6b4bfc32cad396f5ad9f87fd36b42b2ae7e25031efcebc8890c4e3964
raw,Raw_Dataset/D13/Session_2/D13_S2_EmotiBit_EDA_LEVEL.csv,690680,15721.0,3f3a6180dc28fb5cda3c4141955730bec56fe37631b0b610f881fb763573c323
raw,Raw_Dataset/D13/Session_2/D13_S2_EmotiBit_GYRO.csv,1550977,26191.0,7d4d1c0edfa2373043bf1d853c14638fef5fad2b9685a5e0213c6d01ce761cbb
raw,Raw_Dataset/D13/Session_2/D13_S2_EmotiBit_HR.csv,37098,920.0,4a37588e23a6eff5fb2ae82b283e2f9cbf556500c1c2eae7e8fb4edf5456ec71
raw,Raw_Dataset/D13/Session_2/D13_S2_EmotiBit_IBI.csv,37959,920.0,918d3f046e3e6bd3f377e039f6b7fc4140241382110bbe7d5c1291f5fdeef229
raw,Raw_Dataset/D13/Session_2/D13_S2_EmotiBit_MAG.csv,1597974,26193.0,b2656642e07368e9403671e263abfba6531298a806fb478343a18c168cfe3fee
raw,Raw_Dataset/D13/Session_2/D13_S2_EmotiBit_PPG_GREEN.csv,1095774,26126.0,639f1202c42cc33868dfe54717cb565a236c322dc2f8254fbe21de2facac0453
raw,Raw_Dataset/D13/Session_2/D13_S2_EmotiBit_PPG_IR.csv,1148023,26126.0,363d447442ef2c413ea5f30d4ac72f0bb391d3084beb119a1b1d2b7a00f209c1
raw,Raw_Dataset/D13/Session_2/D13_S2_EmotiBit_PPG_RED.csv,1146901,26126.0,a3528bdb8a0fe076aabc8987c7014c3e58a8ee68c9d63bc9185abf9e61ab4439
raw,Raw_Dataset/D13/Session_2/D13_S2_EmotiBit_SCR_FREQ.csv,124177,3144.0,90fe989aeb425e87d2f3dfda805615c6317ab10a2a5aa20c70c9cee3dcb39ece
raw,Raw_Dataset/D13/Session_2/D13_S2_EmotiBit_TEMP_CONTACT.csv,313962,7860.0,8b41c328a8f693704554417fb4bd1257d1efe2088740f7d2e1f05aa042bb49e3
raw,Raw_Dataset/D13/Session_2/D13_S2_EmotiBit_TEMP_THERMOPILE.csv,314001,7861.0,1e5aadedce88ebb584cacfab0f585c787e343d089cd5633614e5b3e0b5a3e243
raw,Raw_Dataset/D13/Session_2/D13_S2_Front_blurred.mp4,172756005,,f1f67f7860eee94eba81d1a9745d635ee1bb0f543712b7de6d03cd4337bb45cc
raw,Raw_Dataset/D13/Session_2/D13_S2_Side_blurred.mp4,183630988,,a83f04ccaca09da48ef4542011da803340a92c7f8ba3508b8540410d6069d4cb
raw,Raw_Dataset/D13/Session_2/D13_S2_VBOX_raw.csv,4683299,26196.0,9a0fe7759eb5365dd2b4961c23d2205c2339265b797b9ab18fc177e731381c8e
raw,Raw_Dataset/D13/Session_3/D13_S3_EmotiBit_ACC.csv,4475323,76317.0,70b4992bb0983ce876722cdcab723c8827f22abc0c7854e4c2fb6a1833053177
raw,Raw_Dataset/D13/Session_3/D13_S3_EmotiBit_EDA.csv,1815516,45803.0,a7f0a0ede6c5140b5223779786f99cf190e71ef7fc5a9a3812cdf17f30500007
raw,Raw_Dataset/D13/Session_3/D13_S3_EmotiBit_EDA_LEVEL.csv,2031811,45803.0,93d3c647c1683205e06f01559a12db1a635c52ab0f7214c1b0bb306daba1547e
raw,Raw_Dataset/D13/Session_3/D13_S3_EmotiBit_GYRO.csv,4561059,76309.0,75a294fcf4ec3b34a7db0f9062782a0b0747a984b7bf51ac5ed64c07c3331599
raw,Raw_Dataset/D13/Session_3/D13_S3_EmotiBit_HR.csv,83451,2047.0,81368fda9241697015205a4befb91f8d41abbac5ebd1b1fb83e23281e2e3c1fb
raw,Raw_Dataset/D13/Session_3/D13_S3_EmotiBit_IBI.csv,86230,2047.0,aa39d22d51cac670937c9caf59342d6a44fdb4669f72f40651ab8c996d065b63
raw,Raw_Dataset/D13/Session_3/D13_S3_EmotiBit_MAG.csv,4624704,76315.0,396bdc701778fc0d20b24764e420de83af355a1858e19a35235640685c4053a0
raw,Raw_Dataset/D13/Session_3/D13_S3_EmotiBit_PPG_GREEN.csv,3255894,76129.0,fc6a4213514969eaa42b7bc3bb0b595ddb145dc0b31fe262ca1814123f5cb9f8
raw,Raw_Dataset/D13/Session_3/D13_S3_EmotiBit_PPG_IR.csv,3398163,76129.0,4938d87fdb34a0366f91e52a959511fcaeb75f32c7ceb9c7fc9acb2ac13e54a8
raw,Raw_Dataset/D13/Session_3/D13_S3_EmotiBit_PPG_RED.csv,3393204,76129.0,3f3c5d3bcb07b474c8569c20c5113d6d2aa0189aa1fb801c31daf3829da18671
raw,Raw_Dataset/D13/Session_3/D13_S3_EmotiBit_SCR_FREQ.csv,369483,9160.0,66f1b829376740321e62e524cbe54c6b5b416b6e2b88dc06726a97ae39f22240
raw,Raw_Dataset/D13/Session_3/D13_S3_EmotiBit_TEMP_CONTACT.csv,930642,22901.0,59706ad2daf89a0a15ea4f4bc5849ab4f0d2b3eb779ab7d162548cd1db51f335
raw,Raw_Dataset/D13/Session_3/D13_S3_EmotiBit_TEMP_THERMOPILE.csv,930643,22901.0,bb5dc98b9f833ba830f7f342f26adddfece48908624f2355fb38c32b36f872e5
raw,Raw_Dataset/D13/Session_3/D13_S3_Front_blurred.mp4,409954494,,764ef348d9ed98e54bd783b22310869144f6602a4e4f6494ac912dbc961c2f4a
raw,Raw_Dataset/D13/Session_3/D13_S3_Side_blurred.mp4,460521599,,f273c6d356b88e2cf741eeb3c07d433dd56cfe28be08e9c120b4cb983b177e2b
raw,Raw_Dataset/D13/Session_3/D13_S3_VBOX_raw.csv,13472082,76330.0,04c00961ed4a8178305a081e6f580173b10d0c87fc4a937ee1b7bd5d04333e6c
raw,Raw_Dataset/D13/Session_4/D13_S4_EmotiBit_ACC.csv,1708164,29284.0,606a4b9dbffee9a7bc4bab8a2156f9b5793750dde70ac70fdfc0ae7f807e9182
raw,Raw_Dataset/D13/Session_4/D13_S4_EmotiBit_EDA.csv,686454,17577.0,3be71686c0b764079786cd7b85ffb3faca783061ee4accabc2bb0e9526296601
raw,Raw_Dataset/D13/Session_4/D13_S4_EmotiBit_EDA_LEVEL.csv,773903,17577.0,2083ae1b8a55d3a2d2e20232ea9affecf34c65094279b9a001c67fe780ce368f
raw,Raw_Dataset/D13/Session_4/D13_S4_EmotiBit_GYRO.csv,1737572,29285.0,71d5071ae9b6fb1ebbfd54092c268817b7e1971a536e06935dc60f61b5bc7d2b
raw,Raw_Dataset/D13/Session_4/D13_S4_EmotiBit_HR.csv,47268,1173.0,e34cc8a845759741581b9eb2113e68c3338a212d03141c0852b9a959aaf9475a
raw,Raw_Dataset/D13/Session_4/D13_S4_EmotiBit_IBI.csv,48424,1173.0,b4b63ca2819aef72e75f1f66845c6ce6858116cd9bdb2a33f9f1f47728279693
raw,Raw_Dataset/D13/Session_4/D13_S4_EmotiBit_MAG.csv,1791530,29286.0,563adf23a5b8a2a45571609be86760452990784ddb9cbd18e958e6eaca803528
raw,Raw_Dataset/D13/Session_4/D13_S4_EmotiBit_PPG_GREEN.csv,1228307,29208.0,c2351e7da26c064b60cf11124ecc73277954d6f31cf21d39864540bc7b671eb5
raw,Raw_Dataset/D13/Session_4/D13_S4_EmotiBit_PPG_IR.csv,1286713,29208.0,aad84dfc35cb602fc0fbf7180fe9508372036504287ecad2442ed7248077aec5
raw,Raw_Dataset/D13/Session_4/D13_S4_EmotiBit_PPG_RED.csv,1284352,29208.0,c1b18d7cd3dc8666fd86f5f3d26f4347bf27b11ed31a3a208c155c8031cae662
raw,Raw_Dataset/D13/Session_4/D13_S4_EmotiBit_SCR_FREQ.csv,139426,3516.0,b76274750d929cff006ed5722f473c9437ccd16d4d2ff66202ffec66eb4d4b16
raw,Raw_Dataset/D13/Session_4/D13_S4_EmotiBit_TEMP_CONTACT.csv,352009,8788.0,71c8b8a11c0db54444cf735670bf4b49ccdf87edc1e793923aaefa1d64d22f93
raw,Raw_Dataset/D13/Session_4/D13_S4_EmotiBit_TEMP_THERMOPILE.csv,352009,8788.0,86269dd5ad031f44ca3e905d60b95b0434fc7a47e1a328a689b2af48824d8632
raw,Raw_Dataset/D13/Session_4/D13_S4_Front_blurred.mp4,181602799,,6ccc034a0f3382dfd8bd6e88c800f1ce758320df271bca000730102871b5ff9b
raw,Raw_Dataset/D13/Session_4/D13_S4_Side_blurred.mp4,198246318,,01589ed9711ef51b3d2434b53a2dc516ad323d5e91a891dcce69dddae6be209e
raw,Raw_Dataset/D13/Session_4/D13_S4_VBOX_raw.csv,5232039,29291.0,471f3ca5758b3fc3a5a7a20f4cce835654cc4f8fce705b0d5d786f32be5d1140
raw,Raw_Dataset/D14/Session_1/D14_S1_EmotiBit_ACC.csv,3581819,61561.0,87081d306a69f530d8e365283db3e0a36614e8f16818e732ebef392001fb4828
raw,Raw_Dataset/D14/Session_1/D14_S1_EmotiBit_EDA.csv,1461497,36953.0,278853e295cebfd91d5b066818abff2bcd92f09b335ee2f8c19b6a7bf0ae3ecb
raw,Raw_Dataset/D14/Session_1/D14_S1_EmotiBit_EDA_LEVEL.csv,1646262,36953.0,4a9e813667eb54891f412507d08a5a76c4978e2311edfee6610e117b9e474014
raw,Raw_Dataset/D14/Session_1/D14_S1_EmotiBit_GYRO.csv,3672375,61564.0,4b69b777a03ee7c14b460a82eb9c441a60b3d604a00de1d56180f28d24b4610a
raw,Raw_Dataset/D14/Session_1/D14_S1_EmotiBit_HR.csv,126668,3111.0,6eb838d3b78eb574ad579561308f0f0afa013a4f3967d1e6acfcfc55787d6c4b
raw,Raw_Dataset/D14/Session_1/D14_S1_EmotiBit_IBI.csv,129869,3111.0,184a960a9d5413551dc449aa66798b3b4ccb0fe3197ba7a1aea0ff383b6bcda4
raw,Raw_Dataset/D14/Session_1/D14_S1_EmotiBit_MAG.csv,3788374,61565.0,af94457a947aa407449cdb13ffadb44fbfd13bea7f7d70c163566ea38b844dc9
raw,Raw_Dataset/D14/Session_1/D14_S1_EmotiBit_PPG_GREEN.csv,2612094,61389.0,1b267641734dc83a2677e4e0ba5bcf8de514afe94dba9e42cf9d908dd32b4720
raw,Raw_Dataset/D14/Session_1/D14_S1_EmotiBit_PPG_IR.csv,2734872,61389.0,7f428016310481a3bf448cc4234113109becc3f4d176e6244f2253f367ee2498
raw,Raw_Dataset/D14/Session_1/D14_S1_EmotiBit_PPG_RED.csv,2734872,61389.0,b10b7d020680f99445b9e369e8742880890b4ba7ceaa9ebd6ca1eae3b0930256
raw,Raw_Dataset/D14/Session_1/D14_S1_EmotiBit_SCR_FREQ.csv,293113,7390.0,67e6fc0f48c5cbc638d9338aa976949d31d53a4bbf412043664326a4660c6715
raw,Raw_Dataset/D14/Session_1/D14_S1_EmotiBit_TEMP_CONTACT.csv,749258,18477.0,663e32ac366d7003f574ea1941624970cfd527e637a9ff6403144032479c19c3
raw,Raw_Dataset/D14/Session_1/D14_S1_EmotiBit_TEMP_THERMOPILE.csv,749258,18477.0,b03b30a96b11492d0e93bc49bcc340480a1c90aa76ee8fb1ce5ef8d7914e4ec4
raw,Raw_Dataset/D14/Session_1/D14_S1_Front_blurred.mp4,319807621,,2ea9d756181968822e534fe72d2f1b37823dd20ec925ef44ce38326e681d4e9f
raw,Raw_Dataset/D14/Session_1/D14_S1_Side_blurred.mp4,349886260,,1b03c6d6a15d6eab244cdec9faecc813947b06d3f1f8b097261ead91b44956af
raw,Raw_Dataset/D14/Session_1/D14_S1_VBOX_raw.csv,10924310,61581.0,ba455c5685ee8cef4a6b38faf3ba5a232d34e681124bfe6da7247e01f3f764ac
raw,Raw_Dataset/D14/Session_2/D14_S2_EmotiBit_ACC.csv,1733266,29896.0,00bc44063fc9a5ec0d8a72db26c5c835d0a9b389a689a05da7a6f2afe5146d3e
raw,Raw_Dataset/D14/Session_2/D14_S2_EmotiBit_EDA.csv,701197,17945.0,ef1cba2aa01e9252e2f80628aa7012b4c23ac2858a3b7655681d77a4f89215f6
raw,Raw_Dataset/D14/Session_2/D14_S2_EmotiBit_EDA_LEVEL.csv,790781,17945.0,9f21bc80958144f361aeb1cb489d55df37db7200e5b744083744d0cca0d69f9b
raw,Raw_Dataset/D14/Session_2/D14_S2_EmotiBit_GYRO.csv,1770211,29894.0,5e24b4ce3e75805b6d8d83533a4ab211f94b5f05576429470e32c72b26198431
raw,Raw_Dataset/D14/Session_2/D14_S2_EmotiBit_HR.csv,44770,1114.0,6d3248d73bc6d4a3781941fa59798c027dfdd1ec52e7e2bcc41c16b8559b9888
raw,Raw_Dataset/D14/Session_2/D14_S2_EmotiBit_IBI.csv,46164,1114.0,398bd4859bd5b1a5f36a38e726870d90d317ef2f5ce724fafec9fe64e964b664
raw,Raw_Dataset/D14/Session_2/D14_S2_EmotiBit_MAG.csv,1826648,29896.0,362133fc029994670a39f58fef86ecba06c63c7f69b66a35383e80105ef9ff56
raw,Raw_Dataset/D14/Session_2/D14_S2_EmotiBit_PPG_GREEN.csv,1253928,29802.0,62b790e34685a654b55d97296ba69236f294c39798e67f7fcf1d1ecb46f74541
raw,Raw_Dataset/D14/Session_2/D14_S2_EmotiBit_PPG_IR.csv,1313466,29802.0,5c61365b04401debbb080b3f5638adc9417f08e052cff56a38b9940e6dc9095d
raw,Raw_Dataset/D14/Session_2/D14_S2_EmotiBit_PPG_RED.csv,1313466,29802.0,9ce535e6ff91fb2e68ce7fb8d54a8fa3769976cfbdff1e36057ffafda41ab53a
raw,Raw_Dataset/D14/Session_2/D14_S2_EmotiBit_SCR_FREQ.csv,143790,3589.0,490635a8dc9bccef5b7706526a44feb049e1f62d6c50a88c59900c820514b4ea
raw,Raw_Dataset/D14/Session_2/D14_S2_EmotiBit_TEMP_CONTACT.csv,359594,8973.0,5366d22810a637d39d76152624840f374a3e73f58ba66abfff89cfa698a36fce
raw,Raw_Dataset/D14/Session_2/D14_S2_EmotiBit_TEMP_THERMOPILE.csv,359594,8973.0,a1e16be8131f51273158617c7c3b72c42d972943e27649efd5c9f85365b7da1f
raw,Raw_Dataset/D14/Session_2/D14_S2_Front_blurred.mp4,167405648,,e0c24f7a54742b1561ad0657468326f3f6e844ad4494151e3fc76b2a0b90e415
raw,Raw_Dataset/D14/Session_2/D14_S2_Side_blurred.mp4,182569773,,8f6a6ec13b774576341325c7ca9503cc9d147d0b7ce446d2b9e9bde4ccaeb62d
raw,Raw_Dataset/D14/Session_2/D14_S2_VBOX_raw.csv,5340431,29888.0,048933e5ad23f87895df4a60be3e89a3b716302c5f1505005a5e970e1ae2fe2c
raw,Raw_Dataset/D14/Session_3/D14_S3_EmotiBit_ACC.csv,2878002,49555.0,b9cbfd3cac32725bd66931f935d16bea4b2742f87b6383414b8bebb88b289e72
raw,Raw_Dataset/D14/Session_3/D14_S3_EmotiBit_EDA.csv,1173176,29745.0,76f3595303b2f4a1a53a3cf505527870163dc814f0f5d0815bf6b8fea27ae0ab
raw,Raw_Dataset/D14/Session_3/D14_S3_EmotiBit_EDA_LEVEL.csv,1321901,29745.0,2402ce507979a1bab00535e8a9ad2e2b4f4690638f43173450dac60df2df312a
raw,Raw_Dataset/D14/Session_3/D14_S3_EmotiBit_GYRO.csv,2954089,49555.0,fabe26bad6502d9176d9bfccaab8f3cdd159b887cb3a4f9de0724f4718a0695e
raw,Raw_Dataset/D14/Session_3/D14_S3_EmotiBit_HR.csv,82486,2036.0,86f0d6d1f5019fdd4dedf38b5c5a1151699518245f266364dcf857d27d0dac9b
raw,Raw_Dataset/D14/Session_3/D14_S3_EmotiBit_IBI.csv,84975,2036.0,3e8469e58b2a473cad387387edfd2f3de4e30efb616aba7770183fe4f2d09347
raw,Raw_Dataset/D14/Session_3/D14_S3_EmotiBit_MAG.csv,3042676,49556.0,321fb357c78ddafcb2a596097f0f90904ebfaca48549c25bba6981b68f984649
raw,Raw_Dataset/D14/Session_3/D14_S3_EmotiBit_PPG_GREEN.csv,2097170,49414.0,94655aa73445a9369b0e9434bd3f492471d27dc19a8bc1689b73da58d11f46cf
raw,Raw_Dataset/D14/Session_3/D14_S3_EmotiBit_PPG_IR.csv,2195998,49414.0,9c30c52430ba65f7fd7d75a3740788cc352fe23c39d6072c92b20d143a023902
raw,Raw_Dataset/D14/Session_3/D14_S3_EmotiBit_PPG_RED.csv,2195998,49414.0,4fdb2abc0de5af459e5f6048ade9fd0994d4f46f3124951afccbe986fecb75b0
raw,Raw_Dataset/D14/Session_3/D14_S3_EmotiBit_SCR_FREQ.csv,237652,5950.0,2fd65c3730a4c665df970766a3e62af6f991e8a20fe313d8005eb5a342a9dd96
raw,Raw_Dataset/D14/Session_3/D14_S3_EmotiBit_TEMP_CONTACT.csv,601494,14873.0,3bef7f835c3de16f4f382f531eff01300b94f54a0722f2c5fb14187aca2c5f28
raw,Raw_Dataset/D14/Session_3/D14_S3_EmotiBit_TEMP_THERMOPILE.csv,601494,14873.0,a926b842066b635bfc0fe99c63a981eb00efb3abe643f679cf3c19115d0a9679
raw,Raw_Dataset/D14/Session_3/D14_S3_Front_blurred.mp4,239876705,,213ff9fc2ec6cfe0b376c9a3f56e980fc39609079357e70f89c91e2602ae1576
raw,Raw_Dataset/D14/Session_3/D14_S3_Side_blurred.mp4,261291345,,4e6f33f6b58667f129dea4f0726126e31a86a92d36bb17e2ebd667a2952ff950
raw,Raw_Dataset/D14/Session_3/D14_S3_VBOX_raw.csv,9158562,49555.0,500fba607f49cdf50d07f38bc50eea8e833e832ba3e981d39f5a9f953d2f19c6
raw,Raw_Dataset/D14/Session_4/D14_S4_EmotiBit_ACC.csv,1670276,28818.0,72c575808108f153925e3dbf0755a7663bba3959cf136cf741217997d9a9b512
raw,Raw_Dataset/D14/Session_4/D14_S4_EmotiBit_EDA.csv,675303,17298.0,7efd8d1d38df7608744f64b8e51807caf8db96f2a3cdd2c0ee80fa107bbafadc
raw,Raw_Dataset/D14/Session_4/D14_S4_EmotiBit_EDA_LEVEL.csv,761756,17298.0,0a558705be70538bc82dade664098644646ce851136994356691baad6aefcd68
raw,Raw_Dataset/D14/Session_4/D14_S4_EmotiBit_GYRO.csv,1703393,28820.0,51dd5a3b6b630199990c153e81e82fc736208e1bf8ac7f462adbd794e6e62af7
raw,Raw_Dataset/D14/Session_4/D14_S4_EmotiBit_HR.csv,44456,1108.0,5b3a854b5a5798cd5c6b85951708bb1427cd9cdc7d6db73dd695729715d78920
raw,Raw_Dataset/D14/Session_4/D14_S4_EmotiBit_IBI.csv,45841,1108.0,e1c42c8754523e8fc2be37a3ced746bf0065c71f8ebb7e752040fea9000c0092
raw,Raw_Dataset/D14/Session_4/D14_S4_EmotiBit_MAG.csv,1765059,28819.0,a0d618f0e142ec666940fc1773f08bf53e0f5a610185ffdbb527880b0ea71fcf
raw,Raw_Dataset/D14/Session_4/D14_S4_EmotiBit_PPG_GREEN.csv,1207852,28732.0,7cd1140abcbb64abf81aa8675222dfbc2df080a3983f6ea844686b5c8e69fff3
raw,Raw_Dataset/D14/Session_4/D14_S4_EmotiBit_PPG_IR.csv,1265311,28732.0,d6ac505ee68c7f11e2a09498ed30e5e787fe3007a61e81aefa32313dd2550dc3
raw,Raw_Dataset/D14/Session_4/D14_S4_EmotiBit_PPG_RED.csv,1265311,28732.0,da62544c4cb80c9cda4890798a55b62f411f6cb03fd41290e205d64700674da4
raw,Raw_Dataset/D14/Session_4/D14_S4_EmotiBit_SCR_FREQ.csv,138480,3459.0,392dc7e3d8d78e6d0bbbf9fb74a900265a614e866db6039b51a164bfb64e30d0
raw,Raw_Dataset/D14/Session_4/D14_S4_EmotiBit_TEMP_CONTACT.csv,346311,8649.0,17f7e709e04bf6f832539446b4085fa12f45d50847c7e87973ed8d4497237c6c
raw,Raw_Dataset/D14/Session_4/D14_S4_EmotiBit_TEMP_THERMOPILE.csv,346350,8650.0,4ba3051a057e0d2cfa3f1c8b05bb210ca7be73ad7407c5e2ac842a964b02e907
raw,Raw_Dataset/D14/Session_4/D14_S4_Front_blurred.mp4,163827623,,8ed1a7deafce5083a73a9389b0f1c7c0f5cca1b149a11bd034cf5e97baf570bb
raw,Raw_Dataset/D14/Session_4/D14_S4_Side_blurred.mp4,182928887,,755ab1e7898514f889226bb59d4fdbd5e3757d6da3017c23198f561772b87492
raw,Raw_Dataset/D14/Session_4/D14_S4_VBOX_raw.csv,5362998,28829.0,fdee70eaa91b5e5042316f3c177023b3dc20345e36f95f0f8269cd6f26f826d8
raw,Raw_Dataset/D15/Session_1/D15_S1_EmotiBit_ACC.csv,4215749,72834.0,0f4e0b63f3c0cd87e225aaf7cede5c4efa006343b332eb4bbf61a6b397e1fa5b
raw,Raw_Dataset/D15/Session_1/D15_S1_EmotiBit_EDA.csv,1732288,43715.0,e5ae2f16ab9bbaf9fe8995763e04609f16ae683b56100aa079dc771b81c6083b
raw,Raw_Dataset/D15/Session_1/D15_S1_EmotiBit_EDA_LEVEL.csv,1950338,43715.0,60642f74ecdf4f5d068c80f10f519757afecc34cfb2b0fbead81f914d6f68de9
raw,Raw_Dataset/D15/Session_1/D15_S1_EmotiBit_GYRO.csv,4335306,72834.0,e00c57ad3127d270c5d6968acbc024a74e46c06d731be72aa001267f2cee42ed
raw,Raw_Dataset/D15/Session_1/D15_S1_EmotiBit_HR.csv,85709,2104.0,f07208313f779107bb6adfc96f91cdf6b0d0dfe1c470aa87e26b4128a986fd47
raw,Raw_Dataset/D15/Session_1/D15_S1_EmotiBit_IBI.csv,88664,2104.0,1eec95e8a005923aea0339164442516eae9eea08454edb4b662a8965066010b4
raw,Raw_Dataset/D15/Session_1/D15_S1_EmotiBit_MAG.csv,4466720,72834.0,aa555ec57fa6684567da60357fc9ef7d087da819b8cda07ab5c4d0a2f13aaeb6
raw,Raw_Dataset/D15/Session_1/D15_S1_EmotiBit_PPG_GREEN.csv,3096091,72645.0,682ebe1e4618a5aa8e34c69b0bb1621ed97b20fa256f9d47de4ccd513ca014a2
raw,Raw_Dataset/D15/Session_1/D15_S1_EmotiBit_PPG_IR.csv,3241381,72645.0,3ae19bf97b8a5a46ecff9e9bd0f25c88937047bf9d2670b4d1be78d6f238bd69
raw,Raw_Dataset/D15/Session_1/D15_S1_EmotiBit_PPG_RED.csv,3168853,72645.0,93bd7dbbdae83b6ed02d2be2442eb6b25e9d00b66b30510285eb4cdb9bfbfe9e
raw,Raw_Dataset/D15/Session_1/D15_S1_EmotiBit_SCR_FREQ.csv,346605,8743.0,6e4c966e4244cb3cd70cefccd72bb0b12fa9a1cc24a5ca2c91e9321394d4868a
raw,Raw_Dataset/D15/Session_1/D15_S1_EmotiBit_TEMP_CONTACT.csv,887880,21858.0,ea787aee8ea5319a6c36bc3c043b817d64c8f48726e6d93a9c6ab94da45dc96d
raw,Raw_Dataset/D15/Session_1/D15_S1_EmotiBit_TEMP_THERMOPILE.csv,887839,21857.0,06d1ae1b29c10037a907bd360eb01f776ec8d3211618b06cce4bba755042b843
raw,Raw_Dataset/D15/Session_1/D15_S1_Front_blurred.mp4,385050806,,e3bf9563a113804c80dd0414305a9f9c0e109a4ea341efccd68f37b6a6c326a5
raw,Raw_Dataset/D15/Session_1/D15_S1_Side_blurred.mp4,399881134,,c83de51d6e1dba1e2d0bbf9e3ce1a208422a04fcf8eb873f6a10eea0334abb53
raw,Raw_Dataset/D15/Session_1/D15_S1_VBOX_raw.csv,13416236,72846.0,c74cb818f0354468e92fb0475403f5f24bab1b3b35210aa49f306956437ed473
raw,Raw_Dataset/D15/Session_2/D15_S2_EmotiBit_ACC.csv,1557109,27272.0,ae148cc83155df090ee99b133c6223265727c8bff1cd310ffc0c549708c32249
raw,Raw_Dataset/D15/Session_2/D15_S2_EmotiBit_EDA.csv,654848,16369.0,b14fdf614cb6a5c8ccb8a6274945ff2852742e0cb1c44c553125865e664574b5
raw,Raw_Dataset/D15/Session_2/D15_S2_EmotiBit_EDA_LEVEL.csv,719980,16369.0,866da54058999491dc6b2c21fa73ea8f8e3e763efb5d67f6dbc0e17e5dc8fd0d
raw,Raw_Dataset/D15/Session_2/D15_S2_EmotiBit_GYRO.csv,1602546,27270.0,6350c9369e55da8ee2c538a408cac1041c9af853cd3ff966c0d1870db9c798f4
raw,Raw_Dataset/D15/Session_2/D15_S2_EmotiBit_HR.csv,58552,1460.0,35d715c8a699d63bcc03a9125f7eac377e315e63a29fcdabfa322cddfbbcbb16
raw,Raw_Dataset/D15/Session_2/D15_S2_EmotiBit_IBI.csv,59997,1460.0,c25d1d06c6898d7b9009efa1bc8e15f4fd1b19edd2ee83bac1419ed7b69c7c01
raw,Raw_Dataset/D15/Session_2/D15_S2_EmotiBit_MAG.csv,1640131,27273.0,b429b21517153bc71f518c5ee08b6f37144e15e3003b342c23fb8ae620c7bc08
raw,Raw_Dataset/D15/Session_2/D15_S2_EmotiBit_PPG_GREEN.csv,1141831,27197.0,cff4ffa30bc24657ae285430971dffa76da3d377e9321ecf4d097d3b6b06d715
raw,Raw_Dataset/D15/Session_2/D15_S2_EmotiBit_PPG_IR.csv,1196225,27197.0,a83f3d1bcbaf13fc375cf19c8cfd58bc4f0191e77b7bdacbbd2138ddeb21bf1d
raw,Raw_Dataset/D15/Session_2/D15_S2_EmotiBit_PPG_RED.csv,1169028,27197.0,600eaad784e9d3da35718e101a7a9dd30362d43e81cdbb4e4e15c56aa4f6eb0b
raw,Raw_Dataset/D15/Session_2/D15_S2_EmotiBit_SCR_FREQ.csv,127783,3274.0,ceb1ee902e109beb3514555ee8d7be971005bda5358440281c9dfa4463fb405e
raw,Raw_Dataset/D15/Session_2/D15_S2_EmotiBit_TEMP_CONTACT.csv,327286,8185.0,364dbe7786b4bce3d8dc73ca68c55f0200c95e631824f4d0062ace9e58cbaf04
raw,Raw_Dataset/D15/Session_2/D15_S2_EmotiBit_TEMP_THERMOPILE.csv,327286,8185.0,1c3eb03884534b4acedbee8221e9670e20bf3d4d10c23585d9efdf7fd48cb2ba
raw,Raw_Dataset/D15/Session_2/D15_S2_Front_blurred.mp4,170429173,,ba6a9441b5a90622d6055e435258775b6027510242eab263fe0f1b9e78378e61
raw,Raw_Dataset/D15/Session_2/D15_S2_Side_blurred.mp4,195549567,,63d256e7d5711f1d504f240dfeb6ff5f64b849f774a3079a8e256323c62d780f
raw,Raw_Dataset/D15/Session_2/D15_S2_VBOX_raw.csv,5078663,27280.0,795ff14856afb3518e248a6a539693bc8b21327fa96a0f616985c86a087bbf7b
raw,Raw_Dataset/D15/Session_3/D15_S3_EmotiBit_ACC.csv,3432497,57748.0,b221540e2f71e803d5416afaddf85b1227412bf76966935119d27b62e79c8d84
raw,Raw_Dataset/D15/Session_3/D15_S3_EmotiBit_EDA.csv,1369746,34659.0,73a49e336e1f380e42ea1735d1a44f154578138e564cc8d580095fa9b3bf8883
raw,Raw_Dataset/D15/Session_3/D15_S3_EmotiBit_EDA_LEVEL.csv,1543004,34659.0,0f44faedf5cc9cc786a9d750f360c72c1570e3ab836154f29d200b8714aac12c
raw,Raw_Dataset/D15/Session_3/D15_S3_EmotiBit_GYRO.csv,3424791,57745.0,7147af32737c120b083690e5114ef633040b7099f6feaa8c0c9fc41dd1d9cc88
raw,Raw_Dataset/D15/Session_3/D15_S3_EmotiBit_HR.csv,95374,2335.0,e270850bdfe485df1a309928fba4b7564eed10d9e37da39abee76aa868aefa8a
raw,Raw_Dataset/D15/Session_3/D15_S3_EmotiBit_IBI.csv,97706,2335.0,b0427418d24ceef9124917ee5784dbc0d37dc672d76a466df5d75b927c13dc3b
raw,Raw_Dataset/D15/Session_3/D15_S3_EmotiBit_MAG.csv,3540103,57748.0,1500d2f564d765241a3fe17f40148b4dd51e8a5ddf5be4e5756d05ad32c4198a
raw,Raw_Dataset/D15/Session_3/D15_S3_EmotiBit_PPG_GREEN.csv,2449026,57597.0,20329f227efbe38c0ef2ecb280673c0f91b729847932a33a5469b4ba4a099960
raw,Raw_Dataset/D15/Session_3/D15_S3_EmotiBit_PPG_IR.csv,2564220,57597.0,3a93e636cae166ba6b7e81c58cc9e58f671b3d337557e26b8f5e93fc431ef08f
raw,Raw_Dataset/D15/Session_3/D15_S3_EmotiBit_PPG_RED.csv,2506623,57597.0,544f669d02e9cdd51850ed114aa883c14b2c79dafbeb68a49aae16c9c927d9c6
raw,Raw_Dataset/D15/Session_3/D15_S3_EmotiBit_SCR_FREQ.csv,274122,6932.0,0eb5f5f0a6ed7e5998dee54a7790f2d692920dc544112c54d208b108b5bf2a75
raw,Raw_Dataset/D15/Session_3/D15_S3_EmotiBit_TEMP_CONTACT.csv,702231,17330.0,88d59099dead9492412f7a0b3064ba6acb83ac270213f3f255f7a3b3aa29c6d3
raw,Raw_Dataset/D15/Session_3/D15_S3_EmotiBit_TEMP_THERMOPILE.csv,702231,17330.0,ae7d620781b7abcb47c4b5f35b66842d8d898aaeadf795b4f43ccac336185c6e
raw,Raw_Dataset/D15/Session_3/D15_S3_Front_blurred.mp4,369477693,,4a8fc031d14fceaa6cd423846c9d2f23d7d5bbfa63cfa095906ad530df2858da
raw,Raw_Dataset/D15/Session_3/D15_S3_Side_blurred.mp4,406644266,,5e7912a6bf80d14f19ab418a6ff45abccb253f0a277b01e92909e93743995ae1
raw,Raw_Dataset/D15/Session_3/D15_S3_VBOX_raw.csv,10672846,57760.0,4c2e066351b605fa125ffebd35d9ec5e2922691e4a57727be3915b2389612ff2
raw,Raw_Dataset/D15/Session_4/D15_S4_EmotiBit_ACC.csv,1742884,30485.0,5a13ae2c222046e04851510e36b6e745ed97e0f4d95d97b2084340d3819f3c80
raw,Raw_Dataset/D15/Session_4/D15_S4_EmotiBit_EDA.csv,719867,18297.0,c523c5e3b026d066a0cb1dcfde1d0f63c05e997a191749ba037b6043b61ecfe4
raw,Raw_Dataset/D15/Session_4/D15_S4_EmotiBit_EDA_LEVEL.csv,806740,18297.0,c12cef9d0f370fdd19be49366be77d3f40238731bf7e1dec290254996710214a
raw,Raw_Dataset/D15/Session_4/D15_S4_EmotiBit_GYRO.csv,1794989,30481.0,9e536836b9bc7068b210a77f499cfed74689ffc66be8e816ab9a6a46fa6614a1
raw,Raw_Dataset/D15/Session_4/D15_S4_EmotiBit_HR.csv,60348,1499.0,de25568eec13fe82cf722a8cff0eef0b6265133213bb04fb013ca3e4cca84cfe
raw,Raw_Dataset/D15/Session_4/D15_S4_EmotiBit_IBI.csv,61837,1499.0,a9e225d8cbfb603f6d3ff23988568d0d0029aec4bad4eb7604300277c75c274b
raw,Raw_Dataset/D15/Session_4/D15_S4_EmotiBit_MAG.csv,1838051,30485.0,a78e248058e287de951d7841c33116528846c5781db7d08fe04bbb26ead2c05b
raw,Raw_Dataset/D15/Session_4/D15_S4_EmotiBit_PPG_GREEN.csv,1279518,30399.0,a8e0009147edc0d43ca7be3f3835af1f9971f2629ca37d677ace645ba9a3d6d9
raw,Raw_Dataset/D15/Session_4/D15_S4_EmotiBit_PPG_IR.csv,1340316,30399.0,091366a15e13cef329e65875811211b6ea8f9ae7c7d5977a03b6c79a73a6bd8d
raw,Raw_Dataset/D15/Session_4/D15_S4_EmotiBit_PPG_RED.csv,1309917,30399.0,ff284887ccbb07bb59c34ba9e8e7f5deafb49304c60aa0d34f3f0af695285cf2
raw,Raw_Dataset/D15/Session_4/D15_S4_EmotiBit_SCR_FREQ.csv,143057,3659.0,7c1be9008ab3ac66f31290cb2d54bdf4d0f42138224e68cf7c2f8b5289b65ef2
raw,Raw_Dataset/D15/Session_4/D15_S4_EmotiBit_TEMP_CONTACT.csv,366770,9148.0,91d12cc3340b9b5a1badd6aabddf10e0c0f331a59d38f4e88b46498a6782ce24
raw,Raw_Dataset/D15/Session_4/D15_S4_EmotiBit_TEMP_THERMOPILE.csv,366809,9149.0,40808f91e558cad7cbc60f17377d14a43062ddd1e09c4c77d12d7b53421dc853
raw,Raw_Dataset/D15/Session_4/D15_S4_Front_blurred.mp4,184020622,,52c54f9abf34498636f67c43d144c23908e6da70593ac2dcfe04f775f005d9bc
raw,Raw_Dataset/D15/Session_4/D15_S4_Side_blurred.mp4,204152567,,17e42a657c8b93869b6c57dfd67c92ced5bd55083a304193c6953c813d218f32
raw,Raw_Dataset/D15/Session_4/D15_S4_VBOX_raw.csv,5655625,30491.0,fd49ebc5d5cc12ebbccfeecf1b0734bae09250fa9fa5eb146367021684ce7d89
raw,Raw_Dataset/D16/Session_1/D16_S1_EmotiBit_ACC.csv,2849706,48769.0,14e1fdb45eba446e1747de5c0f91831ccb449c49be5da087045d52e80fa20e48
raw,Raw_Dataset/D16/Session_1/D16_S1_EmotiBit_EDA.csv,1154139,29269.0,dc4ba32f3eb57803986d1ee51d3171bc17c7602ece70ca2255a18f19f49508f7
raw,Raw_Dataset/D16/Session_1/D16_S1_EmotiBit_EDA_LEVEL.csv,1300471,29269.0,4b98c683ccc55b4308e9606a5af871c02c805f31bd87ab0e899eba9afd300381
raw,Raw_Dataset/D16/Session_1/D16_S1_EmotiBit_GYRO.csv,2917697,48768.0,01fcfb26b255966615efdd6ca8cc134912aac17b541e446420b4f91f8456f743
raw,Raw_Dataset/D16/Session_1/D16_S1_EmotiBit_HR.csv,68487,1688.0,d47a7cd7883463ff3647702f4fbd9063c33c28dd3271b9b46c828bf218117495
raw,Raw_Dataset/D16/Session_1/D16_S1_EmotiBit_IBI.csv,70773,1688.0,cddf77897040d4f4526436cdb2147a09381482ebe9839b1f4e24d889b7250fbd
raw,Raw_Dataset/D16/Session_1/D16_S1_EmotiBit_MAG.csv,2962394,48769.0,2fbc60d65a326544d82b3af431e63042cb4974456816c1119d6dfbe4cf56af5d
raw,Raw_Dataset/D16/Session_1/D16_S1_EmotiBit_PPG_GREEN.csv,2064179,48647.0,d4d8836f3bc010545d5139d3726d824ad6bc82ed5219fa54496cad822213607f
raw,Raw_Dataset/D16/Session_1/D16_S1_EmotiBit_PPG_IR.csv,2161467,48647.0,680c4b9188460a1ab6d52db52bda89189830b47a51981df2f588fe87706f8e1b
raw,Raw_Dataset/D16/Session_1/D16_S1_EmotiBit_PPG_RED.csv,2128155,48647.0,45dec3dd5edc97783683aa7898e848cff5f56902f63ce6d4babe2ea0f4e8a468
raw,Raw_Dataset/D16/Session_1/D16_S1_EmotiBit_SCR_FREQ.csv,231832,5854.0,62a535ad49e9db77bf19b5673fe7827bc4d056dbd97dce6c0df25d7b896b501c
raw,Raw_Dataset/D16/Session_1/D16_S1_EmotiBit_TEMP_CONTACT.csv,591736,14635.0,d5e38056c8b84f3ff2787e39b84d5967a7efec3afad6695fb15dffab1cdeba3a
raw,Raw_Dataset/D16/Session_1/D16_S1_EmotiBit_TEMP_THERMOPILE.csv,591736,14635.0,bd08d0eea4c8c55e389ae766f09a1638397caf908677d144541214de4cd7d507
raw,Raw_Dataset/D16/Session_1/D16_S1_Front_blurred.mp4,278150839,,a85f620774004822fac5664e1aeffcdb089acaded8cf854a19c5d562ce8c98d7
raw,Raw_Dataset/D16/Session_1/D16_S1_VBOX_raw.csv,9045892,48776.0,9840df42719178242fbdc1ca1c3c8a85bb5cbd146b7bf3b8d505acfd80c782df
raw,Raw_Dataset/D16/Session_2/D16_S2_EmotiBit_ACC.csv,1369462,23455.0,0bc6300811c16ee3e4f7c0d95686bbda5c3a789f257ee780afa7d23b8322979b
raw,Raw_Dataset/D16/Session_2/D16_S2_EmotiBit_EDA.csv,547341,14076.0,20e8f14a6a979417448c348a5d66db55cf8300ddb6c3f5853df70d0c791ffc02
raw,Raw_Dataset/D16/Session_2/D16_S2_EmotiBit_EDA_LEVEL.csv,596534,14076.0,bd9ac30f6fc1dfebb519a5de224077109fb0f0e7680ebc1d526d5c704a811876
raw,Raw_Dataset/D16/Session_2/D16_S2_EmotiBit_GYRO.csv,1385608,23453.0,5a1a90ba2ee08264c1b15ebe9efcc7e3fe6db84ad1d0b0bb0d55d546caf23765
raw,Raw_Dataset/D16/Session_2/D16_S2_EmotiBit_HR.csv,37564,934.0,05eec100b5e256f6fe9f3bc910a8cea9fed0eff00f4dcf47b74423c264664516
raw,Raw_Dataset/D16/Session_2/D16_S2_EmotiBit_IBI.csv,38578,934.0,fcba77c198ee7969a822d29c21198e941c54af1893dafbfde9995542fb1e36d8
raw,Raw_Dataset/D16/Session_2/D16_S2_EmotiBit_MAG.csv,1424188,23454.0,c8fd6818e92885bc3ae1acedb9ce8576c49aae949afc77d8d3b6357b061e66b0
raw,Raw_Dataset/D16/Session_2/D16_S2_EmotiBit_PPG_GREEN.csv,980002,23398.0,202d0e725a6ef6612e332cc54aad953b6dd87fce1b4042723a5c2cc908d578ed
raw,Raw_Dataset/D16/Session_2/D16_S2_EmotiBit_PPG_IR.csv,1026798,23398.0,2bd07d783dee1cd67836ca9f7dcbcc3a47af59f1281f8b1cb18d33ecd8b0d854
raw,Raw_Dataset/D16/Session_2/D16_S2_EmotiBit_PPG_RED.csv,1026798,23398.0,ab30c537b384163f20420d253b5a1390e0c94f78070aa483917debac4a3f77d0
raw,Raw_Dataset/D16/Session_2/D16_S2_EmotiBit_SCR_FREQ.csv,113222,2815.0,9fb908d4b3c0d77447cd4fd7321a91d5460526e9d0b8bb84f6a116d4684f34fc
raw,Raw_Dataset/D16/Session_2/D16_S2_EmotiBit_TEMP_CONTACT.csv,280722,7038.0,8052be20c79ffd30cf22bf24d58598c01304434f3065e0435bd3e5f51a706771
raw,Raw_Dataset/D16/Session_2/D16_S2_EmotiBit_TEMP_THERMOPILE.csv,280761,7039.0,d80c5a97310cf5c495315ca25493147bc7806bfcf7c9af1a1a1685a3e61d8920
raw,Raw_Dataset/D16/Session_2/D16_S2_Front_blurred.mp4,134614955,,cb3519bdd3ed92f399093f316eb5e53c5b692e713deef94a0b55f28a262185c2
raw,Raw_Dataset/D16/Session_2/D16_S2_Side_blurred.mp4,154662907,,1fc2da33838c532c17eee19312565e53b25cce0ea604789bd98a0f725db0949b
raw,Raw_Dataset/D16/Session_2/D16_S2_VBOX_raw.csv,4362987,23459.0,79d5a9c7c3ee3e2c2c4f3358b6c7dc720029b9553edf83ed5345e00a781ca754
raw,Raw_Dataset/D16/Session_3/D16_S3_EmotiBit_ACC.csv,3653247,61923.0,503de302ab50268b5bce22442e28399645d2b2b415d78801ab7b9103b1cb7da1
raw,Raw_Dataset/D16/Session_3/D16_S3_EmotiBit_EDA.csv,1469974,37165.0,7dd89a440e0af48be436f963b1b35a46d506adef903a1a9a52435f60b4a190bc
raw,Raw_Dataset/D16/Session_3/D16_S3_EmotiBit_EDA_LEVEL.csv,1624180,37165.0,b825ba4c1f124c0b15293a29df6cc95c36c4644a823a3f4301da1b982d0bbb44
raw,Raw_Dataset/D16/Session_3/D16_S3_EmotiBit_GYRO.csv,3709644,61925.0,7ebf35dfaaaf031e0c0fdc5b45ffcb783d3d5c1033248710852e2ef8a998c3ed
raw,Raw_Dataset/D16/Session_3/D16_S3_EmotiBit_HR.csv,77383,1902.0,55d75865fb98998383a1c001c5f0ee19c3da617ebdb5396111046437eaf53a51
raw,Raw_Dataset/D16/Session_3/D16_S3_EmotiBit_IBI.csv,80140,1902.0,f62f8be861c56936178562fd4e20bb1d6508e98ce237167af142fc4fe4e57c18
raw,Raw_Dataset/D16/Session_3/D16_S3_EmotiBit_MAG.csv,3807488,61927.0,5d42c3bbd249e7896e6ea057836990686e80218dcf8a9f9f5a2d330c7282b331
raw,Raw_Dataset/D16/Session_3/D16_S3_EmotiBit_PPG_GREEN.csv,2628805,61778.0,44f01fa9d8557b8e80e6d62d51c4d98a8bbe7c3c411c96e98c64e108a50d3cec
raw,Raw_Dataset/D16/Session_3/D16_S3_EmotiBit_PPG_IR.csv,2752361,61778.0,485bc848f169acca9b334eb42f94c595f680684b8dd72923c4dad91e0bf66892
raw,Raw_Dataset/D16/Session_3/D16_S3_EmotiBit_PPG_RED.csv,2751887,61778.0,59d4ade1e293eda4d007b11a83e2c9e3e47326ebb94782c902a96cbdf7c2c8a0
raw,Raw_Dataset/D16/Session_3/D16_S3_EmotiBit_SCR_FREQ.csv,300458,7433.0,d04074b45bbba6d712a2485ea8f8a9662b7bd1ffae6379e7cc638c3e79a56b13
raw,Raw_Dataset/D16/Session_3/D16_S3_EmotiBit_TEMP_CONTACT.csv,753604,18583.0,952e29b1f3dbd9577490b4ace60d8468f16c86774774d320adae8197e3600794
raw,Raw_Dataset/D16/Session_3/D16_S3_EmotiBit_TEMP_THERMOPILE.csv,753526,18581.0,094dad609d223088305534e4034f821efa745bba89687c2a5b6e72ca16e8cd57
raw,Raw_Dataset/D16/Session_3/D16_S3_Front_blurred.mp4,314228499,,c3c048c49e953b7676acc8b592f39e43c7dcbac22210d6dc7a852e20585299e4
raw,Raw_Dataset/D16/Session_3/D16_S3_Side_blurred.mp4,298856214,,ecfb13391a00f26b86f0355e4d2f5c757cb0e4a1997e5fee4ab7c63120e50f92
raw,Raw_Dataset/D16/Session_3/D16_S3_VBOX_raw.csv,10975194,61933.0,a974cafb98fe5ebfab4067f03f1a31ba663e25af4054387276a68ed1722d148d
raw,Raw_Dataset/D16/Session_4/D16_S4_EmotiBit_ACC.csv,1514290,26003.0,c373d767d4d3975d9f7a4968bd2d968c11b90aaf6cef56a9b4513206e7bd4942
raw,Raw_Dataset/D16/Session_4/D16_S4_EmotiBit_EDA.csv,607615,15606.0,95acbdc2ef4c165af6931b54656d51c5de3b7174b00136b4154b3f008b1aab3c
raw,Raw_Dataset/D16/Session_4/D16_S4_EmotiBit_EDA_LEVEL.csv,685645,15606.0,9f924cdcc0664f0b5df0e84bf715834b4831b413a30d867c081a43341aebda93
raw,Raw_Dataset/D16/Session_4/D16_S4_EmotiBit_GYRO.csv,1540293,26004.0,4d894b1add23f736f34c9fc792abcfafe3d6c4aeb706cd978807052d6c13ed25
raw,Raw_Dataset/D16/Session_4/D16_S4_EmotiBit_HR.csv,37994,946.0,c729050eabfb43403ed4371cd31f11c3cf3886034eae81fdf929df749149515b
raw,Raw_Dataset/D16/Session_4/D16_S4_EmotiBit_IBI.csv,39141,946.0,cd67bc0c4aa1b340926c06269386a4a375cab41418244774d29ea7e3b717bbd9
raw,Raw_Dataset/D16/Session_4/D16_S4_EmotiBit_MAG.csv,1580949,26003.0,d6ef25c5670d4e51def127f59285c7f83aa20f99db4d5678160a694080c62006
raw,Raw_Dataset/D16/Session_4/D16_S4_EmotiBit_PPG_GREEN.csv,1087643,25937.0,70e60c29cee2bdb2e73aa69851b5311dee74c6969bb3e2f4d135944389a7305f
raw,Raw_Dataset/D16/Session_4/D16_S4_EmotiBit_PPG_IR.csv,1139517,25937.0,7ad17fd7eada48725ae12d629561d60aa7e10d691443d14d94bc484932dde12d
raw,Raw_Dataset/D16/Session_4/D16_S4_EmotiBit_PPG_RED.csv,1139517,25937.0,1981cb840e4e2fc549c5a34cb3d1c6d1f9728cba1c2febb095a4bb2d88becf07
raw,Raw_Dataset/D16/Session_4/D16_S4_EmotiBit_SCR_FREQ.csv,122991,3121.0,715aeb35c86a25273fb9b86c213fc1b4caaae166d101277647bb4b25ddf7f504
raw,Raw_Dataset/D16/Session_4/D16_S4_EmotiBit_TEMP_CONTACT.csv,311623,7803.0,b7f990a0ca659ddda9716c939743135232e4e6a7c073ea6392ef3ea74631461e
raw,Raw_Dataset/D16/Session_4/D16_S4_EmotiBit_TEMP_THERMOPILE.csv,311624,7803.0,2a966ca2f7f256902969655d9a7b2003c0ee71783ef02f34a02bd95c64a896ef
raw,Raw_Dataset/D16/Session_4/D16_S4_Front_blurred.mp4,139477716,,5b271c8f8c940521aa86ee7042d96afc42fc5036a4bae2392ed12ebb70acb09c
raw,Raw_Dataset/D16/Session_4/D16_S4_Side_blurred.mp4,164782128,,c5842a6bfb3ede4aaf1906d1c0b42b7dfa3587904ca9ff15bcf12832838e15de
raw,Raw_Dataset/D16/Session_4/D16_S4_VBOX_raw.csv,4834576,26005.0,fabcc79e414bfc63352d4a9ee8986da5e0d6b16e8ed92470a15cc78a3cf9ee59
raw,Raw_Dataset/D17/Session_1/D17_S1_EmotiBit_ACC.csv,2470770,42412.0,edb09a899bf6ee7d21c4fa1e8214296f9c4751f699d7cca5e95068a72fae498f
raw,Raw_Dataset/D17/Session_1/D17_S1_EmotiBit_EDA.csv,1001618,25456.0,7a6be1cae35728211f979470710e13b54bcb025999ef20fe444e2693e6c94f95
raw,Raw_Dataset/D17/Session_1/D17_S1_EmotiBit_EDA_LEVEL.csv,1128898,25456.0,e0e0b8bacfa370e078eca6b1a48a2b0e48d7f413a06e0c593bb31882c3b4c9cd
raw,Raw_Dataset/D17/Session_1/D17_S1_EmotiBit_GYRO.csv,2523465,42405.0,0e78b0a4d023b2763b484d40d1297aa31927f4b733bf6a6b6f28c88414bfb4eb
raw,Raw_Dataset/D17/Session_1/D17_S1_EmotiBit_HR.csv,67181,1657.0,ff2a6d30d07f0db0b6ae6c04a2cecda99c5d01034a612be4d8e108adc6f6ea42
raw,Raw_Dataset/D17/Session_1/D17_S1_EmotiBit_IBI.csv,69174,1657.0,65c292e557069c0397275569f0442a3140fc9b338da6afd656d2acb4611121bc
raw,Raw_Dataset/D17/Session_1/D17_S1_EmotiBit_MAG.csv,2593603,42410.0,f5daac5a75bc71adacfaddba7c94613aa07c171d3712f5386f91b97ea9e21dd0
raw,Raw_Dataset/D17/Session_1/D17_S1_EmotiBit_PPG_GREEN.csv,1790791,42289.0,99f16fa8b66207052b122e3679482d7c88069703b1aff11d33ce34bfc9117131
raw,Raw_Dataset/D17/Session_1/D17_S1_EmotiBit_PPG_IR.csv,1875369,42289.0,120b4967d71076ee239fd836f50d23f2a9a32adb0e3672363a3c2872805d4a46
raw,Raw_Dataset/D17/Session_1/D17_S1_EmotiBit_PPG_RED.csv,1875369,42289.0,d20d34f35b8c7cc0dba3ac05fbc33fd75c54e0417152d919b818687d93f6f61f
raw,Raw_Dataset/D17/Session_1/D17_S1_EmotiBit_SCR_FREQ.csv,200475,5092.0,afc7962b4512b049ce9706c36cb94ed4139952dea72e7d3345bf8545185c842b
raw,Raw_Dataset/D17/Session_1/D17_S1_EmotiBit_TEMP_CONTACT.csv,513590,12729.0,c8c51f88b6b90b56d5b673df71f1b6f27876713b43e25d6afbc7e801b1c00e8e
raw,Raw_Dataset/D17/Session_1/D17_S1_EmotiBit_TEMP_THERMOPILE.csv,513509,12727.0,47ccf48b860b428036749d90e46c8aaafd88700ae3fc87b851eda252cb00ea75
raw,Raw_Dataset/D17/Session_1/D17_S1_Front_blurred.mp4,218890007,,c4a84743c76c5293e5ec73897465cf4e2a6e9f9ce236ed2938bfdac3fb84e915
raw,Raw_Dataset/D17/Session_1/D17_S1_Side_blurred.mp4,229549880,,f58bfc7341c86266c2c51bd43687e411137fd98368cf6c5144cf58de0a39d433
raw,Raw_Dataset/D17/Session_1/D17_S1_VBOX_raw.csv,7844217,42417.0,8fcdcf69c49784097fd15025d096c5276035a31f668fc500881745cb3bdd22e5
raw,Raw_Dataset/D17/Session_2/D17_S2_EmotiBit_ACC.csv,942187,16359.0,c32069417acebf261363ce312568033cc1097a95707cb22f090ebd0132fb4ea0
raw,Raw_Dataset/D17/Session_2/D17_S2_EmotiBit_EDA.csv,381318,9819.0,4fdf6168a673d3efe357110c116beb69246357535841bbd5ea88276fde301b8b
raw,Raw_Dataset/D17/Session_2/D17_S2_EmotiBit_EDA_LEVEL.csv,424309,9819.0,ed119048447781a2fc23575865c2bd904f7611a551017fec71d003265a4c0b5e
raw,Raw_Dataset/D17/Session_2/D17_S2_EmotiBit_GYRO.csv,962581,16356.0,e8be2a1c61c4436869892da170be2e34c637577a70bc1b44f5a57a9776668c4d
raw,Raw_Dataset/D17/Session_2/D17_S2_EmotiBit_HR.csv,25204,630.0,2afce513bb81690278172961c3fe2bc5fdfa2bf3ee21c1ae591669597e7e1a31
raw,Raw_Dataset/D17/Session_2/D17_S2_EmotiBit_IBI.csv,25994,630.0,9afd24272b85497a0c70c8fc1f527c72fe683e1d0cc6538a8050eed12517a803
raw,Raw_Dataset/D17/Session_2/D17_S2_EmotiBit_MAG.csv,994386,16358.0,06aebbd90bf6b5b50837e71196aacee321658a658da94d38345b9b9e3e3a80b2
raw,Raw_Dataset/D17/Session_2/D17_S2_EmotiBit_PPG_GREEN.csv,682430,16313.0,b32df4ad86f9f11801eb5a1f7d390d1c0cf20ec44f391bfed24dd0ee3b278cc6
raw,Raw_Dataset/D17/Session_2/D17_S2_EmotiBit_PPG_IR.csv,715056,16313.0,995cb3cbde177af0f6dd945875b6a7eb3a3e82ae37f8c30352477b46153e36d8
raw,Raw_Dataset/D17/Session_2/D17_S2_EmotiBit_PPG_RED.csv,715056,16313.0,e52f17a551c9df8d45cd2e75ef87a86d173a3e98587ab5bea89ececf30302535
raw,Raw_Dataset/D17/Session_2/D17_S2_EmotiBit_SCR_FREQ.csv,77810,1964.0,01b238d178fb4a3aeebc79de87c1dfe1c2ebc8a2167770320204f407a2dc289c
raw,Raw_Dataset/D17/Session_2/D17_S2_EmotiBit_TEMP_CONTACT.csv,195562,4909.0,142605140a38f0a2bf9c478658d7f05f6206a15d6b653d286990671bfd75abf2
raw,Raw_Dataset/D17/Session_2/D17_S2_EmotiBit_TEMP_THERMOPILE.csv,195562,4909.0,f1e6da223c4edc315dca81abaa1cee4981d2656f620bc1ed30292d4fa1b29426
raw,Raw_Dataset/D17/Session_2/D17_S2_Front_blurred.mp4,92113197,,50afd4e7fda35d78474c509783d398340ed17bf48ca43ab77506cf3fc542034e
raw,Raw_Dataset/D17/Session_2/D17_S2_Side_blurred.mp4,94194237,,9cd07220756aef7f4e192d16f2d96ebb0b82d72018dc4fbde6cee45f0f5821b2
raw,Raw_Dataset/D17/Session_2/D17_S2_VBOX_raw.csv,3013885,16179.0,a8f4268c209f82bfd938b65aaa273ab8f7d1d034abce48011d2cf597416c3a1f
raw,Raw_Dataset/D17/Session_3/D17_S3_EmotiBit_ACC.csv,4062558,69263.0,b5d471f28bcec5a6ab5fae98ec69c739bf1d38421b82d9791b3bd5a10d1191a8
raw,Raw_Dataset/D17/Session_3/D17_S3_EmotiBit_EDA.csv,1646562,41576.0,e532c152c20420e18b9da94e0bd4ff7ba8dfbcfbbd8f75fee0c3e2315940a75e
raw,Raw_Dataset/D17/Session_3/D17_S3_EmotiBit_EDA_LEVEL.csv,1854297,41576.0,68a04b5d6a38a72bbf424cf5de0cb9c143ea069713c1376cc5ad4889d0f14984
raw,Raw_Dataset/D17/Session_3/D17_S3_EmotiBit_GYRO.csv,4153481,69269.0,6961ea1804ac33f8ab285e1bff34cb4153f13cba6fe75065bf4a3a460150242e
raw,Raw_Dataset/D17/Session_3/D17_S3_EmotiBit_HR.csv,111564,2742.0,9cc56b4fe006eb3709cbb2fde0d9d722fe944d6024107a399a6ce162bc832748
raw,Raw_Dataset/D17/Session_3/D17_S3_EmotiBit_IBI.csv,114866,2742.0,a413e1288afa015584fd603c3e8422583593f058ef37d62352a8141692e41f0a
raw,Raw_Dataset/D17/Session_3/D17_S3_EmotiBit_MAG.csv,4267133,69265.0,0fe3e5d6b131ce70d4039299c57ac6c5e717303f14730e2f333c2693d56b6343
raw,Raw_Dataset/D17/Session_3/D17_S3_EmotiBit_PPG_GREEN.csv,2942716,69078.0,7a5d146988f887c49e6e6ce033fec2cbe16e7f0b985a89af7a72d4333a2b244a
raw,Raw_Dataset/D17/Session_3/D17_S3_EmotiBit_PPG_IR.csv,3080872,69078.0,07472a3c25c004ad8f32f433bd38a47a9390a087a8b5999bb1137443e75a54e9
raw,Raw_Dataset/D17/Session_3/D17_S3_EmotiBit_PPG_RED.csv,3080872,69078.0,cd8e2abafe4d3690122908a22d856f9884c6c38bbdf431a76fc109388532d281
raw,Raw_Dataset/D17/Session_3/D17_S3_EmotiBit_SCR_FREQ.csv,329750,8315.0,7aa6b24028d3f38239c8924d2ef3c60b06dad9ca0bc06641257fcc6f8f9f95d6
raw,Raw_Dataset/D17/Session_3/D17_S3_EmotiBit_TEMP_CONTACT.csv,844050,20789.0,a78906974f0b2268da534194e5958eecb02eee00d678b2c52c9b13de17ffcc5b
raw,Raw_Dataset/D17/Session_3/D17_S3_EmotiBit_TEMP_THERMOPILE.csv,844009,20788.0,8fded69a4ac331d52045082ea20818c57dcb070dc46555664417dae263c70a01
raw,Raw_Dataset/D17/Session_3/D17_S3_Front_blurred.mp4,319644391,,126af1b9418d7f4f31487cf28d89a62989468d21df7d98ca33f68d34fb610b25
raw,Raw_Dataset/D17/Session_3/D17_S3_Side_blurred.mp4,342509523,,0c031593be27aa96e56f2d78ec4e88a56d3512481db87c52dc172549149d52d3
raw,Raw_Dataset/D17/Session_3/D17_S3_VBOX_raw.csv,12711983,69283.0,428348dc25dde3df460636bc95d521f4997d7d7da6796777aa966a8104cd357e
raw,Raw_Dataset/D17/Session_4/D17_S4_EmotiBit_ACC.csv,1796218,30788.0,cdbe2ed26e379800bb868ada36b0a81092ed51c737917f5cd84af218c27f5d39
raw,Raw_Dataset/D17/Session_4/D17_S4_EmotiBit_EDA.csv,722615,18481.0,b8e4cf62c0f82289f52e536c322f8bdaefa39dd16f17a87efd08b686a3978cf5
raw,Raw_Dataset/D17/Session_4/D17_S4_EmotiBit_EDA_LEVEL.csv,815020,18481.0,5fdd12334f0ac48304631057ca459f10bbe92a7e1b422f9719027701820129ca
raw,Raw_Dataset/D17/Session_4/D17_S4_EmotiBit_GYRO.csv,1823277,30786.0,9c0536a90dc5a7804c85117e9856bd56bd391bd10fb82046f912fb9582044d05
raw,Raw_Dataset/D17/Session_4/D17_S4_EmotiBit_HR.csv,54254,1347.0,5469701a67a99d315d7f64938efbf7fe17c06a1c776c0e647a34fabb8532c4ab
raw,Raw_Dataset/D17/Session_4/D17_S4_EmotiBit_IBI.csv,55707,1347.0,0e446c553b837127ea53a4238f87d8f1544a4db34c11f13c3ef96a843029db70
raw,Raw_Dataset/D17/Session_4/D17_S4_EmotiBit_MAG.csv,1878702,30787.0,90f2bbf1b23c370d562dc46dfb59d908873111ea49800837e67df4769e93e48e
raw,Raw_Dataset/D17/Session_4/D17_S4_EmotiBit_PPG_GREEN.csv,1292463,30700.0,deff0996ad4b22df90aca92a8a2c11398ad4f4df30da0e7d5b39a9dc8265ed25
raw,Raw_Dataset/D17/Session_4/D17_S4_EmotiBit_PPG_IR.csv,1353863,30700.0,81dd427fc32aa58116319308c8fe1c58e7e70580e6f80763c093f97c547340a7
raw,Raw_Dataset/D17/Session_4/D17_S4_EmotiBit_PPG_RED.csv,1353863,30700.0,123d91abdbace1e6526300ec0cca5c1942720653aad5fe642f08573fc0ef9aca
raw,Raw_Dataset/D17/Session_4/D17_S4_EmotiBit_SCR_FREQ.csv,145039,3696.0,c8debf3e25d94540912bd8dadf44051c36c2fc02d04a0cd052c294c2cdd52f0e
raw,Raw_Dataset/D17/Session_4/D17_S4_EmotiBit_TEMP_CONTACT.csv,370541,9240.0,ccae56b44214069733fa412c7d0ce91a3cfeb221318e516de49a62073699180f
raw,Raw_Dataset/D17/Session_4/D17_S4_EmotiBit_TEMP_THERMOPILE.csv,370541,9240.0,267fa80632c0fe9b95db896d2ea34e8afb2cb11047d59d08cdc5b4602d82ac50
raw,Raw_Dataset/D17/Session_4/D17_S4_Front_blurred.mp4,168532623,,382934fd651a2a5efdc3daf80ac57a46f70d1a6cbeff887eee4e726f88fc4097
raw,Raw_Dataset/D17/Session_4/D17_S4_Side_blurred.mp4,189443836,,daed95d6d236b8573841687aee2a79a766bda7ecfc8609b1d3991aebe04808ef
raw,Raw_Dataset/D17/Session_4/D17_S4_VBOX_raw.csv,5506985,30796.0,080827a9704bab0594ea43cf6928d0eb68b7b4bbbe3cc4c4a85702764a7ac6f0
raw,Raw_Dataset/D18/Session_1/D18_S1_EmotiBit_ACC.csv,2859098,48948.0,0af5ada6430a3cab0c495a891cd34393908487889b5b69cffb79ca5e59fdb9e8
raw,Raw_Dataset/D18/Session_1/D18_S1_EmotiBit_EDA.csv,1158538,29379.0,1351cf23c86c044e57345f6051ec82808856ac0d0e6b170146ba90e45a26da6b
raw,Raw_Dataset/D18/Session_1/D18_S1_EmotiBit_EDA_LEVEL.csv,1305426,29379.0,ca3d573b90b30a0e04658bdee390fb57b2764a65ce097f8759af2c05a6ff6df3
raw,Raw_Dataset/D18/Session_1/D18_S1_EmotiBit_GYRO.csv,2919282,48948.0,698249aaf820a24f3876ee679a18458b95f8a01c69e6e3cf62003e0da08717a7
raw,Raw_Dataset/D18/Session_1/D18_S1_EmotiBit_HR.csv,63891,1572.0,b9547c065c576e4965c26057c0eacf68126c014d2440a4c0b3f39094d9ddfe37
raw,Raw_Dataset/D18/Session_1/D18_S1_EmotiBit_IBI.csv,65974,1572.0,c1db502a18788854105c91374d27d45748b7557d5059bbfc4c8cf5443fcc969e
raw,Raw_Dataset/D18/Session_1/D18_S1_EmotiBit_MAG.csv,2948142,48951.0,3a69a24ba103c20f23dbe2b12f3e4b87c44236cd6410030f96c2c9e63505f6dd
raw,Raw_Dataset/D18/Session_1/D18_S1_EmotiBit_PPG_GREEN.csv,2071996,48829.0,b80ae39612b55d2efc315a1d33cab3fd747faf7c4eb4fa0abc8101786b1afb32
raw,Raw_Dataset/D18/Session_1/D18_S1_EmotiBit_PPG_IR.csv,2169654,48829.0,a519a074221f11c949f7924adcb9e48d4cc5dad47447fa2596ca6dee50abee6b
raw,Raw_Dataset/D18/Session_1/D18_S1_EmotiBit_PPG_RED.csv,2169654,48829.0,4d141a1044ba65bae513a44c96b890adff5edcb69c4f0949c1a4011312a5125c
raw,Raw_Dataset/D18/Session_1/D18_S1_EmotiBit_SCR_FREQ.csv,232758,5875.0,592960a93ff536474ec020945a047a03795624928df8980773ca54a5889af0af
raw,Raw_Dataset/D18/Session_1/D18_S1_EmotiBit_TEMP_CONTACT.csv,593950,14689.0,100d605c09f7122a5f5d4bab94d672d739d06e40592bd912cf7219f49431e2fb
raw,Raw_Dataset/D18/Session_1/D18_S1_EmotiBit_TEMP_THERMOPILE.csv,593950,14689.0,b80d1e003346832b59d451161ee76c4c93c3257535f6b4dce8dcd582b751cf16
raw,Raw_Dataset/D18/Session_1/D18_S1_Front_blurred.mp4,249818494,,c5ed346886502adbd3ca201f1031dad79803c80024c91c05125530cbc1ebf0f3
raw,Raw_Dataset/D18/Session_1/D18_S1_Side_blurred.mp4,284857353,,fee376813f29994e0243550410621fa864482c4071cfb9383ed807f3867a06a1
raw,Raw_Dataset/D18/Session_1/D18_S1_VBOX_raw.csv,9034242,48927.0,424a19b0d1d63d727c106bd6c595246fc8b0409408cb9c727fc4eca37ae41f87
raw,Raw_Dataset/D18/Session_2/D18_S2_EmotiBit_ACC.csv,1648093,28397.0,2c86fa843d1a6369ba0f08f86060d180c2addae880d1a785cbd690f6cecdd5c3
raw,Raw_Dataset/D18/Session_2/D18_S2_EmotiBit_EDA.csv,665096,17043.0,3d8faedd84eaa54a4174dbda75677e545ad0b64dc1229883dbff2b85b89ff3b1
raw,Raw_Dataset/D18/Session_2/D18_S2_EmotiBit_EDA_LEVEL.csv,750311,17043.0,67551d63fcef00ef690c88274f4da393d39f5bde3516eb654d44f8ecfdfa5175
raw,Raw_Dataset/D18/Session_2/D18_S2_EmotiBit_GYRO.csv,1685485,28397.0,347dee28fcff05aa9b005aeddf8bc147c0956d6e7057713dbc4e25ccb62a35ad
raw,Raw_Dataset/D18/Session_2/D18_S2_EmotiBit_HR.csv,42241,1048.0,838bf0a57f61c1b82209f8d88707727900746ad4156f07ba552738bb958fc58a
raw,Raw_Dataset/D18/Session_2/D18_S2_EmotiBit_IBI.csv,43423,1048.0,9fff278ec21abbe50824645c9197425ae08c71fee4861323cc2a54fc5a2a876f
raw,Raw_Dataset/D18/Session_2/D18_S2_EmotiBit_MAG.csv,1710171,28396.0,786a5a4c737371e84f4766dc4d56b904cad97459f967d2d44ba724f5571b70df
raw,Raw_Dataset/D18/Session_2/D18_S2_EmotiBit_PPG_GREEN.csv,1189993,28317.0,f7cde36e50d465f7185268370ec3a94d7bfb3bba75f34c37c986edad875cce71
raw,Raw_Dataset/D18/Session_2/D18_S2_EmotiBit_PPG_IR.csv,1246627,28317.0,fa873a856d411b48d7a57a37d6f804f849bc5590de5ce34e290fc162aa3de556
raw,Raw_Dataset/D18/Session_2/D18_S2_EmotiBit_PPG_RED.csv,1246568,28317.0,184662c0278e219ee2ee614be1ebb4312fad778c477f1a6421735864395d6a14
raw,Raw_Dataset/D18/Session_2/D18_S2_EmotiBit_SCR_FREQ.csv,133089,3409.0,55d755abc4a436f6edf9248940c188c148eac5a0c86ea78f78b728eb5e838d17
raw,Raw_Dataset/D18/Session_2/D18_S2_EmotiBit_TEMP_CONTACT.csv,341102,8522.0,e1c15207a95ba8e07b82862bfb24ba06762719e087c9da8f781b8e58cc7ed6ba
raw,Raw_Dataset/D18/Session_2/D18_S2_EmotiBit_TEMP_THERMOPILE.csv,341103,8522.0,79ae705809943361b8ae94fe36db044806f2f958538420972a96062dd3824118
raw,Raw_Dataset/D18/Session_2/D18_S2_Front_blurred.mp4,160898178,,70c529d3d3b148eccb196475dddc32c506bc8b96cd40e14c281a770d768789dd
raw,Raw_Dataset/D18/Session_2/D18_S2_Side_blurred.mp4,175749604,,95419a3ebebc261283945f4a2b3ff49b2d996fa9c0c9bf22b09437b51c26daf3
raw,Raw_Dataset/D18/Session_2/D18_S2_VBOX_raw.csv,5080004,28403.0,3adbdf43fd33ca5f3a2eea945e74627ce1a4a95713f4ae1cd2a430db2726fe51
raw,Raw_Dataset/D18/Session_3/D18_S3_EmotiBit_ACC.csv,2670241,45683.0,0da4c0af2bb38b97a609689ce5630ac0da6d30d968dd4b49b78f795b24866bb7
raw,Raw_Dataset/D18/Session_3/D18_S3_EmotiBit_EDA.csv,1080138,27419.0,f227c0200adc1dca44bc18bafd3618f6790e18b7459e2f5570d335ffe3206c29
raw,Raw_Dataset/D18/Session_3/D18_S3_EmotiBit_EDA_LEVEL.csv,1217233,27419.0,c6989608d23932ead2126b5d15d3a17078630ef00ba9014eaf9bfd9d989462ac
raw,Raw_Dataset/D18/Session_3/D18_S3_EmotiBit_GYRO.csv,2723908,45684.0,133e4ec76ef976848e7a3992e0ec25c3977dacdafcaba3628f9070236cd41c1b
raw,Raw_Dataset/D18/Session_3/D18_S3_EmotiBit_HR.csv,59385,1460.0,a2b16d47c887665237119f1632928a08415f9a1b46e5292facc8268dd18361ec
raw,Raw_Dataset/D18/Session_3/D18_S3_EmotiBit_IBI.csv,61148,1460.0,cf31062ef15e588e501c3c7e50f458d6a13fcb51bf89fa9f8c87218be6ed0f53
raw,Raw_Dataset/D18/Session_3/D18_S3_EmotiBit_MAG.csv,2748865,45686.0,7319dae7002112992bfe1a133af860c53f203141a57ae4bf83e320c2af72129a
raw,Raw_Dataset/D18/Session_3/D18_S3_EmotiBit_PPG_GREEN.csv,1931989,45573.0,0cc5716f3428f36b50ec8f31e31e8c05e1f2853d5234afb07580bf501e9186e5
raw,Raw_Dataset/D18/Session_3/D18_S3_EmotiBit_PPG_IR.csv,2023135,45573.0,b61c73211a789b2bd562a46605d2bba1847f42a31d3fc7dd0c36911854a9220c
raw,Raw_Dataset/D18/Session_3/D18_S3_EmotiBit_PPG_RED.csv,2023135,45573.0,c8c82f460abae3abfc733cb3aa62da9266954478ae1b0c122ec392b9a057b393
raw,Raw_Dataset/D18/Session_3/D18_S3_EmotiBit_SCR_FREQ.csv,217397,5484.0,ff40683ecdbffe786a0e2fecc6f678c329112c93743e270d1110b86ad88d3b40
raw,Raw_Dataset/D18/Session_3/D18_S3_EmotiBit_TEMP_CONTACT.csv,553811,13710.0,9d827cc8ee4520c77ac1bd84ee74e5a66bb1ba06c8c394c0eaa089b8d01664f1
raw,Raw_Dataset/D18/Session_3/D18_S3_EmotiBit_TEMP_THERMOPILE.csv,553811,13710.0,6a35c4e025c00c4080fe57712ad08a28838a5bd8170c695323d96015501d8668
raw,Raw_Dataset/D18/Session_3/D18_S3_Front_blurred.mp4,251465116,,6d72af9b95137bd6ce48dead2016f216a053add7fd84a3b8cf99f9fa8aafcebf
raw,Raw_Dataset/D18/Session_3/D18_S3_Side_blurred.mp4,282467781,,5098092203eb1a461b759a319455757c119b2295445aa1f9e2105d6e27d6742e
raw,Raw_Dataset/D18/Session_3/D18_S3_VBOX_raw.csv,8458291,45692.0,d08cac140c52a4f375f5c752fa39d7105e950af7268c236488fd892889684120
raw,Raw_Dataset/D18/Session_4/D18_S4_EmotiBit_ACC.csv,1597046,27548.0,89242e5d87b888fd90f13c16052f2854defac9b234d73747f164cba96705652d
raw,Raw_Dataset/D18/Session_4/D18_S4_EmotiBit_EDA.csv,644815,16536.0,da85c0b2640939d4978caade72617d3d7a0328114bfc7a83bd01f517c9754528
raw,Raw_Dataset/D18/Session_4/D18_S4_EmotiBit_EDA_LEVEL.csv,727495,16536.0,3d48a87aed07335d96c5b117bc72a9ebe81829bb4359edfe70de2bd034cf5f38
raw,Raw_Dataset/D18/Session_4/D18_S4_EmotiBit_GYRO.csv,1628771,27548.0,41097c876aeffbc9b3b053ef05f0d5587a232b0eaf4cf1809de6d2c64bcf4546
raw,Raw_Dataset/D18/Session_4/D18_S4_EmotiBit_HR.csv,44693,1107.0,5d08d6192221401dc5366baf105edffb88dcd34a550c8bb6fc702b094b09b7ea
raw,Raw_Dataset/D18/Session_4/D18_S4_EmotiBit_IBI.csv,45795,1107.0,d15b48be191dde2299e68d0b078076caf858477116bb1f2e5a2aa3303e958a87
raw,Raw_Dataset/D18/Session_4/D18_S4_EmotiBit_MAG.csv,1660765,27548.0,f10d08ab9eac46e3bce303b57049b9cf8df6bb91868d65fc4a21d67a0fc2b38f
raw,Raw_Dataset/D18/Session_4/D18_S4_EmotiBit_PPG_GREEN.csv,1153741,27474.0,5c5d30c0f4693fed50e32d24876fd8028d84eae2d7eff56d13c3a1186792643b
raw,Raw_Dataset/D18/Session_4/D18_S4_EmotiBit_PPG_IR.csv,1208689,27474.0,cff89c34526fe48296ce017bbd83229537675da92e66051f811b31242f3d24ab
raw,Raw_Dataset/D18/Session_4/D18_S4_EmotiBit_PPG_RED.csv,1208438,27474.0,1cbab438cdb33e37b816663358474217c1a980bfdc5075577a768542ca2f7aa2
raw,Raw_Dataset/D18/Session_4/D18_S4_EmotiBit_SCR_FREQ.csv,129040,3308.0,318e95f053d486394e7f5181a6bc4693349009bc20d312f3a3778ba8202eaeca
raw,Raw_Dataset/D18/Session_4/D18_S4_EmotiBit_TEMP_CONTACT.csv,330689,8268.0,cda0cae08cab852a587100eeb1beeded96cacb4554705a91eeb9cfbd032c2e3d
raw,Raw_Dataset/D18/Session_4/D18_S4_EmotiBit_TEMP_THERMOPILE.csv,330690,8268.0,dfcde0768424c7b1414651ce761d87a79678b17327a63c40fc7e6c57a88f8d2e
raw,Raw_Dataset/D18/Session_4/D18_S4_Front_blurred.mp4,160984321,,691ab53e14d52c77c4e0e9ba3610846669d43ebd5ff1fbdb6218720074a303ce
raw,Raw_Dataset/D18/Session_4/D18_S4_Side_blurred.mp4,171267795,,ac5a7aff0e9fa0adf20eb3eebf243b673c25b786afa07685e3b39ded59f9c58b
raw,Raw_Dataset/D18/Session_4/D18_S4_VBOX_raw.csv,5128031,27556.0,44f666a623b300db703dd9e11e8b22345c702b11401714772c54991d478ca94c
raw,Raw_Dataset/D19/Session_1/D19_S1_EmotiBit_ACC.csv,2008186,34532.0,3d3bc2183d54b080cef434e7453884b5ed219db2b5f3978550a38dd59df373df
raw,Raw_Dataset/D19/Session_1/D19_S1_EmotiBit_EDA.csv,812414,20726.0,ec3dea2ceb33540dddd484494fc5e0220a77cbc6a6741de423197bf798788a69
raw,Raw_Dataset/D19/Session_1/D19_S1_EmotiBit_EDA_LEVEL.csv,916044,20726.0,25dc19405e99bddc09c84a99039e4cf3e8e3c2564e4765e91b1ab2f3ab0e50ca
raw,Raw_Dataset/D19/Session_1/D19_S1_EmotiBit_GYRO.csv,2050374,34532.0,a63ca3c0e320ff5bec77289c8c3109fe61067321c6bb6fdbe02a4882510eb6ce
raw,Raw_Dataset/D19/Session_1/D19_S1_EmotiBit_HR.csv,60061,1488.0,9cce4b320d610a252ed15a462d883a86a780382adb7ba195e2e3504a3ce4c71b
raw,Raw_Dataset/D19/Session_1/D19_S1_EmotiBit_IBI.csv,61829,1488.0,184e9233a77c66ec87bb67450f03e08dc4d85ebbf73f1c97b7a9aebb27cf1656
raw,Raw_Dataset/D19/Session_1/D19_S1_EmotiBit_MAG.csv,2110995,34531.0,cb5013620b0d49e10423048b4276d9732b8b01964a1141141a235a59cddbf86a
raw,Raw_Dataset/D19/Session_1/D19_S1_EmotiBit_PPG_GREEN.csv,1459963,34439.0,f42d541ffdf3c04d89689b3458ac9f3987c69e9290ad5474b1553fc21799227b
raw,Raw_Dataset/D19/Session_1/D19_S1_EmotiBit_PPG_IR.csv,1522110,34439.0,2458548f946ac7a2c21e44bb07f1915029b9171de334ba525f5ba9fe8d48d293
raw,Raw_Dataset/D19/Session_1/D19_S1_EmotiBit_PPG_RED.csv,1522110,34439.0,38ee1d91f57044b36e47c21c760d00e6b2c3835436482e52bb71b721956bd278
raw,Raw_Dataset/D19/Session_1/D19_S1_EmotiBit_SCR_FREQ.csv,162748,4145.0,912914cf0128e533c2cf5344b8db2a099d628b562964f4118024b6655f76c1d1
raw,Raw_Dataset/D19/Session_1/D19_S1_EmotiBit_TEMP_CONTACT.csv,416584,10363.0,54da40c4eb8f7784eb7194aa922f783e611c4e40a0287ce5ba96b1a74ebe7bab
raw,Raw_Dataset/D19/Session_1/D19_S1_EmotiBit_TEMP_THERMOPILE.csv,416584,10363.0,5bb14f011dd0b4a13dd790950cf87fc74c7202ac03942abaca278d2cdf463234
raw,Raw_Dataset/D19/Session_1/D19_S1_Front_blurred.mp4,201494729,,113e78e7710c52f93d7ec0f5dd8f7e5944ba4567b1cbbf2a37bc8a7eec474d99
raw,Raw_Dataset/D19/Session_1/D19_S1_Side_blurred.mp4,178316898,,cde9f66f001227edc6597fe866a2cae3ea47937d100dbd037954dba67b691f93
raw,Raw_Dataset/D19/Session_1/D19_S1_VBOX_raw.csv,6157907,34537.0,b5cb68bcfd9b26fe123145664dfa8bef28af7324d309fa1427e6a992c53d0fb1
raw,Raw_Dataset/D19/Session_2/D19_S2_EmotiBit_ACC.csv,1850446,31882.0,eaa47e0cea12426a4a79caaf2dab3941e2d43254c5561f5fdb1614711ae9b611
raw,Raw_Dataset/D19/Session_2/D19_S2_EmotiBit_EDA.csv,748856,19137.0,2356bf6d6c8d6ff5e26e5d216545b716aeb88cf269e25bba6116a577ca8ba794
raw,Raw_Dataset/D19/Session_2/D19_S2_EmotiBit_EDA_LEVEL.csv,840698,19137.0,d32174ff055d732d79efe28d4b5a344b91acd294fd9c7e872af49138df02dace
raw,Raw_Dataset/D19/Session_2/D19_S2_EmotiBit_GYRO.csv,1891301,31882.0,29204db9db62b28e2f89d9947f1efcb979d0c764c955f15b204f4485c51b1c5c
raw,Raw_Dataset/D19/Session_2/D19_S2_EmotiBit_HR.csv,49708,1236.0,612e2b12c780f928dfb27b4e7a1918e93c4ff8d63fc1a0ceb090ab0d7efe1f62
raw,Raw_Dataset/D19/Session_2/D19_S2_EmotiBit_IBI.csv,51325,1236.0,b89779f3bbacbd5a826d265ab2700bb6467f41a48c7cc477fe9ebbe019aaefd3
raw,Raw_Dataset/D19/Session_2/D19_S2_EmotiBit_MAG.csv,1944829,31883.0,eeb0794b521e7ebe81026eb0a3065edca3ec76d1c026559cb626f5f9b7b4b4d2
raw,Raw_Dataset/D19/Session_2/D19_S2_EmotiBit_PPG_GREEN.csv,1339146,31785.0,060ceaea55ec1bab6a5d9c4e82182d2e7712ff246f8f0ac6170f60a291f776d2
raw,Raw_Dataset/D19/Session_2/D19_S2_EmotiBit_PPG_IR.csv,1402694,31785.0,db7f5bfe56d9d5619fc0950b6416a089a8d1d4ef3cf4e0d836bac9455e70d434
raw,Raw_Dataset/D19/Session_2/D19_S2_EmotiBit_PPG_RED.csv,1402694,31785.0,42059ed9a7696b933436d7b606a7bb0647bf82d4712adc85e6a91a13fbb84db4
raw,Raw_Dataset/D19/Session_2/D19_S2_EmotiBit_SCR_FREQ.csv,151335,3828.0,a83068c0c0d95bbbd30f949b87837a9b1c143241850cc0f1d69f5384a2d84a9f
raw,Raw_Dataset/D19/Session_2/D19_S2_EmotiBit_TEMP_CONTACT.csv,383990,9568.0,bdd1667495b1dc179e46c1997e29a45933968da7e984d7069962a658cff788cf
raw,Raw_Dataset/D19/Session_2/D19_S2_EmotiBit_TEMP_THERMOPILE.csv,383990,9568.0,3ed8736011cac96c51f3619427d36d468a2f0b43abbb53d1a4d14467bb711e3f
raw,Raw_Dataset/D19/Session_2/D19_S2_Front_blurred.mp4,166529128,,66bac19ef8c6306124c55f25aa01b3605dacda19fd264207fb581d57d1e9d377
raw,Raw_Dataset/D19/Session_2/D19_S2_Side_blurred.mp4,179440156,,34ad0614f07b854e2fe53d0b6d6ba44fe9501f2a2cc9c4812fda531730e5a7f5
raw,Raw_Dataset/D19/Session_2/D19_S2_VBOX_raw.csv,5697584,31892.0,0215093dff1edbb1eaecd148cde45b46bc0ac9f056a361fe1cab96f48e51b8a2
raw,Raw_Dataset/D19/Session_3/D19_S3_EmotiBit_ACC.csv,2560103,43864.0,1d1b1fc46ff790af8f19ca999c12b5c6174310870dc4ec6e78d972adfae79885
raw,Raw_Dataset/D19/Session_3/D19_S3_EmotiBit_EDA.csv,1036494,26328.0,965b5e156fb99f92dee0af195471733262148cf27cbe2341a379fbdd1036623b
raw,Raw_Dataset/D19/Session_3/D19_S3_EmotiBit_EDA_LEVEL.csv,1168134,26328.0,dfdce81bdf7580c8c472acf1deb25fff9915439e365df6642efe31d937a4d3d7
raw,Raw_Dataset/D19/Session_3/D19_S3_EmotiBit_GYRO.csv,2616589,43864.0,e16dae0f51e2bd6e9d53a68cf41dc8617e1f0cd7d01500bf9785c33105208e82
raw,Raw_Dataset/D19/Session_3/D19_S3_EmotiBit_HR.csv,77669,1919.0,5a3155df961cfbd9a1063537f495d155e67ce1259b13a7c9a36edbbaf16c4afd
raw,Raw_Dataset/D19/Session_3/D19_S3_EmotiBit_IBI.csv,79926,1919.0,9667b7ef146c3a95818467f4e810cbc316da3b5daed811ca0faca13a5a869abf
raw,Raw_Dataset/D19/Session_3/D19_S3_EmotiBit_MAG.csv,2687912,43864.0,4768cee3405cc21b24eb512aeb7db4fb4db39137031c8916ca83813f033275f5
raw,Raw_Dataset/D19/Session_3/D19_S3_EmotiBit_PPG_GREEN.csv,1853814,43752.0,b031f001046ddc45f38cebd947725f72a3655380346d37864e0ecee3b8fb102c
raw,Raw_Dataset/D19/Session_3/D19_S3_EmotiBit_PPG_IR.csv,1941193,43752.0,eddae01bba768ced79abe4160cff9eaf00e108a5291ccfdaf52e7eee940a2886
raw,Raw_Dataset/D19/Session_3/D19_S3_EmotiBit_PPG_RED.csv,1941193,43752.0,8c56ceefe91b01ce789e8481a8e00637b9a7e4b0914e85a024b952cfdc042b5f
raw,Raw_Dataset/D19/Session_3/D19_S3_EmotiBit_SCR_FREQ.csv,207452,5265.0,d57ab2c9e34cadc5169fceb39a7769ebc8aabeb823c82778a3e78f3c42b0902c
raw,Raw_Dataset/D19/Session_3/D19_S3_EmotiBit_TEMP_CONTACT.csv,531425,13164.0,d0b1e3c62355d99430583ea5e048ec0f80d8cbc24d6a8ade9dcf6dd02e4284d5
raw,Raw_Dataset/D19/Session_3/D19_S3_EmotiBit_TEMP_THERMOPILE.csv,531425,13164.0,d0fa5509334f12794dc377ef081faaafa711c7c7e3f9693b3a843242fc7067ae
raw,Raw_Dataset/D19/Session_3/D19_S3_Front_blurred.mp4,229958242,,2575e0dde29415340259336031cbe015a9ab1e659a61d823d2825ec9e5e15bf3
raw,Raw_Dataset/D19/Session_3/D19_S3_Side_blurred.mp4,217766225,,4d4a2c94e43cf14b8b9b6fe267196f1134b8f47ef0c7b9bb25e6b1e0e157c1ce
raw,Raw_Dataset/D19/Session_3/D19_S3_VBOX_raw.csv,8090536,43873.0,e34f47a3c98dd41b7ce4c7e9498f1a64d81114e0f88315bf8113715d773c06a0
raw,Raw_Dataset/D19/Session_4/D19_S4_EmotiBit_ACC.csv,1764056,30403.0,d957b45bcb3e919bd63708e084d47a9cd1799daf080c80cbbd02a1ab4b7e0b2a
raw,Raw_Dataset/D19/Session_4/D19_S4_EmotiBit_EDA.csv,713417,18251.0,dbe9c0bad476fa3ced76b4db51ad46464b35410317697c0d25d47e1e88af71ed
raw,Raw_Dataset/D19/Session_4/D19_S4_EmotiBit_EDA_LEVEL.csv,804672,18251.0,038c1e038957790a5e3076551003d22901e0fb0835f99acedf0bad9217e6e2d5
raw,Raw_Dataset/D19/Session_4/D19_S4_EmotiBit_GYRO.csv,1800879,30403.0,03ff098dae5ed06b6219b6b438870c3466e4641606a60296deec997f377c0f1c
raw,Raw_Dataset/D19/Session_4/D19_S4_EmotiBit_HR.csv,48335,1203.0,7031e3f7960bd7daeca879223bb829c5a91520677d91e69b88dd6bca44de1b8a
raw,Raw_Dataset/D19/Session_4/D19_S4_EmotiBit_IBI.csv,49855,1203.0,37745bc3ed6432664ece649f008e2dbc8598006687f7093297ec4109df1258b6
raw,Raw_Dataset/D19/Session_4/D19_S4_EmotiBit_MAG.csv,1853652,30402.0,3fac13e1574743b3544693731bdbf61f8736925fef115e88b738254894762d07
raw,Raw_Dataset/D19/Session_4/D19_S4_EmotiBit_PPG_GREEN.csv,1275871,30314.0,47efcd11f6caffc3389411de6117fc9a1e98cfa6e5407bdaab52e605d647bbea
raw,Raw_Dataset/D19/Session_4/D19_S4_EmotiBit_PPG_IR.csv,1336499,30314.0,9055702a3f78ec4a6058d523ecc8ddbbf95707274948117591d78bdc142049ce
raw,Raw_Dataset/D19/Session_4/D19_S4_EmotiBit_PPG_RED.csv,1336499,30314.0,f4735fe3dbd2715f045bade92bebce8dd36e64eba50551eab548cbf19f518965
raw,Raw_Dataset/D19/Session_4/D19_S4_EmotiBit_SCR_FREQ.csv,143283,3650.0,12f759323516e24ff70d7228057398592b0a87c14a62bcde567b7d3c3c5168f7
raw,Raw_Dataset/D19/Session_4/D19_S4_EmotiBit_TEMP_CONTACT.csv,365867,9126.0,954b95619e4f24b6e988a80f0d5d2033361439c299d4547f1eacadbbf2165e1e
raw,Raw_Dataset/D19/Session_4/D19_S4_EmotiBit_TEMP_THERMOPILE.csv,365867,9126.0,963315b353b7e2dca9d953d79e2a1d780eabd4b42687c50dbfbab086624590e8
raw,Raw_Dataset/D19/Session_4/D19_S4_Front_blurred.mp4,162681662,,d6f927d46b467a861c23307b86b20a792ee670a72e68e8e595f5c765518b19cd
raw,Raw_Dataset/D19/Session_4/D19_S4_Side_blurred.mp4,176690486,,134b40b105d2ec8f1c06bb4048b3e3a054a2cc682bf96877ff8d87b74418fa52
raw,Raw_Dataset/D19/Session_4/D19_S4_VBOX_raw.csv,5436994,30415.0,10bf5ea04e2ecdf4d8245eb29dd1260893ca01f3057a165047c509400b45b7c8
raw,Raw_Dataset/D2/Session_1/D2_S1_EmotiBit_ACC.csv,2730842,46732.0,9e29be3499c13047bb2969f82f1a91974074b385f783f095ed16bbe418c609aa
raw,Raw_Dataset/D2/Session_1/D2_S1_EmotiBit_EDA.csv,1105397,28049.0,1f609edd33900c63231d4d125b52fa5abcdbbcf515e4c86555fb7b9144ea8653
raw,Raw_Dataset/D2/Session_1/D2_S1_EmotiBit_EDA_LEVEL.csv,1245465,28049.0,8a1f35fa78060064d1959c638c050ebb84a9da1badaaf00b51521eeb2a8d254c
raw,Raw_Dataset/D2/Session_1/D2_S1_EmotiBit_GYRO.csv,2777182,46732.0,33231032076658da34323a1ab280dcb8a1356ee9ae914109f94a6460663668f2
raw,Raw_Dataset/D2/Session_1/D2_S1_EmotiBit_HR.csv,75542,1866.0,8a96f6d6a170aaeb117cba338935495145b1a14bbe975a3364f4c726c0295e49
raw,Raw_Dataset/D2/Session_1/D2_S1_EmotiBit_IBI.csv,64776,1866.0,50b53d100ea9c4ce2e74fff2740aa53e3de8fd8dac685d91b57e73735fd5b9d3
raw,Raw_Dataset/D2/Session_1/D2_S1_EmotiBit_MAG.csv,1884808,46732.0,6009fe45d447dc56b931ee891a8d44fe6a34a070297aa46b91ca8555bad16275
raw,Raw_Dataset/D2/Session_1/D2_S1_EmotiBit_PPG_GREEN.csv,1649981,46600.0,1dbcb4836928e0af9476d25eac2526ed7cb65c5d649ef5551e0994e0201b789f
raw,Raw_Dataset/D2/Session_1/D2_S1_EmotiBit_PPG_IR.csv,1743175,46600.0,a50e71340ae9bcb147f1443120aa287953d0f67267ab51665f3e60eb64826b1d
raw,Raw_Dataset/D2/Session_1/D2_S1_EmotiBit_PPG_RED.csv,1743175,46600.0,f07deabf692dcb6a2d44ce34fdc8070be6db5a687730656e89e5c5f77c43b995
raw,Raw_Dataset/D2/Session_1/D2_S1_EmotiBit_SCR_FREQ.csv,221121,5610.0,94112040abf2b61078afe22c61715b6dbb0afd3a619cf5addc73252df484c706
raw,Raw_Dataset/D2/Session_1/D2_S1_EmotiBit_TEMP_CONTACT.csv,566727,14025.0,4e83015067794a55c1138e1befd5447d58b7c004638280b26eb6031f8a9043db
raw,Raw_Dataset/D2/Session_1/D2_S1_EmotiBit_TEMP_THERMOPILE.csv,566727,14025.0,a3ff9520dac16566a9821a5a25ad6fbaffaa782dbe8c4dca844327c7d3642514
raw,Raw_Dataset/D2/Session_1/D2_S1_Front_blurred.mp4,204299886,,795e33a4569f7c8bd25cfb7a965baa7c206b78b2c8bbd5a4ef7a4e510e537d99
raw,Raw_Dataset/D2/Session_1/D2_S1_Side_blurred.mp4,234767070,,ac61afa195fb83db254cc3ccbb498306e35639e9475e8a6ca6c14db0598f10f7
raw,Raw_Dataset/D2/Session_1/D2_S1_VBOX_raw.csv,8626476,46743.0,c0fd8928c7f8ae102d4a802c6da30a51773f800fffe2e2215e74886392cb07fa
raw,Raw_Dataset/D2/Session_2/D2_S2_EmotiBit_ACC.csv,1874180,32370.0,406735883d715e6b585ad147a77287e7f0e9c0ff990e18bf30313dec873bf75c
raw,Raw_Dataset/D2/Session_2/D2_S2_EmotiBit_EDA.csv,760575,19430.0,7191a101c53cd4921597cdb7f996acf86ce806a59a3695f5b949240e70811b40
raw,Raw_Dataset/D2/Session_2/D2_S2_EmotiBit_EDA_LEVEL.csv,857564,19430.0,d099ffdbb6c8bad4529f3a13d3ca9a8e40cd1fa178fe9ee790992996db03ba9f
raw,Raw_Dataset/D2/Session_2/D2_S2_EmotiBit_GYRO.csv,1910831,32372.0,a5c512f7631b4e83d6361c0663a5fb23a6de3b1d3d91b1300e4cd45b86861c06
raw,Raw_Dataset/D2/Session_2/D2_S2_EmotiBit_HR.csv,38962,965.0,2f7b6cafa2fbd394dcc8399aaf904ad13f76843438896495934115b00f6b25a9
raw,Raw_Dataset/D2/Session_2/D2_S2_EmotiBit_IBI.csv,40122,965.0,1e0371198e88c63d60de811a91910596783c51d4f8820433469aff4b86ec78ed
raw,Raw_Dataset/D2/Session_2/D2_S2_EmotiBit_MAG.csv,1969183,32370.0,ef47598e4fd60c0399ee8df9444f07482f5078485a2ff5f46b172b99a62ef37c
raw,Raw_Dataset/D2/Session_2/D2_S2_EmotiBit_PPG_GREEN.csv,1360491,32282.0,111df8ead77c66b777a0fe368458b48d1f58e95b3bdee22144e6f64f8342b4af
raw,Raw_Dataset/D2/Session_2/D2_S2_EmotiBit_PPG_IR.csv,1425055,32282.0,3f16d5880e519d4401b5499a2a7b1561a5d532a32edcf4dce395dd2799358516
raw,Raw_Dataset/D2/Session_2/D2_S2_EmotiBit_PPG_RED.csv,1425018,32282.0,dd18fc6171dd521c326746752589ce4b417a9f525ba7892831637f3e40405558
raw,Raw_Dataset/D2/Session_2/D2_S2_EmotiBit_SCR_FREQ.csv,152672,3886.0,1b06f44fe3b0b381aab74b2a04b97dd10c1e449bcdc59b31e3e65385fdfc5495
raw,Raw_Dataset/D2/Session_2/D2_S2_EmotiBit_TEMP_CONTACT.csv,390016,9715.0,26e7b8ac1859820df060706abd62ccafbd1066036102bba118afe7c244717630
raw,Raw_Dataset/D2/Session_2/D2_S2_EmotiBit_TEMP_THERMOPILE.csv,390016,9715.0,c79d797c0d777676587817a25762f265d8878d94d5744dfb018310c15124c798
raw,Raw_Dataset/D2/Session_2/D2_S2_Front_blurred.mp4,170410053,,d183f8291f621b06edd72f7e283467650587ac5b4d76a182649c63a1133383d7
raw,Raw_Dataset/D2/Session_2/D2_S2_Side_blurred.mp4,205262115,,de90ebb8263a2306423aa77dee6675ce412ae678956d387d3e7a17643340e00f
raw,Raw_Dataset/D2/Session_2/D2_S2_VBOX_raw.csv,6003402,32379.0,c37aba0e54645aefa7fdfdff6395fefcadc0fadfdd06fd37b614757c6f9aa146
raw,Raw_Dataset/D2/Session_3/D2_S3_EmotiBit_ACC.csv,1404937,24066.0,d986309d2a3d6d6a77b17dce251b9aa5bb55cc94b2273a1faf48741a0d41b945
raw,Raw_Dataset/D2/Session_3/D2_S3_EmotiBit_EDA.csv,561848,14448.0,6ff2eb214263ec0815055dbaa182fde21cad465b42482eda8baba5fd6af46a11
raw,Raw_Dataset/D2/Session_3/D2_S3_EmotiBit_EDA_LEVEL.csv,634081,14448.0,df3cd43c79206823620f556e8a17033ab7f6a3f5b58a733be3c52be0d5cb7050
raw,Raw_Dataset/D2/Session_3/D2_S3_EmotiBit_GYRO.csv,1422213,24066.0,d1187a2befbc221386f9400fd3421c04afffaa79dad9e5691c8f39b205cf0dbb
raw,Raw_Dataset/D2/Session_3/D2_S3_EmotiBit_HR.csv,44138,1105.0,1ce65e046fe640c2e88d4eca8ca0a8bf4e82d04d8290665634cde801a42e4696
raw,Raw_Dataset/D2/Session_3/D2_S3_EmotiBit_IBI.csv,45433,1105.0,b4ad66034a6dc1cf6b1ef9a21483b71e59f339e6c06ca07a10f4231ab8fc512c
raw,Raw_Dataset/D2/Session_3/D2_S3_EmotiBit_MAG.csv,1448863,24065.0,568a48b1f9b16ae4eaa86825353f48548bf38cf2a13564be34abe894702ca9e8
raw,Raw_Dataset/D2/Session_3/D2_S3_EmotiBit_PPG_GREEN.csv,1005117,23996.0,583677c3d1fb302da0a23e8f016166e5a4f60d830ed8a337824fac987d736a68
raw,Raw_Dataset/D2/Session_3/D2_S3_EmotiBit_PPG_IR.csv,1053109,23996.0,6832337f390f28c42c12f49934ff0b088a90f45592e33fd91c16f15b2a867957
raw,Raw_Dataset/D2/Session_3/D2_S3_EmotiBit_PPG_RED.csv,1053109,23996.0,b298f4f891cc367adc358092781d5bb83b426a862be23f46a5a1fe44d9fbfb59
raw,Raw_Dataset/D2/Session_3/D2_S3_EmotiBit_SCR_FREQ.csv,113213,2889.0,60bdbf6fbc144b88fdb572acd20473ea1d4281a7aec0f17f68f433a63191f5e3
raw,Raw_Dataset/D2/Session_3/D2_S3_EmotiBit_TEMP_CONTACT.csv,288162,7224.0,d71667c809f901d4fc390020d401db97bd9f771c79a4cbdcf74f37df039ad33e
raw,Raw_Dataset/D2/Session_3/D2_S3_EmotiBit_TEMP_THERMOPILE.csv,288122,7223.0,8fdea74d8166c490f7cb2955230267d9a5b6505174fcb448ae3bd52dd08e2a83
raw,Raw_Dataset/D2/Session_3/D2_S3_Front_blurred.mp4,134299488,,41cf89df510a91cf16e1584d9310c56a662b4e8aefc9bfb342faf148b6e57828
raw,Raw_Dataset/D2/Session_3/D2_S3_VBOX_raw.csv,4418186,24076.0,19ff08a75d9005516c790a19607e5efbb5bd76316bb5e1d20357f5595fdea393
raw,Raw_Dataset/D2/Session_4/D2_S4_EmotiBit_ACC.csv,1763082,30558.0,3f2f3541db1887c5513037711bd2ab04bcadb2b108926e0b993e2f9ace87dbd8
raw,Raw_Dataset/D2/Session_4/D2_S4_EmotiBit_EDA.csv,717055,18342.0,f898fb8e60f3b1ad12f9681a8b68a66ff6bcf8e6542c9de3eca30a0002fc7b47
raw,Raw_Dataset/D2/Session_4/D2_S4_EmotiBit_EDA_LEVEL.csv,808708,18342.0,54352db8444b7d8c0c464c56439b15e3f87f63e660591b4f00d77bcc4f63867d
raw,Raw_Dataset/D2/Session_4/D2_S4_EmotiBit_GYRO.csv,1803900,30558.0,5a7170ed2e37c5f82e002537c75c5c212e9671a98af2792cfa1a085dd56ae423
raw,Raw_Dataset/D2/Session_4/D2_S4_EmotiBit_HR.csv,39800,986.0,5893f88cb999b7f32055ca3c52f9dec4e41af802996e2ec6bcbe2cdb79a68a18
raw,Raw_Dataset/D2/Session_4/D2_S4_EmotiBit_IBI.csv,41005,986.0,54d2eafe9178ab2e26dff1db73ba0247ddd2a11731738bc21177811a7781f785
raw,Raw_Dataset/D2/Session_4/D2_S4_EmotiBit_MAG.csv,1862856,30555.0,f102b25e30e167ab13d41c748821706b735e909df2ee02c544cbb067fb45d3f2
raw,Raw_Dataset/D2/Session_4/D2_S4_EmotiBit_PPG_GREEN.csv,1282743,30474.0,2fa1cc7284801a12794deb63bb8eec6941d00cabc2d4aa84c73cd401d330b181
raw,Raw_Dataset/D2/Session_4/D2_S4_EmotiBit_PPG_IR.csv,1343691,30474.0,beedbad0d4164560d8d802ef358aae83cee8ad0f9956ecdaba2b0077b052f107
raw,Raw_Dataset/D2/Session_4/D2_S4_EmotiBit_PPG_RED.csv,1343674,30474.0,c382725b7c3d488418d5250e292526bf6c51e818d40abd8e3a4007da73495b89
raw,Raw_Dataset/D2/Session_4/D2_S4_EmotiBit_SCR_FREQ.csv,143834,3669.0,98afce4912ece41e1391e21029c7c973c21dea5989cbd3b39fc4207faede8560
raw,Raw_Dataset/D2/Session_4/D2_S4_EmotiBit_TEMP_CONTACT.csv,367672,9170.0,887a453b57f2d1bb1a58c65eaa10a6ff5d722f2a720a314dd2541168b93cf70d
raw,Raw_Dataset/D2/Session_4/D2_S4_EmotiBit_TEMP_THERMOPILE.csv,367672,9170.0,789ea232033aa626bf8baf76de259e80e15fc62d4de22b77e5a5b34fb41ec064
raw,Raw_Dataset/D2/Session_4/D2_S4_Front_blurred.mp4,174213468,,6727b57e001308687151daeb292363b4428aa7d5bed95b3bba4baec037dfba2b
raw,Raw_Dataset/D2/Session_4/D2_S4_Side_blurred.mp4,200270151,,fe8cee7e742f422ecffbb338497802a0b5d5291083e89f662137178a4ab692fb
raw,Raw_Dataset/D2/Session_4/D2_S4_VBOX_raw.csv,5472958,30564.0,ba921b8685d28dc930356f34e20f44d63ca8854429eb563c47e56b250f3173d7
raw,Raw_Dataset/D20/Session_1/D20_S1_EmotiBit_ACC.csv,3172451,53408.0,e63ebdaa49da00f5b6c809d24c1854b776e779097c90308ecc6713ce78216774
raw,Raw_Dataset/D20/Session_1/D20_S1_EmotiBit_EDA.csv,1271968,32061.0,b86fd13007218a5a35a4c3fa30a6bcbdb64d2a834c918a4cdf929d206b2f69d3
raw,Raw_Dataset/D20/Session_1/D20_S1_EmotiBit_EDA_LEVEL.csv,1426121,32061.0,22b5ea11c07dd5d4dfdf9b861735634be302d3b69b1a4d0ce848bcd28ed99661
raw,Raw_Dataset/D20/Session_1/D20_S1_EmotiBit_GYRO.csv,3191518,53412.0,d91fbb532c8b2694c24a2751679b350747d26d7741bd2ec1c96d3b5920000f12
raw,Raw_Dataset/D20/Session_1/D20_S1_EmotiBit_HR.csv,105679,2594.0,7adea97eefbb10ad752e44063a33647dc5b81ca8a9e8ce293135206b1048cdd6
raw,Raw_Dataset/D20/Session_1/D20_S1_EmotiBit_IBI.csv,108162,2594.0,98a58843d0f8e703324f3b3cbe0bf005909550b469261b934738ad321cef8df8
raw,Raw_Dataset/D20/Session_1/D20_S1_EmotiBit_MAG.csv,3269450,53408.0,cdf664fed31b7b1e3561dcdf2509422e323b2f73a4473ec11c42bb26e62bfc05
raw,Raw_Dataset/D20/Session_1/D20_S1_EmotiBit_PPG_GREEN.csv,2262250,53253.0,72d911fae87670d4b6402eccc9561f6409e42f969c3e0fe2c3c45a3a7fdfe8d2
raw,Raw_Dataset/D20/Session_1/D20_S1_EmotiBit_PPG_IR.csv,2368756,53253.0,e565946c884fbfd458023a09b52b3a6e89852f414c9f5abc8ca618a030a07a2a
raw,Raw_Dataset/D20/Session_1/D20_S1_EmotiBit_PPG_RED.csv,2368756,53253.0,ae148939a0d3733d77384a4662d13075848c89a06a09d16f3f9fc601f490db98
raw,Raw_Dataset/D20/Session_1/D20_S1_EmotiBit_SCR_FREQ.csv,254152,6412.0,850f578bc885f5a2d0816aaa6e5b5c8ea1216c7e16c2c35c6e3e8deec5eeae9a
raw,Raw_Dataset/D20/Session_1/D20_S1_EmotiBit_TEMP_CONTACT.csv,648972,16031.0,a5e2600e170a256c89231510b7e523be8202937b9ce8a8905f56d2398e63863f
raw,Raw_Dataset/D20/Session_1/D20_S1_EmotiBit_TEMP_THERMOPILE.csv,648972,16031.0,86db410beddee7c08202b510c4a66fef001b3ddc8c397e45b82029a7193dd138
raw,Raw_Dataset/D20/Session_1/D20_S1_Front_blurred.mp4,270679412,,a3df0d966dee94137bb90aad385469de0fdeb32628dfe0b688df088365c118ed
raw,Raw_Dataset/D20/Session_1/D20_S1_Side_blurred.mp4,306650321,,59064fde369b353a60a27b8c6e6129ae063ec75cb758306ea58cdb1d0a744e38
raw,Raw_Dataset/D20/Session_1/D20_S1_VBOX_raw.csv,9490420,53410.0,526c4fb25f7aa55b39b7463e66a52f804ea282dc288a92f8773d0af92f0632f1
raw,Raw_Dataset/D20/Session_2/D20_S2_EmotiBit_ACC.csv,1421465,24133.0,cd2812c0affaa675e29a85dae474b4d3b05f0da30c27c7c1c92fc29d5e8a4527
raw,Raw_Dataset/D20/Session_2/D20_S2_EmotiBit_EDA.csv,563266,14484.0,f3c7c156846d960b504c682c3628f11a15d382281bbbe8244a425bcd1a6a8fbb
raw,Raw_Dataset/D20/Session_2/D20_S2_EmotiBit_EDA_LEVEL.csv,635608,14484.0,cd369470aef125c41e238d214ffcfd5ecf8dd5d269a0d8190bb26ca56eba0d8d
raw,Raw_Dataset/D20/Session_2/D20_S2_EmotiBit_GYRO.csv,1421266,24132.0,e2920d06e1394384908a0355bdab991b69fc34e61b42ac3f7d57d7743754a013
raw,Raw_Dataset/D20/Session_2/D20_S2_EmotiBit_HR.csv,38454,958.0,e0e0b2608a095b154686ca7e06b4d13794c2b12e0526ca0a68c61913921fe584
raw,Raw_Dataset/D20/Session_2/D20_S2_EmotiBit_IBI.csv,39557,958.0,1fcae610b37dbdfd9d76db2f373f9fa03d4510301300dcd8be44c08c9d7210d5
raw,Raw_Dataset/D20/Session_2/D20_S2_EmotiBit_MAG.csv,1477118,24132.0,ede53711216a791f32fb71c06ad421cfc8e986639980f5c0388778dbecaff13b
raw,Raw_Dataset/D20/Session_2/D20_S2_EmotiBit_PPG_GREEN.csv,1008062,24066.0,227d1e0e9b4e1df1b853a78975ba3fc2eb75caf462439f758db57a3072b74c95
raw,Raw_Dataset/D20/Session_2/D20_S2_EmotiBit_PPG_IR.csv,1056189,24066.0,a8df4e241a36723d9d1e4ca7e7ebaf1f1e7ed248dbdbe6c55ab54063b0b64559
raw,Raw_Dataset/D20/Session_2/D20_S2_EmotiBit_PPG_RED.csv,1046337,24066.0,bf361745686234bd87a9f2c810634dad5c6c8735ee5690415bc7ccb9de334c0a
raw,Raw_Dataset/D20/Session_2/D20_S2_EmotiBit_SCR_FREQ.csv,113090,2897.0,3fe51a971c23b44bf4e8ed8e13cfbb06b1a7f53874361dd3b4b8f5fd9c83f393
raw,Raw_Dataset/D20/Session_2/D20_S2_EmotiBit_TEMP_CONTACT.csv,288922,7243.0,4b79d16efcc53b4dc3fe5b592fade69e8928544594ed831c618e509b41e2813e
raw,Raw_Dataset/D20/Session_2/D20_S2_EmotiBit_TEMP_THERMOPILE.csv,288922,7243.0,0669e19072b7217434866665efd6ec3079ee3d5a163f2c3eab480a08a71b0784
raw,Raw_Dataset/D20/Session_2/D20_S2_Front_blurred.mp4,142307628,,4f0476bc7bbe73941e22d5617e2ff6f8d2a1aaf271a0115fdffe0260bee87f9d
raw,Raw_Dataset/D20/Session_2/D20_S2_Side_blurred.mp4,149940124,,b21c4f0d4848569c753a7500ed20349ad7d3f7f984285268dd07407076cd2cf3
raw,Raw_Dataset/D20/Session_2/D20_S2_VBOX_raw.csv,4503809,24139.0,ca0ff7459492daa3de79be223a7a54942e0f88b394fb0135de78343a884cdebe
raw,Raw_Dataset/D20/Session_3/D20_S3_EmotiBit_ACC.csv,5364364,90288.0,aa8a6ba90e05c86ed491d2138d1670b2c9bc99b50a48e2c8ba29f6dd0de2e32b
raw,Raw_Dataset/D20/Session_3/D20_S3_EmotiBit_EDA.csv,2151091,54193.0,e115dfebd0b297944302781b837d211152dfbaa95bc0a02f7fcd90538ad51123
raw,Raw_Dataset/D20/Session_3/D20_S3_EmotiBit_EDA_LEVEL.csv,2422056,54193.0,af988f390f73a6f11278e7b5cda9c8231965fb390321032d66513543b960ca85
raw,Raw_Dataset/D20/Session_3/D20_S3_EmotiBit_GYRO.csv,5419821,90288.0,4fa938f6e7406814e50eaa385cb1ad615e0e3bcbec881fc6747b6b2b93e07287
raw,Raw_Dataset/D20/Session_3/D20_S3_EmotiBit_HR.csv,141090,3455.0,b1dacada76dc8ff9c10a41fa00970ff81d40d88f3bbbfc44f04469356a783958
raw,Raw_Dataset/D20/Session_3/D20_S3_EmotiBit_IBI.csv,145313,3455.0,83e5af5061b1f285a9bea13dfd32a50af30da17d5b4e06430d503c94cea8bcb9
raw,Raw_Dataset/D20/Session_3/D20_S3_EmotiBit_MAG.csv,5541452,90285.0,393aeaf80085d97bcbba5cfe50c1ab2a9315809f6bb1686a20ebc3e4a54e6117
raw,Raw_Dataset/D20/Session_3/D20_S3_EmotiBit_PPG_GREEN.csv,3844554,90051.0,7d4514f59053274ee626c16d487c83881301789ffa562dd6cf7290a6a231580a
raw,Raw_Dataset/D20/Session_3/D20_S3_EmotiBit_PPG_IR.csv,4024656,90051.0,0a5be1ed6549c4ce43027cf142cfb1a977dc9853d581c17ce75294db20ce1d1b
raw,Raw_Dataset/D20/Session_3/D20_S3_EmotiBit_PPG_RED.csv,4024118,90051.0,4f0f1fe5c1c385dd82c069cd3b94f1094866126a91d516bd36065cc038202065
raw,Raw_Dataset/D20/Session_3/D20_S3_EmotiBit_SCR_FREQ.csv,430895,10839.0,7c1b342a265bb469e56b50900e1465014fb3b094de5ffeda57e3653292e6bbb8
raw,Raw_Dataset/D20/Session_3/D20_S3_EmotiBit_TEMP_CONTACT.csv,1102638,27096.0,0f7079a6acb594d6a369a654fc85adbf76edadf3f57df0a518f898535a234551
raw,Raw_Dataset/D20/Session_3/D20_S3_EmotiBit_TEMP_THERMOPILE.csv,1102677,27097.0,ed4d8ec43c2be70ff63a1c7e6f7b6052b7d1aca64adf5d68ad2a5b49661b3062
raw,Raw_Dataset/D20/Session_3/D20_S3_Front_blurred.mp4,489095182,,d0e7ffd40418036d531c5617f56a16de125a362c37b85ae7d49e0c7cb602c765
raw,Raw_Dataset/D20/Session_3/D20_S3_Side_blurred.mp4,503527640,,7c79c56a0214c0fa09d6eead530c3a050b4c0c5b434db3c6270c57358a049759
raw,Raw_Dataset/D20/Session_3/D20_S3_VBOX_raw.csv,16568066,90306.0,dacb80b4800e2d34e1adadeaff557156272ec7f7de956e7af1dc07dc38ee8340
raw,Raw_Dataset/D20/Session_4/D20_S4_EmotiBit_ACC.csv,1622402,27527.0,4f85bbc2aa34de0c4d522667f39e874690fac63408526206b1bc1d049e116a0b
raw,Raw_Dataset/D20/Session_4/D20_S4_EmotiBit_EDA.csv,644314,16523.0,de09c66921024c84d2554a640f18d78b7c333e8be57915e201c730b5140893c9
raw,Raw_Dataset/D20/Session_4/D20_S4_EmotiBit_EDA_LEVEL.csv,726766,16523.0,84719b298b8ba8cd158d2d0365349fbde1d9e44cca44f3cf4cfb881c8de6255e
raw,Raw_Dataset/D20/Session_4/D20_S4_EmotiBit_GYRO.csv,1626042,27526.0,5edab29a9e92f967c533f02a79ab8fb7e302da251b006f899ac44d6175495d80
raw,Raw_Dataset/D20/Session_4/D20_S4_EmotiBit_HR.csv,38719,964.0,380095f0cdef2432698f38382e7a541569db7667ee6203542078e508e1e848d3
raw,Raw_Dataset/D20/Session_4/D20_S4_EmotiBit_IBI.csv,39955,964.0,12105557b56e24e67dab59aa890368e13a061cff66803d7aa22083eabd94ef02
raw,Raw_Dataset/D20/Session_4/D20_S4_EmotiBit_MAG.csv,1685397,27525.0,7eb163bc03fd556e46e45b2191b19734fe9e769531ed1e69a823b4ac05a554c0
raw,Raw_Dataset/D20/Session_4/D20_S4_EmotiBit_PPG_GREEN.csv,1152650,27448.0,7ee5b929894d08bdaea6e8d5b6c38ba0bf834c5c7f15774a2d4f9159dd50a293
raw,Raw_Dataset/D20/Session_4/D20_S4_EmotiBit_PPG_IR.csv,1207507,27448.0,90e49ed245e278722430299858d0c1662f63bdf28670bdba8048cb85daa981bc
raw,Raw_Dataset/D20/Session_4/D20_S4_EmotiBit_PPG_RED.csv,1191357,27448.0,956e24f3dc53154d94b0bfdc15a9638155b7c5229efc9cbf083c31f128fd2f03
raw,Raw_Dataset/D20/Session_4/D20_S4_EmotiBit_SCR_FREQ.csv,129015,3304.0,0db7506d0daf225d9bebf71c8388f983c261c97cabd6181fad2457c0a4cbc4bd
raw,Raw_Dataset/D20/Session_4/D20_S4_EmotiBit_TEMP_CONTACT.csv,330403,8261.0,4f4aaaadcc961129cb666092aad0d0b49eeb6ff4d6d047fdb009c01090cc36d5
raw,Raw_Dataset/D20/Session_4/D20_S4_EmotiBit_TEMP_THERMOPILE.csv,330443,8262.0,13a391ba7c713bc2445bb0340545b4ab70a004d57a66e4e9e640d99d30b76917
raw,Raw_Dataset/D20/Session_4/D20_S4_Front_blurred.mp4,139339942,,c88706f9db48e5fa09f041a4a070421603795ad8bc74540e626cddc9f1f3d55d
raw,Raw_Dataset/D20/Session_4/D20_S4_Side_blurred.mp4,157466956,,a7ff7511222ff2ff31d84434bd996c4b66298f4a15a946ada28dd999ed28bc55
raw,Raw_Dataset/D20/Session_4/D20_S4_VBOX_raw.csv,5120187,27535.0,4744724a6f3940cded0591fd1ce2a9f2fbe1364e6646b809e8ef75c2bd064c90
raw,Raw_Dataset/D3/Session_1/D3_S1_EmotiBit_ACC.csv,4134485,70475.0,d9d2960c4f4a649669fcf96281b8962e285852122931f782ae7f0fe8bac70c8c
raw,Raw_Dataset/D3/Session_1/D3_S1_EmotiBit_EDA.csv,1674977,42290.0,eb40052d40c89adc36cba92bfbaedbcb77c1b533981c47299d9923bfb71bf030
raw,Raw_Dataset/D3/Session_1/D3_S1_EmotiBit_EDA_LEVEL.csv,1843605,42290.0,e4c9ef74a15938c778d4fe7983312459aa78ab037b78c7ba053d2eaa48bf5b75
raw,Raw_Dataset/D3/Session_1/D3_S1_EmotiBit_GYRO.csv,4186671,70471.0,88957016daafcfe647dd37e7b0557fa4525166c7cb8788b3ebc347f34873a38f
raw,Raw_Dataset/D3/Session_1/D3_S1_EmotiBit_HR.csv,67580,1664.0,972096b0d734e29f57c26f8aa2aba58d358eb1c4165cc727fa883716a288193a
raw,Raw_Dataset/D3/Session_1/D3_S1_EmotiBit_IBI.csv,69908,1664.0,9b8561de6fae241089410b5f13993a412dbf8aae4b86344632442301abec7472
raw,Raw_Dataset/D3/Session_1/D3_S1_EmotiBit_MAG.csv,4316367,70469.0,def259cb8bb23fd16f20ed6eb50359ead853874fd15fa3f4d67cb2c34121e2b5
raw,Raw_Dataset/D3/Session_1/D3_S1_EmotiBit_PPG_GREEN.csv,2995999,70313.0,41263ce1332fcfff2dea77a965dd7c541008dbd5dc29e0b45f1c183bba4a0577
raw,Raw_Dataset/D3/Session_1/D3_S1_EmotiBit_PPG_IR.csv,3136445,70313.0,f51ac70ef3d350eed2092374d5f7a02d761e6ef6ae0a177105e2074b0e963236
raw,Raw_Dataset/D3/Session_1/D3_S1_EmotiBit_PPG_RED.csv,3070604,70313.0,ca22a36f520f03260fe2163d030a8d0eb73cca65dabaab3a10396ccef38de636
raw,Raw_Dataset/D3/Session_1/D3_S1_EmotiBit_SCR_FREQ.csv,340515,8458.0,b3725dece821be52b06101380e382d109697620d12c1ec27a2e9b71f66f82a51
raw,Raw_Dataset/D3/Session_1/D3_S1_EmotiBit_TEMP_CONTACT.csv,858687,21146.0,08df70bd1a1adc69f6dce488f9d9c4d4b8c78c46b215988a996b0c7afd4632b1
raw,Raw_Dataset/D3/Session_1/D3_S1_EmotiBit_TEMP_THERMOPILE.csv,858647,21145.0,e38d96f3bd6a967e0710771505000261b26545dd1f57ced954d59a0bc82b33c6
raw,Raw_Dataset/D3/Session_1/D3_S1_Front_blurred.mp4,433460740,,181098d6cb4113b42f1868cd57eff8f2591471948d205699b7b9863ef1886571
raw,Raw_Dataset/D3/Session_1/D3_S1_Side_blurred.mp4,447161867,,46fd97e33eca0e7c8d08805ffa18de0728b73815c5de91a531e52d37039db624
raw,Raw_Dataset/D3/Session_1/D3_S1_VBOX_raw.csv,12499181,70476.0,390783e2360d54c47145b285a81430dbd1e3c77a3ec84750ff52a1ad653bf0d2
raw,Raw_Dataset/D3/Session_2/D3_S2_EmotiBit_ACC.csv,1285934,22076.0,865c957ef0d762f27c8143683d0a8f0474c83f158dd39aed4af715cfa150d74e
raw,Raw_Dataset/D3/Session_2/D3_S2_EmotiBit_EDA.csv,515128,13250.0,e5cca89f74254594947fe3eeab6caccb89f23f0348bcff8a1e7b1490237a60f7
raw,Raw_Dataset/D3/Session_2/D3_S2_EmotiBit_EDA_LEVEL.csv,581351,13250.0,33758d5388765725c64597123234e138e990aee8332086c90f44653a16974a69
raw,Raw_Dataset/D3/Session_2/D3_S2_EmotiBit_GYRO.csv,1294872,22077.0,6d396105d5f2c6b540ca2ce85c648ae41f27bdfc85bd460e4e79aee2afb1840f
raw,Raw_Dataset/D3/Session_2/D3_S2_EmotiBit_HR.csv,41496,1027.0,0481c60222a6e020960695685eb8fbd5a4bd8464f1694988e87f6f7316a2f491
raw,Raw_Dataset/D3/Session_2/D3_S2_EmotiBit_IBI.csv,42279,1027.0,0f154fa3380b5188d13b01e8d1d246e7e13ba25ad182da7b6cb85bc905be499b
raw,Raw_Dataset/D3/Session_2/D3_S2_EmotiBit_MAG.csv,1320523,22077.0,5d97cafbf1588703895c0a91eae7664fa581bb0d02a48f6fd7dc41b9aafe2f7c
raw,Raw_Dataset/D3/Session_2/D3_S2_EmotiBit_PPG_GREEN.csv,921665,22009.0,b9accc12bf129bc75452d9461461a8830387f0cfcbfe351b0260bb9a841e23ab
raw,Raw_Dataset/D3/Session_2/D3_S2_EmotiBit_PPG_IR.csv,965683,22009.0,7b0aae004d44d5481b472be28d0f40d18ce4adda1b3a59e821f72f44a9e3275a
raw,Raw_Dataset/D3/Session_2/D3_S2_EmotiBit_PPG_RED.csv,965683,22009.0,f2473f6f36d99320d3ce8e0e490fde40c543c20699e3298ce42b2abffe181799
raw,Raw_Dataset/D3/Session_2/D3_S2_EmotiBit_SCR_FREQ.csv,105593,2650.0,868ec59534b677c7bf44f51d858eda9cf7eb90308a7d57be96591e8e7b0b1326
raw,Raw_Dataset/D3/Session_2/D3_S2_EmotiBit_TEMP_CONTACT.csv,264242,6626.0,9d7b28f634304358b44e5faa95db113f349ab509d2b676d86975a2a0d12b452d
raw,Raw_Dataset/D3/Session_2/D3_S2_EmotiBit_TEMP_THERMOPILE.csv,264242,6626.0,f7fcbea45c4771f9f3ad2eba19eaed0bfbb3fa2aa4cd35fd7056958a113d4c96
raw,Raw_Dataset/D3/Session_2/D3_S2_Front_blurred.mp4,136217371,,c679a68e6cb791cd59e018d7457318a68aa7ceca8d7da36a25a700a7201fe8f1
raw,Raw_Dataset/D3/Session_2/D3_S2_Side_blurred.mp4,150357388,,edd67b5c3d70444ad7515c437947a05525d35c60d6f0511aa7ae0a7b77b653c0
raw,Raw_Dataset/D3/Session_2/D3_S2_VBOX_raw.csv,4120992,22082.0,149b503dfbe37406d06bf2f082573815437a326c74496230fa7254060bfe53dd
raw,Raw_Dataset/D3/Session_3/D3_S3_EmotiBit_ACC.csv,3337823,57052.0,b980039567d1a638f35d3eccb278bd27bee3dff258aa2d74a604ca457533db0d
raw,Raw_Dataset/D3/Session_3/D3_S3_EmotiBit_EDA.csv,1353177,34245.0,9ce774717838627ad979776cea33b48337bb492105d6f8fc10db89e73b5f07fe
raw,Raw_Dataset/D3/Session_3/D3_S3_EmotiBit_EDA_LEVEL.csv,1524402,34245.0,bd9a56c28fbdb17c399d3b083c89bb1a5a2d8d686995872f802938cd85e4bd71
raw,Raw_Dataset/D3/Session_3/D3_S3_EmotiBit_GYRO.csv,3379894,57053.0,d50cdb6cc54a24ddca4e18133934787ef756ed0ac3fe2f1dfcc4931febabedbd
raw,Raw_Dataset/D3/Session_3/D3_S3_EmotiBit_HR.csv,89171,2191.0,3e7e773a38994ce442afd5172ee83a65c5ddfe04a5bb3b7458814450a43d882c
raw,Raw_Dataset/D3/Session_3/D3_S3_EmotiBit_IBI.csv,91568,2191.0,08d569623625df37e53b18716293ed97a6664712f0a725a5182a1d5dcfeed070
raw,Raw_Dataset/D3/Session_3/D3_S3_EmotiBit_MAG.csv,3534608,57048.0,b0b9e97cddaf3ce41e9230cbb8f2dc94148d315ac08c113e786eae470eebfdb3
raw,Raw_Dataset/D3/Session_3/D3_S3_EmotiBit_PPG_GREEN.csv,2418504,56887.0,2e448a802450d5dc4bdea4534951b3d56aa6142a3300b1ebd4c88de05fe9d0c6
raw,Raw_Dataset/D3/Session_3/D3_S3_EmotiBit_PPG_IR.csv,2532278,56887.0,c6b7c4899de84757ec9395946a9cec8158b191650580ee48dfdb68835260e3f2
raw,Raw_Dataset/D3/Session_3/D3_S3_EmotiBit_PPG_RED.csv,2479842,56887.0,700cc14a8dd9fe49fc462f96cdad8a9e5ee315a2350bf788de7e15eeb7b521db
raw,Raw_Dataset/D3/Session_3/D3_S3_EmotiBit_SCR_FREQ.csv,270721,6849.0,a91605b6eec9faf9a5a6cdd4efbfd4f471335df3ce70106fc48672d2f8fdd360
raw,Raw_Dataset/D3/Session_3/D3_S3_EmotiBit_TEMP_CONTACT.csv,693745,17123.0,f7bb1ee9a04901b22f9d51f0efb13730eb8da4fe99ee195863ea98e8bfa90ca1
raw,Raw_Dataset/D3/Session_3/D3_S3_EmotiBit_TEMP_THERMOPILE.csv,693745,17123.0,0122f027b8154b2021b8b934b7a7678659eedc0229be0777b0bf227b0c2c8e40
raw,Raw_Dataset/D3/Session_3/D3_S3_Front_blurred.mp4,316538012,,596e170f49215ccc2e921cdc1d4aa8989541f423e7bc91841480ac67ccc2e284
raw,Raw_Dataset/D3/Session_3/D3_S3_Side_blurred.mp4,331428868,,784ab4753568b48c455b858fb1dfd27084a9fa10642969e1e929d8ceca07f4a1
raw,Raw_Dataset/D3/Session_3/D3_S3_VBOX_raw.csv,10135406,57072.0,67e58ff9d76c0c517a9a8d122ac6bf9d2b852859dc9035250e8e9bc7ccd9bfc5
raw,Raw_Dataset/D3/Session_4/D3_S4_EmotiBit_ACC.csv,1836048,31592.0,3c4df127e57dc70dc3787e2df690b7defdabee6e97374221a7c873bbee05b434
raw,Raw_Dataset/D3/Session_4/D3_S4_EmotiBit_EDA.csv,741894,18963.0,7a6eb7a0363d757622d159dbda48431b6e1c78a10bf01257a91931c8844c9150
raw,Raw_Dataset/D3/Session_4/D3_S4_EmotiBit_EDA_LEVEL.csv,836701,18963.0,f58bb024c6c26a1fcb955e6228a2657ec689369d3f4816fd027aba91dbf991ba
raw,Raw_Dataset/D3/Session_4/D3_S4_EmotiBit_GYRO.csv,1860017,31591.0,553567ed96a9be4e06cd92a78d703ae8897308c3bd7ad27f0380d80d237c22d2
raw,Raw_Dataset/D3/Session_4/D3_S4_EmotiBit_HR.csv,52068,1286.0,21d18001f2f98d823d070dbd56404a0c96ff2b3105663c2044c41d32b7bafed4
raw,Raw_Dataset/D3/Session_4/D3_S4_EmotiBit_IBI.csv,53162,1286.0,0aa2c625fc1d1d2ff2f47fb02e103c55c7e86f1a3654ab83cc8dd565d23297e0
raw,Raw_Dataset/D3/Session_4/D3_S4_EmotiBit_MAG.csv,1930958,31593.0,0ba899b862e4de1babf8dd3dddb63a5fbf043ac98d050bea67759675fd5ac763
raw,Raw_Dataset/D3/Session_4/D3_S4_EmotiBit_PPG_GREEN.csv,1326994,31503.0,c66a10becbb11a8c6e0aafc5b782c7179a2c73c47f01aaef1b26c8ce51967ba8
raw,Raw_Dataset/D3/Session_4/D3_S4_EmotiBit_PPG_IR.csv,1390000,31503.0,5d7284d85ce4644005911b93aadf1ccafb01237dd109f28bdbdd182af5a35d05
raw,Raw_Dataset/D3/Session_4/D3_S4_EmotiBit_PPG_RED.csv,1358569,31503.0,b66a98a474f3dc0e742b5715f403b221d8cfe21b3aa8c6e0e6ae81ea89a9f3b0
raw,Raw_Dataset/D3/Session_4/D3_S4_EmotiBit_SCR_FREQ.csv,148986,3792.0,dc0889ac9cd7dc609cd7a73065800083e111061bbc3909041d33ff4149e12515
raw,Raw_Dataset/D3/Session_4/D3_S4_EmotiBit_TEMP_CONTACT.csv,380422,9481.0,0986fa4a6ab4e456c8d11e465d2d4ce1c71123d0cc039e2043b4d2672450cf1f
raw,Raw_Dataset/D3/Session_4/D3_S4_EmotiBit_TEMP_THERMOPILE.csv,380423,9481.0,b6ada34ce1d2e35d9c91847e087bfd001e4e18cd6230a9a5346ca46674dde330
raw,Raw_Dataset/D3/Session_4/D3_S4_Front_blurred.mp4,189277252,,9746541bc2e64311c8cf0f79db05761399c45cf6ed2b251b84ba6aa712ad7c1c
raw,Raw_Dataset/D3/Session_4/D3_S4_Side_blurred.mp4,209442408,,d96a6f14a7b4b8412d4b2ec1cb01ad0d7c347cbac640b6adc5525de631f258a3
raw,Raw_Dataset/D3/Session_4/D3_S4_VBOX_raw.csv,5862236,31593.0,76cfc179bfb2dcfede28e40534867880de181bcb961708b02d88c040d45f5008
raw,Raw_Dataset/D4/Session_1/D4_S1_EmotiBit_ACC.csv,3350162,56617.0,2320900afa9628905c67c00c6301a5c5b2a04b4554355d0d58203f2892a99ab6
raw,Raw_Dataset/D4/Session_1/D4_S1_EmotiBit_EDA.csv,1440743,33965.0,6f6aacfabb0c730f891837cfc45761274b8d97d2ae5126baddac23380235f7e9
raw,Raw_Dataset/D4/Session_1/D4_S1_EmotiBit_EDA_LEVEL.csv,1511645,33965.0,e3f9acd4a40e4099f79c10ddfadd0541f97476cb406f884aa9310759f1371ab3
raw,Raw_Dataset/D4/Session_1/D4_S1_EmotiBit_GYRO.csv,3362489,56615.0,a41746ef07c0a223cb8f22d792c079fb93540c378c040a7203c1995833207608
raw,Raw_Dataset/D4/Session_1/D4_S1_EmotiBit_HR.csv,83292,2044.0,cdf4f7b87f539a08691a311b6749ad71839a03707f44a3d36207cb401c54ec9e
raw,Raw_Dataset/D4/Session_1/D4_S1_EmotiBit_IBI.csv,85594,2044.0,044ddfb1e4f6b0221424fbde64579f70a6b884a8508a2b838ae1dfe763c8cdee
raw,Raw_Dataset/D4/Session_1/D4_S1_EmotiBit_MAG.csv,3470426,56616.0,54eb9befface407b46ac93a14d00f84bcfc9746e188bb32e8375fddd94802676
raw,Raw_Dataset/D4/Session_1/D4_S1_EmotiBit_PPG_GREEN.csv,2400051,56458.0,1bafb4c389ed3e4cc7958c4b38e350cf7349b1c453dbdfb077f9e5ffe82274e0
raw,Raw_Dataset/D4/Session_1/D4_S1_EmotiBit_PPG_IR.csv,2512967,56458.0,d309c1bc849040d1dbfb8e4b8ff95404b9236f97bb01998db2864824aca2f70d
raw,Raw_Dataset/D4/Session_1/D4_S1_EmotiBit_PPG_RED.csv,2456509,56458.0,02db2fcd4240fc414c8a39201d387dbf011906848cf482865bebf718f9092425
raw,Raw_Dataset/D4/Session_1/D4_S1_EmotiBit_SCR_FREQ.csv,268985,6794.0,9602c27ba5dcb4ce671babff0078051473c37df503e03518e63d0c04d41da186
raw,Raw_Dataset/D4/Session_1/D4_S1_EmotiBit_TEMP_CONTACT.csv,687966,16982.0,ec163b79b2fde16136586d81364231e34bdb48637860d397a64a7c08d42b7999
raw,Raw_Dataset/D4/Session_1/D4_S1_EmotiBit_TEMP_THERMOPILE.csv,686383,16943.0,0e58e827d4e7ca1334c4a2915476d645c8049dbeb4a198239cb107f9a89c385a
raw,Raw_Dataset/D4/Session_1/D4_S1_Front_blurred.mp4,309590168,,a9a689808e402924101912a8ae25c4ff40f61518f640daea09778e5dbecba77d
raw,Raw_Dataset/D4/Session_1/D4_S1_Side_blurred.mp4,321979503,,4580d810728127084628ad4c17c71f833848f2151d064b9d3490b49c6836a8ea
raw,Raw_Dataset/D4/Session_1/D4_S1_VBOX_raw.csv,10451306,56622.0,78cec839f926c34dfe0a6d2277aa9a6c04e6aa796f125cb2ec42f72fff71b540
raw,Raw_Dataset/D4/Session_2/D4_S2_EmotiBit_ACC.csv,1583815,27305.0,e96ac28723c0592ccbeee3d2b9cb0623b90f689a06f06d5fd3ed818cc1a1f96a
raw,Raw_Dataset/D4/Session_2/D4_S2_EmotiBit_EDA.csv,639053,16392.0,cd31759198d49ef56cff8547e7af1981568542164466568fbf5b31a5f822adaa
raw,Raw_Dataset/D4/Session_2/D4_S2_EmotiBit_EDA_LEVEL.csv,721002,16392.0,f294b6633ecdd88cbb41e93e49d7e8f14373e6d0463086c45a8fb7d5d505cd82
raw,Raw_Dataset/D4/Session_2/D4_S2_EmotiBit_GYRO.csv,1607791,27307.0,ec079af23dd9dad5e98d0b0973da142a024d51f6a8a4ac4912c62d0ab4bd2fc2
raw,Raw_Dataset/D4/Session_2/D4_S2_EmotiBit_HR.csv,54922,1359.0,870b84c67fc60f5c5d1830f67b672dcb6a2da8638166c2a3c45556551a67d201
raw,Raw_Dataset/D4/Session_2/D4_S2_EmotiBit_IBI.csv,55828,1359.0,82a804db264fce2b9ebccb2b0659f395018251da0039ff52b606b54a9702e5c9
raw,Raw_Dataset/D4/Session_2/D4_S2_EmotiBit_MAG.csv,1664457,27308.0,77affb55568c17f399501fccd5671c29aca270983f9ed9d9b0ded8a0d45b21bf
raw,Raw_Dataset/D4/Session_2/D4_S2_EmotiBit_PPG_GREEN.csv,1142920,27222.0,7b0bc2bc7e0bc1f9ced260da1862367fcbd8ef668b9c0c51b41ba332b80735e5
raw,Raw_Dataset/D4/Session_2/D4_S2_EmotiBit_PPG_IR.csv,1197364,27222.0,7882c0a525d2f97e03f808ec8fe1c66d8fff0c8555c0bda0038f6229faf6b2a8
raw,Raw_Dataset/D4/Session_2/D4_S2_EmotiBit_PPG_RED.csv,1170142,27222.0,da7983f7ba6fbc4a2235dbedc55ebe39bf2b5fdb2729e545589ba7bb5a3c72b4
raw,Raw_Dataset/D4/Session_2/D4_S2_EmotiBit_SCR_FREQ.csv,128143,3279.0,322e70409ec38e2ab2447a9d5c12b415c26f46cf4400c2c325377ec3f2ba3caa
raw,Raw_Dataset/D4/Session_2/D4_S2_EmotiBit_TEMP_CONTACT.csv,327737,8196.0,e17e893a514ecef3879d9b141231e942db220f793f532925a85c9e24b4ef60ba
raw,Raw_Dataset/D4/Session_2/D4_S2_EmotiBit_TEMP_THERMOPILE.csv,327737,8196.0,3f2ec0dd702d2388d102683e27582f896034b2c9a046230b32a93fea81089a30
raw,Raw_Dataset/D4/Session_2/D4_S2_Front_blurred.mp4,172752640,,3311c2764f04015e5ca9354a262aea932749c3f7ddf25707f613c29ab52b090b
raw,Raw_Dataset/D4/Session_2/D4_S2_Side_blurred.mp4,191426196,,a8b7ad69f549f955028fc04575af0745f83443ae4fd44802af4aa4690cd8e07f
raw,Raw_Dataset/D4/Session_2/D4_S2_VBOX_raw.csv,5078760,27304.0,69317c1f5b64511b3725b0b539bde2f48f5b3b5b696be9349cf6d820f13df274
raw,Raw_Dataset/D4/Session_3/D4_S3_EmotiBit_ACC.csv,5083200,87583.0,50bba827fb77672d711897797d54e934ad37e46d59457940eb551ac5450ac8c8
raw,Raw_Dataset/D4/Session_3/D4_S3_EmotiBit_EDA.csv,2129345,52572.0,470abee7217f2f675be14a7b2975196a2cf118a449b67f6a9fc7f1e76e90069d
raw,Raw_Dataset/D4/Session_3/D4_S3_EmotiBit_EDA_LEVEL.csv,2349079,52572.0,305b3bf280b5e6113ebda8649b925ffb2b8c657dc844e2999cad08ee0a03fbf6
raw,Raw_Dataset/D4/Session_3/D4_S3_EmotiBit_GYRO.csv,5208883,87583.0,b76535f716486b22b75bc5b6a35c3ca2e678c455321e8c529c036f5f9847a314
raw,Raw_Dataset/D4/Session_3/D4_S3_EmotiBit_HR.csv,169445,4158.0,887743911269788f7a70ffaacc425b980066db05d186968f00c6f6c292ffff9d
raw,Raw_Dataset/D4/Session_3/D4_S3_EmotiBit_IBI.csv,174102,4158.0,0b01d588a47d55c5b2e407f71e0e9b52ad74851a1a93f65b766c07d893d38938
raw,Raw_Dataset/D4/Session_3/D4_S3_EmotiBit_MAG.csv,5461995,87580.0,a2988a4ea7e229d8fdb2a18746fa04cf1443add7fabfa5e7919df040b1599323
raw,Raw_Dataset/D4/Session_3/D4_S3_EmotiBit_PPG_GREEN.csv,3727766,87335.0,3ab6fd080f721e9d2f0eb5b44f0cd28e8fc3d0b99b3c02222b62ad7d43227a4a
raw,Raw_Dataset/D4/Session_3/D4_S3_EmotiBit_PPG_IR.csv,3902409,87335.0,fe734d83c1fc33bbca64d4e73816f16913e796e489e7b762b6fd6f137504ab88
raw,Raw_Dataset/D4/Session_3/D4_S3_EmotiBit_PPG_RED.csv,3815103,87335.0,9b8662a1cf61ef7f7ab13139b7fc8c618285dc1617386924055873b1304c8df1
raw,Raw_Dataset/D4/Session_3/D4_S3_EmotiBit_SCR_FREQ.csv,417601,10515.0,7e04f0219aefed6680e92b8cf7510779bcc6b83af5ddf666d2d64d6fae616f0d
raw,Raw_Dataset/D4/Session_3/D4_S3_EmotiBit_TEMP_CONTACT.csv,1069427,26286.0,37acefb92a4f5b8316daa9ebc44f3a8c0ea14c3fff57e3318b440b8aaa4d4e04
raw,Raw_Dataset/D4/Session_3/D4_S3_EmotiBit_TEMP_THERMOPILE.csv,1069427,26286.0,aa8e816bfd5506f9485fa2d3b47349b9eadf3b05cf415587869d870e5aef61b2
raw,Raw_Dataset/D4/Session_3/D4_S3_Front_blurred.mp4,473787086,,919b401e1a7bc3d1118cc6113623ec4b58f9f1683427c8c70522217fec4b69eb
raw,Raw_Dataset/D4/Session_3/D4_S3_Side_blurred.mp4,464404010,,0ca7980ffa702034943bed56c7e8f9a4a76928eeda1c8945820e83c806105923
raw,Raw_Dataset/D4/Session_3/D4_S3_VBOX_raw.csv,16066279,87597.0,08cac07cceedc589cab2fda42c6e286da2ffb7b3a8e985353ba63229f0a3caf4
raw,Raw_Dataset/D4/Session_4/D4_S4_EmotiBit_ACC.csv,1650413,28588.0,c88f6aecf2463866b1e312da0110183d898d6b51853f046d652d78a92ea1fd71
raw,Raw_Dataset/D4/Session_4/D4_S4_EmotiBit_EDA.csv,669814,17161.0,7ce2bda75e665bfb47f3f5a98311fd407b62744b40ac689ac3cf4b74bfca7adf
raw,Raw_Dataset/D4/Session_4/D4_S4_EmotiBit_EDA_LEVEL.csv,730672,17161.0,dd1d6b521a432de4acd659224a359d7e9ebc95f6796e9dd971faf2bd1a14808a
raw,Raw_Dataset/D4/Session_4/D4_S4_EmotiBit_GYRO.csv,1682467,28587.0,819f4f209d3fb73370edda9f423ff0f5f81314b5e1b47c87dfcf7a06e63f9b1f
raw,Raw_Dataset/D4/Session_4/D4_S4_EmotiBit_HR.csv,71174,1744.0,ef0de1a86ee2d9de66797ec0dba7fd9713a30e596964a4a5eec7ad253a55582f
raw,Raw_Dataset/D4/Session_4/D4_S4_EmotiBit_IBI.csv,71711,1744.0,f810cfe37d8b74ff776696f197bb201b58dd50ecf2ae05a52c01c49b56364f73
raw,Raw_Dataset/D4/Session_4/D4_S4_EmotiBit_MAG.csv,1731546,28589.0,fca69f951fbb7a713dffe9b3324d99559f225151ab2288a3d316b65446f8d58a
raw,Raw_Dataset/D4/Session_4/D4_S4_EmotiBit_PPG_GREEN.csv,1198084,28505.0,da500d8f8d64f5de2cff998d1424d4e221b3b7b1789a84cb5aa79f099e61b745
raw,Raw_Dataset/D4/Session_4/D4_S4_EmotiBit_PPG_IR.csv,1255094,28505.0,12d22938dc5bee4caeae1134a56c4eca0a894423523765d467e6e323dc4c3b56
raw,Raw_Dataset/D4/Session_4/D4_S4_EmotiBit_PPG_RED.csv,1226589,28505.0,50a7202f396ecb8e817c257b1b5f1386ebf909fb2198ceb6c24b560015c74da7
raw,Raw_Dataset/D4/Session_4/D4_S4_EmotiBit_SCR_FREQ.csv,138852,3432.0,6ac95b0e877471f09037cebfe40d29cb3ac66c47e958bf38dddd06738a03e930
raw,Raw_Dataset/D4/Session_4/D4_S4_EmotiBit_TEMP_CONTACT.csv,343481,8580.0,31da4bd6142978f402d805417704f5e363b911972eb7d5313e4d0e6764e95359
raw,Raw_Dataset/D4/Session_4/D4_S4_EmotiBit_TEMP_THERMOPILE.csv,343481,8580.0,738bc1b7478e68ebd6b40b62e3efbb54b557dd2b35255b2a2dd125fd8f163884
raw,Raw_Dataset/D4/Session_4/D4_S4_Front_blurred.mp4,173484110,,ccf52b5fa7119dd9cf7fc66824733792613ccf04155bb498dfe68ff40ba50b41
raw,Raw_Dataset/D4/Session_4/D4_S4_Side_blurred.mp4,197994805,,43a2361abff9221c724cc61fb39e87695c9a56062e43b09612a842d09be5172d
raw,Raw_Dataset/D4/Session_4/D4_S4_VBOX_raw.csv,5120959,28584.0,ca85e7314ed1c990b6e502c391e8a78fc8712bc32c7afe6c6b2cd3d0576d4cc4
raw,Raw_Dataset/D5/Session_1/D5_S1_EmotiBit_ACC.csv,4516434,76865.0,445a34e6e097d023ac4c42ade9b8e8cb26f8690a97e1c5c1addd9f2594079b17
raw,Raw_Dataset/D5/Session_1/D5_S1_EmotiBit_EDA.csv,1828494,46128.0,3bccf9cd58540c39befa91340a9e315fa5bc7a408e1502b968c87054c1f25dbe
raw,Raw_Dataset/D5/Session_1/D5_S1_EmotiBit_EDA_LEVEL.csv,2025286,46128.0,4ea2e2851f5b8be02962fac362bc6a048ea5f3993e7f248109812cd239d5ef6b
raw,Raw_Dataset/D5/Session_1/D5_S1_EmotiBit_GYRO.csv,4609119,76862.0,139a903d39ec367f5d01691f1ac8981316e5da832dc2027ec0391eac6d129231
raw,Raw_Dataset/D5/Session_1/D5_S1_EmotiBit_HR.csv,89230,2188.0,3268cf0a06ecbba6b41e8287db4e2939819a70951c13283c2914bbb0db68101a
raw,Raw_Dataset/D5/Session_1/D5_S1_EmotiBit_IBI.csv,92218,2188.0,c13919fee69337ead5f03a76ac5b9506292f8c268ccd0454300cd147af2f910f
raw,Raw_Dataset/D5/Session_1/D5_S1_EmotiBit_MAG.csv,4640040,76860.0,467d2640b561f8b91206c34877df56a36c5f38c5b3409050ef0996ab4efb46dc
raw,Raw_Dataset/D5/Session_1/D5_S1_EmotiBit_PPG_GREEN.csv,3269899,76687.0,1b5f7ef77dd9ae5f9703d36a861dc9987b9d822a6f15bdf4e3e7b5d024e965a6
raw,Raw_Dataset/D5/Session_1/D5_S1_EmotiBit_PPG_IR.csv,3423270,76687.0,aa2036f0de0fe18141eaadbdd9ff54ac79811b685820c0cd70f59d24ce5f7546
raw,Raw_Dataset/D5/Session_1/D5_S1_EmotiBit_PPG_RED.csv,3351708,76687.0,d3c58d9fe87279b829cd7a705b0fd34ff3b1389121274f4ee37f45f5c79e50a2
raw,Raw_Dataset/D5/Session_1/D5_S1_EmotiBit_SCR_FREQ.csv,374346,9226.0,6a63e45cf3b6b4b461470a291055d5100f4e829cc3389fb6eb7b96128ae247d0
raw,Raw_Dataset/D5/Session_1/D5_S1_EmotiBit_TEMP_CONTACT.csv,937366,23065.0,772f91d79f7f79f8c0e20dc3c4d5035fbad0fb8831a2611160fca4c9db868db6
raw,Raw_Dataset/D5/Session_1/D5_S1_EmotiBit_TEMP_THERMOPILE.csv,937325,23064.0,0c3d29ab7d8de79c75490af4ebac55501cf25a3062f47108eb47ca953877eeda
raw,Raw_Dataset/D5/Session_1/D5_S1_Front_blurred.mp4,491285256,,ebdad494c1b5599fde7cc4fc940564957a9cdb974876236216e6967f45543439
raw,Raw_Dataset/D5/Session_1/D5_S1_Side_blurred.mp4,530395076,,14db2f52d9821c305006b12ae21c178ea2d9de3c8a9302d224c3ebbc784705c1
raw,Raw_Dataset/D5/Session_1/D5_S1_VBOX_raw.csv,14120864,76871.0,0e74ea984663370297fe6ab5e89a6249abb555b6cfe6cb90d8f34a5f5bb5aa10
raw,Raw_Dataset/D5/Session_2/D5_S2_EmotiBit_ACC.csv,1481740,25566.0,89b03fd6a0f742089117dde327ae6e77dc3fd4e4a169205aa56e5303012e6478
raw,Raw_Dataset/D5/Session_2/D5_S2_EmotiBit_EDA.csv,597213,15346.0,1a8bb9951fe19c8e80881ca67909912ad27cdc1572584b98ded495607a001be4
raw,Raw_Dataset/D5/Session_2/D5_S2_EmotiBit_EDA_LEVEL.csv,673943,15346.0,24c406979a6ca2fc5bd2f10df9ad13bea362ea199b20de95c5ce9f236c9bb40c
raw,Raw_Dataset/D5/Session_2/D5_S2_EmotiBit_GYRO.csv,1504381,25566.0,7cdacf0b40f32569a9dc9ac19a4e51224c5a703d8f46dac66c1bc18d0faf260d
raw,Raw_Dataset/D5/Session_2/D5_S2_EmotiBit_HR.csv,42137,1054.0,5c13a4f5312a7d968ef66bcb5b3672f65d95bc540320dccf42fe792c2f8693f4
raw,Raw_Dataset/D5/Session_2/D5_S2_EmotiBit_IBI.csv,43445,1054.0,56812574c1d65c460b5774d546e2d1896b1515e51fd8eddb4afc4105da66914a
raw,Raw_Dataset/D5/Session_2/D5_S2_EmotiBit_MAG.csv,1538707,25567.0,68297fb14c1f154468430e83c274d774898e7de51617077a7fc19a458dee23c5
raw,Raw_Dataset/D5/Session_2/D5_S2_EmotiBit_PPG_GREEN.csv,1068730,25497.0,6c388c7f26c2ccc305da4815c6a754f3bff2735c8795d09c17e02060ea086a24
raw,Raw_Dataset/D5/Session_2/D5_S2_EmotiBit_PPG_IR.csv,1119724,25497.0,1bf321fd8f326e5732b018985c92b865423619893f9e3456edcace8568e376c0
raw,Raw_Dataset/D5/Session_2/D5_S2_EmotiBit_PPG_RED.csv,1110515,25497.0,a6bab8a2d84fe3aba11c52ece6e297aa6bc4f38f4405a2768b529ae4306a4a4f
raw,Raw_Dataset/D5/Session_2/D5_S2_EmotiBit_SCR_FREQ.csv,121043,3069.0,54711dd60fb4115c22028111c8660170453cc1d4f97a0e5891f67f5f3df0125e
raw,Raw_Dataset/D5/Session_2/D5_S2_EmotiBit_TEMP_CONTACT.csv,306294,7673.0,0f668f457dda3a1f25a15b4c185b9f75bb3d7c7301b2fddaf88c70d5350aee86
raw,Raw_Dataset/D5/Session_2/D5_S2_EmotiBit_TEMP_THERMOPILE.csv,306294,7673.0,42899f8989bc0d075bf7b6276234fb8e22d89ff33e53d07e60d3d0e530bbf373
raw,Raw_Dataset/D5/Session_2/D5_S2_Front_blurred.mp4,163864656,,c1c69d327c73dfdca339ca4b1ba5e086ada29a2d8636e3c7cd7524db7029108e
raw,Raw_Dataset/D5/Session_2/D5_S2_Side_blurred.mp4,193912071,,77a7e4d273d0b67742177a4b42edebf69e440ae9ab3f72dc5aaa135e0d9b406f
raw,Raw_Dataset/D5/Session_2/D5_S2_VBOX_raw.csv,4576679,25568.0,fdbde35b469b010c0f675451457240c2bd82760dc5a1d1c87add6d3d451f7e5a
raw,Raw_Dataset/D5/Session_3/D5_S3_EmotiBit_ACC.csv,4159388,70077.0,550e02b885579bdb5d0010b20c9bc71e3be59afd220439df084846caab32d6e6
raw,Raw_Dataset/D5/Session_3/D5_S3_EmotiBit_EDA.csv,1665658,42057.0,c9c743720ab3185f91dedb14b0c69e0e37070b0e4fa374437e1d5ae72c539476
raw,Raw_Dataset/D5/Session_3/D5_S3_EmotiBit_EDA_LEVEL.csv,1846755,42057.0,688af514aa0c8fd1d8fa2ed39980d01b639ae786a7de8eba4244e31e8c987772
raw,Raw_Dataset/D5/Session_3/D5_S3_EmotiBit_GYRO.csv,4188372,70075.0,3789b193ec551a66f8bc5e6a6763aba370124b4333709975a4df7f0b5bd1ad21
raw,Raw_Dataset/D5/Session_3/D5_S3_EmotiBit_HR.csv,91981,2255.0,e82e0d14a767e7fd201071e32f772b39889a2f3c5fb146443a9e60de66c9fc8e
raw,Raw_Dataset/D5/Session_3/D5_S3_EmotiBit_IBI.csv,94457,2255.0,08a074be0974d3386d33397186b23fda1ac778b88fdac63b0d760d0e07a6ea09
raw,Raw_Dataset/D5/Session_3/D5_S3_EmotiBit_MAG.csv,4275101,70079.0,9245728f6740ee3a9a989b022ed77eeab92c79707f3b7befe8bc3d5874dfbe9f
raw,Raw_Dataset/D5/Session_3/D5_S3_EmotiBit_PPG_GREEN.csv,2979950,69913.0,5444e9bec2724070c1157e3e957271d5c023a73f8010d95efbd747fed5118d27
raw,Raw_Dataset/D5/Session_3/D5_S3_EmotiBit_PPG_IR.csv,3118362,69913.0,5802dfdd1a3173d1bd832fd6def1d262b436dcf07d734877a2d40088312d884c
raw,Raw_Dataset/D5/Session_3/D5_S3_EmotiBit_PPG_RED.csv,3074147,69913.0,ae86475a30dab28e2b84a013528af6dd13b8f13fd7d73fd35ff60625235c2a0f
raw,Raw_Dataset/D5/Session_3/D5_S3_EmotiBit_SCR_FREQ.csv,341186,8412.0,ef00b1e5325b7c40d0b26a35c5c8091095dbfb19c4a2d227e1de6df9c04e6e0e
raw,Raw_Dataset/D5/Session_3/D5_S3_EmotiBit_TEMP_CONTACT.csv,853891,21029.0,9761e1e173406f68cdfc4b185c6248d00283482e5495a44a5c331b59745bbac8
raw,Raw_Dataset/D5/Session_3/D5_S3_EmotiBit_TEMP_THERMOPILE.csv,853891,21029.0,4928a716da94d46893688c2423d545be9690f5f439f5e75ea7bd9c7ef972252f
raw,Raw_Dataset/D5/Session_3/D5_S3_Front_blurred.mp4,395636462,,53f0351d5324a7814916ea9d918a3b27b3943ad03a7f3fa43df9535e4dd42646
raw,Raw_Dataset/D5/Session_3/D5_S3_Side_blurred.mp4,421593622,,d9577a99976472b9803bb79ebdc32fe4d73fe175411978201da97ea92eed3284
raw,Raw_Dataset/D5/Session_3/D5_S3_VBOX_raw.csv,12427321,70086.0,a08548a1108e947f6b7250801b68e3fd0b8208f6c7038a1d605fdfe5258e5817
raw,Raw_Dataset/D5/Session_4/D5_S4_EmotiBit_ACC.csv,1521410,26195.0,f94531f717444437ede1bbb28ccb6f3827f35f21eabacb0ab735feb3a1a3b8f0
raw,Raw_Dataset/D5/Session_4/D5_S4_EmotiBit_EDA.csv,612097,15718.0,181215840fe1e9b103da88bb022a68cda3c6fd3210830f9715d44b3b6d33a735
raw,Raw_Dataset/D5/Session_4/D5_S4_EmotiBit_EDA_LEVEL.csv,690229,15718.0,9bbee3cf2bc3224805316e5bbfd6e84dbb2e6a08a005ec5b79006350f8ccf16f
raw,Raw_Dataset/D5/Session_4/D5_S4_EmotiBit_GYRO.csv,1539171,26193.0,ab99754252eb4426b4aad26c8eeda366559d21041f47564d2690fec54b539a22
raw,Raw_Dataset/D5/Session_4/D5_S4_EmotiBit_HR.csv,27212,680.0,245bcea1dc94ad2bbeb764c5a41cc7957f42776e7dd565ffb2ebb07922458658
raw,Raw_Dataset/D5/Session_4/D5_S4_EmotiBit_IBI.csv,28217,680.0,8dd291d276d9c91fc5943e00f1d8841f1ba968a8b1aab737cac78c1b7bc768ea
raw,Raw_Dataset/D5/Session_4/D5_S4_EmotiBit_MAG.csv,1571266,26194.0,930f503a37adf1908b55673d8717a87f682c827344de3d4c0bfae1055f63a32f
raw,Raw_Dataset/D5/Session_4/D5_S4_EmotiBit_PPG_GREEN.csv,1096315,26139.0,262cdab031000247f0b15802d2ee27b406fd16ad14fca037dd4d35d0eb9f5214
raw,Raw_Dataset/D5/Session_4/D5_S4_EmotiBit_PPG_IR.csv,1148593,26139.0,adbcba59c6e92dd50e97f4f9573f1f7db6860010e8fb5f619ab149ee07e79ab0
raw,Raw_Dataset/D5/Session_4/D5_S4_EmotiBit_PPG_RED.csv,1122655,26139.0,1921d351bc226acc51283106ddb71c5b0f6d95382ff9009d12373dc798b0b4a8
raw,Raw_Dataset/D5/Session_4/D5_S4_EmotiBit_SCR_FREQ.csv,125074,3143.0,477573cc4ffba29a6f08418c0c720d700118c48a454d94ad5db3d6a10b047151
raw,Raw_Dataset/D5/Session_4/D5_S4_EmotiBit_TEMP_CONTACT.csv,313921,7859.0,9efa4dbfd6ab6494304e20ae8d5177a0f2a6d25934136c2474cb27123ed19b95
raw,Raw_Dataset/D5/Session_4/D5_S4_EmotiBit_TEMP_THERMOPILE.csv,313960,7860.0,927b6d73b12b059346a87b169cfa92ae667af0a4377c1ef41c110ad02dee4dc3
raw,Raw_Dataset/D5/Session_4/D5_S4_Front_blurred.mp4,156645079,,b14f5d6024ebcf61c3ff0271d15c84a39262d32e02e0f0eac552bb96879536ae
raw,Raw_Dataset/D5/Session_4/D5_S4_Side_blurred.mp4,186329357,,23e7e4acdb553080a09522acb7146b879aafad61221bd86045ce4d3172477404
raw,Raw_Dataset/D5/Session_4/D5_S4_VBOX_raw.csv,4865764,26193.0,5eaedfb7ee27f689d5e020b42a56da23456908d42e22888d91b374e9eec317fc
raw,Raw_Dataset/D6/Session_1/D6_S1_EmotiBit_ACC.csv,2515368,43362.0,2699229d8e44bc6567676756632cf487a92d6eeb5980799c1642111e0e064070
raw,Raw_Dataset/D6/Session_1/D6_S1_EmotiBit_EDA.csv,1062049,26026.0,60e75fb54357466f6c035f1361ac02b7ceac5d43e5ef3875e7d4064f01c21d5f
raw,Raw_Dataset/D6/Session_1/D6_S1_EmotiBit_EDA_LEVEL.csv,1154547,26026.0,5d257f8ea269ae16db533bf373e19b6e6ad35893db5d0d5200ccf21c705d2567
raw,Raw_Dataset/D6/Session_1/D6_S1_EmotiBit_GYRO.csv,2576253,43365.0,a8f3a7d06adee2ccf1160ecdf8d529072c1ae1987c504a06d6a7c540152e0fc9
raw,Raw_Dataset/D6/Session_1/D6_S1_EmotiBit_HR.csv,64888,1604.0,fc4e8203fb09aee69e83dc8406414e7515ef87c7e5f86e0e2b83fdc087388c43
raw,Raw_Dataset/D6/Session_1/D6_S1_EmotiBit_IBI.csv,66958,1604.0,79ded5a8f44af25c415b1ebb4af38356496953637455a1b6a263a15274423526
raw,Raw_Dataset/D6/Session_1/D6_S1_EmotiBit_MAG.csv,2617029,43363.0,e132123d9b7517a9c2e603ebf9c659c29e70816c8e35373278af77274a5dce81
raw,Raw_Dataset/D6/Session_1/D6_S1_EmotiBit_PPG_GREEN.csv,1832062,43249.0,ae991f945eb03733ad333bda7e47b99520ee27540d2661bed04231c9fba176e4
raw,Raw_Dataset/D6/Session_1/D6_S1_EmotiBit_PPG_IR.csv,1918560,43249.0,b44a456bc47ae284f4c3ff12b8281f29645a78094ccdbe978af8f1d7153faf72
raw,Raw_Dataset/D6/Session_1/D6_S1_EmotiBit_PPG_RED.csv,1883653,43249.0,41a17e17598e56844c0580b8c646d793f637c4a9cf1449a0bcb92c086b406d78
raw,Raw_Dataset/D6/Session_1/D6_S1_EmotiBit_SCR_FREQ.csv,205223,5206.0,d549ec1d450c31c7b908fd14eb091eaf8febe233b27edae0d91f41cdbd7f8933
raw,Raw_Dataset/D6/Session_1/D6_S1_EmotiBit_TEMP_CONTACT.csv,525275,13014.0,c8426fb789cb1ef4af9143076bfd9141b2095b96ad93436c3ac54f0bb6ce87e1
raw,Raw_Dataset/D6/Session_1/D6_S1_EmotiBit_TEMP_THERMOPILE.csv,525234,13013.0,e3b01c49930c3d27bd36a456f0a5d473c02c973eb1e52cc5c201ea1ff4494ae3
raw,Raw_Dataset/D6/Session_1/D6_S1_Front_blurred.mp4,231725648,,e2fb9fe024e0ebc597dbfc786b7cc0cdc23c365eb8fef69bedd6754febc0f266
raw,Raw_Dataset/D6/Session_1/D6_S1_Side_blurred.mp4,244613681,,47d7a6514727ac77ad92d94902967ea8c8fd3dbcce7fc6871cec04e9f1bf3a9a
raw,Raw_Dataset/D6/Session_1/D6_S1_VBOX_raw.csv,8010560,43370.0,85b1709c1efae03f1c4689f8785687fa6ab146cef8e85ea0b10442b89dc3abb2
raw,Raw_Dataset/D6/Session_3/D6_S3_EmotiBit_ACC.csv,3047301,52483.0,a134de7e4812c3510c436ee921a613bfae667d8a70c2fe9618228b902ff963c5
raw,Raw_Dataset/D6/Session_3/D6_S3_EmotiBit_EDA.csv,1243337,31499.0,f50e84d3d493229d3a9626d812247b9b3fba70a9732fa2b4a88bdb383e53089b
raw,Raw_Dataset/D6/Session_3/D6_S3_EmotiBit_EDA_LEVEL.csv,1400619,31499.0,2307762cb0a59217d2964394fc09a820f7dba63f6f697508a2a5b374dc7a3e61
raw,Raw_Dataset/D6/Session_3/D6_S3_EmotiBit_GYRO.csv,3127353,52484.0,eee32888150e8bbdc8f1c3acd6500537c7a572d9617c40a6b1bf203cb1528055
raw,Raw_Dataset/D6/Session_3/D6_S3_EmotiBit_HR.csv,71022,1748.0,18d257fec66db50e9da68a46137185964ef0c862b13086d58eb5b5fc0a80772e
raw,Raw_Dataset/D6/Session_3/D6_S3_EmotiBit_IBI.csv,73282,1748.0,c3da57d54ad8e457fe1642d100dd56795a9a110313991e923aeb21633c98f23d
raw,Raw_Dataset/D6/Session_3/D6_S3_EmotiBit_MAG.csv,3174498,52486.0,ceede1de91580117dd951d4ec9bced7bbfea43a2186f5fb22fbb807f85afb17c
raw,Raw_Dataset/D6/Session_3/D6_S3_EmotiBit_PPG_GREEN.csv,2223657,52356.0,0b62ce295e82ed6c047faab0bc6b040b2743db7694e0c965801825e3ae0f86c9
raw,Raw_Dataset/D6/Session_3/D6_S3_EmotiBit_PPG_IR.csv,2328369,52356.0,e3b705cc4bc285740fd7e8c1540af658c53a3459406f658f9f33e6d1433a478d
raw,Raw_Dataset/D6/Session_3/D6_S3_EmotiBit_PPG_RED.csv,2276013,52356.0,4a76e0b934af349b76b86542ba3243222d9cbd7157c4f25e8bae74e79acb324f
raw,Raw_Dataset/D6/Session_3/D6_S3_EmotiBit_SCR_FREQ.csv,251840,6300.0,1c5db7c27f992a6cbbdeb6be3b79e9412b27525e0a5c5e4a243d7be1b358cccd
raw,Raw_Dataset/D6/Session_3/D6_S3_EmotiBit_TEMP_CONTACT.csv,637452,15750.0,d4588f1dd080c42539d6c202c8cbe42385fbedf5b0d69d85772becac3595ad42
raw,Raw_Dataset/D6/Session_3/D6_S3_EmotiBit_TEMP_THERMOPILE.csv,637452,15750.0,2e66c3252f5cac91e7b6741549d097460abffb63842558df9f4ca2e1124aaf9e
raw,Raw_Dataset/D6/Session_3/D6_S3_Front_blurred.mp4,292062424,,ce4487821fe10408f1797c7f705fd1048c1cf3063a9477fa1a284561b97cb4e4
raw,Raw_Dataset/D6/Session_3/D6_S3_VBOX_raw.csv,9674438,52494.0,64023f13452551dcda9b689202a0e89bb4417b3cfb16ce41238a9e84b46e043f
raw,Raw_Dataset/D6/Session_4/D6_S4_EmotiBit_ACC.csv,1379527,23640.0,33f4d3b4b52e19166c5b1ceed3392d56309d3d2d4e39dfa2144c26b03fcc0070
raw,Raw_Dataset/D6/Session_4/D6_S4_EmotiBit_EDA.csv,551709,14188.0,9c88f4bb5db26949d5452f318ea46c5a6ca14a1b0fa5f84c246987f5c8be833e
raw,Raw_Dataset/D6/Session_4/D6_S4_EmotiBit_EDA_LEVEL.csv,619615,14188.0,4be96e18c2876f5b8e0876eed8a0fba160b3a78f8b91e62db428c332d4fe3571
raw,Raw_Dataset/D6/Session_4/D6_S4_EmotiBit_GYRO.csv,1396538,23636.0,d8ebad52434de833e3faa51c876b91b337bc2d761247df59423b3025a4a05dc3
raw,Raw_Dataset/D6/Session_4/D6_S4_EmotiBit_HR.csv,30708,768.0,9f2f8c72d96444f27d5411e7223dda8e7ce83a13095371a01602eb5c22427744
raw,Raw_Dataset/D6/Session_4/D6_S4_EmotiBit_IBI.csv,31786,768.0,33b2649518131f38cf6d78f73e0ad1345419a4327a56a931ec03c394cf61ec8b
raw,Raw_Dataset/D6/Session_4/D6_S4_EmotiBit_MAG.csv,1434422,23640.0,693ff858a696b943215d85a9328d18044d139e49539012ada81d46ee1f32b13b
raw,Raw_Dataset/D6/Session_4/D6_S4_EmotiBit_PPG_GREEN.csv,987561,23578.0,479176b67d0ff9ab94a0493e0c81ac965e271c275da79c147776f2527e143a22
raw,Raw_Dataset/D6/Session_4/D6_S4_EmotiBit_PPG_IR.csv,1034717,23578.0,ab4c34afeeb0072741a66960066762d111b9b0279ac76cd43d970f586ff62431
raw,Raw_Dataset/D6/Session_4/D6_S4_EmotiBit_PPG_RED.csv,1011139,23578.0,ab09b265ed87c29af39ee3477dcd07dd777407e0de6b4c67cbbb4b0ffe23caec
raw,Raw_Dataset/D6/Session_4/D6_S4_EmotiBit_SCR_FREQ.csv,111209,2838.0,961cc018ff6905bff3e745fa12f287432b77bd7681ac57a5ae1a4de19b7b8c3f
raw,Raw_Dataset/D6/Session_4/D6_S4_EmotiBit_TEMP_CONTACT.csv,282962,7094.0,27c9efdfdf1c6c3bc85cd9ce401f9a2c7ad85e5b9dfcfc5296486ae6d591e18e
raw,Raw_Dataset/D6/Session_4/D6_S4_EmotiBit_TEMP_THERMOPILE.csv,282962,7094.0,00a476d0bfe1df5012aa73e13e7ee98c66f3c1f39dab35feee2953528bb501a4
raw,Raw_Dataset/D6/Session_4/D6_S4_Front_blurred.mp4,164053563,,99ac4e8b6b6050e113633ea718a09c9d23586bb49429d8c54d4fead218ae2edb
raw,Raw_Dataset/D6/Session_4/D6_S4_Side_blurred.mp4,190284423,,b5fe155c256a176de1336d03c1dd744165927cb4eab179f7579b1bb336846fe4
raw,Raw_Dataset/D6/Session_4/D6_S4_VBOX_raw.csv,4405802,23642.0,25cf96e0361f3ae62de09904e529df02a473bb59bbe4a6bd236ad7c290a8277b
raw,Raw_Dataset/D7/Session_1/D7_S1_EmotiBit_ACC.csv,5782129,98653.0,65a5ab56aaead642f885aa29d6a7351f0e5b9d0a68a1286120d1713d59eb26b4
raw,Raw_Dataset/D7/Session_1/D7_S1_EmotiBit_EDA.csv,2351497,59203.0,2018da5aaea6eba68453eadfc39c6e594514e4e8a2e5eb9eb16bbbbe35eca257
raw,Raw_Dataset/D7/Session_1/D7_S1_EmotiBit_EDA_LEVEL.csv,2587138,59203.0,9a205e8cd620f716ec8a025c3994577956649c8eddd098402f7f9a6f34cfea86
raw,Raw_Dataset/D7/Session_1/D7_S1_EmotiBit_GYRO.csv,5870907,98652.0,6cda3c4b3ce195ad415d147a7e7635f4d0a5a035678ba5b52680f1bad69fec00
raw,Raw_Dataset/D7/Session_1/D7_S1_EmotiBit_HR.csv,84780,2080.0,c56c6478c06a74ba0a2ffa7f6aab2199bb4e52980b8b9456cd994e1d4ef96a0e
raw,Raw_Dataset/D7/Session_1/D7_S1_EmotiBit_IBI.csv,88027,2080.0,a0103c499eb4db1f661e7cff18229a37c2048af829223c31a266503b22cefb38
raw,Raw_Dataset/D7/Session_1/D7_S1_EmotiBit_MAG.csv,6081977,98654.0,b3dc77818aedaa7616c646bff6e807de4793461c1ddc4d853a6cd8169aba89ff
raw,Raw_Dataset/D7/Session_1/D7_S1_EmotiBit_PPG_GREEN.csv,4204761,98428.0,0127892a9e6591c17c9585fdb28aaf0c781a7264fa1b9b566d6c49c9046e40cc
raw,Raw_Dataset/D7/Session_1/D7_S1_EmotiBit_PPG_IR.csv,4401353,98428.0,94d319298c5072693340be3a3fd4df1be20da8cf0ed52a9cb4d439053158b47b
raw,Raw_Dataset/D7/Session_1/D7_S1_EmotiBit_PPG_RED.csv,4303189,98428.0,9804b002ba78b1fc79bafaabf6c5484049adc0906f8072183768b8051e3720f4
raw,Raw_Dataset/D7/Session_1/D7_S1_EmotiBit_SCR_FREQ.csv,477244,11841.0,f24a77db28d07f1b78cb8eb7286478eb3b01df1630bb3e84b6590bcb9f1983d4
raw,Raw_Dataset/D7/Session_1/D7_S1_EmotiBit_TEMP_CONTACT.csv,1205383,29602.0,afc95598061107de9edd44a7daf3663242bddd4d2bd43c8c6b451c38c16a7f57
raw,Raw_Dataset/D7/Session_1/D7_S1_EmotiBit_TEMP_THERMOPILE.csv,1205384,29602.0,c997e248380f2d1ba83f8158eb4b0ed30cc89dc3c92be55e19b8d9bba966d737
raw,Raw_Dataset/D7/Session_1/D7_S1_Front_blurred.mp4,510050850,,8b5334d7cdf05ebdb90ffbc92b210d8a2eecf02099fc325c20bdb65919e97a9b
raw,Raw_Dataset/D7/Session_1/D7_S1_Side_blurred.mp4,521106406,,44d16ee960c3fae6c1646b089e4a49a73d9737f9499e81bda601633a13e9afba
raw,Raw_Dataset/D7/Session_1/D7_S1_VBOX_raw.csv,18110538,98662.0,ba5cc4bac60fde941ac3709f827c6eff3b20bf8b4509da61e1d8e6ef8924d4a9
raw,Raw_Dataset/D7/Session_2/D7_S2_EmotiBit_ACC.csv,1478281,25184.0,4480d07cdbd359471cc0512dca96124af9fc753ffa7cfb06c11d9b13f5d18d10
raw,Raw_Dataset/D7/Session_2/D7_S2_EmotiBit_EDA.csv,588134,15119.0,ed027ac62f49bdc0a315a4481312a1e263aa4ce8bbacbf40c8d4c222bfd38b07
raw,Raw_Dataset/D7/Session_2/D7_S2_EmotiBit_EDA_LEVEL.csv,638839,15119.0,81673ccfc8587ea1115c01488805ea595d54a0dc42b5d56ec04a92707b77eaa1
raw,Raw_Dataset/D7/Session_2/D7_S2_EmotiBit_GYRO.csv,1480944,25188.0,356459af21f434364b6befd7493c5ea07ea6154b8679001c8091a07f81d3e525
raw,Raw_Dataset/D7/Session_2/D7_S2_EmotiBit_HR.csv,24095,603.0,6c97c0e09ead4659cc90c730dee68583f3280a4d68940816be4fe1caa828a827
raw,Raw_Dataset/D7/Session_2/D7_S2_EmotiBit_IBI.csv,25047,603.0,72f61e79c50d94aca2d13cdb2b9ae99b52acc6185621f83f493e4442e4f841b5
raw,Raw_Dataset/D7/Session_2/D7_S2_EmotiBit_MAG.csv,1519324,25186.0,ab86cdc1777c8e47ec567f585b9f054269a92f9b26f2bc5ea2fb653e8f8a5c0d
raw,Raw_Dataset/D7/Session_2/D7_S2_EmotiBit_PPG_GREEN.csv,1051252,25116.0,988f3645a9364a3a55f46127c297c8c51af1e765cfb89a9768a84c70fd626452
raw,Raw_Dataset/D7/Session_2/D7_S2_EmotiBit_PPG_IR.csv,1102486,25116.0,e27b5e615b1cac89c4c04050eeab629d74d8e1df0e5f3410e37ea498253b2a40
raw,Raw_Dataset/D7/Session_2/D7_S2_EmotiBit_PPG_RED.csv,1077470,25116.0,9bdadab296f67d426ce36121d8bf6bb4689f6f303ea3e3f39f51317a5378ac1e
raw,Raw_Dataset/D7/Session_2/D7_S2_EmotiBit_SCR_FREQ.csv,120373,3024.0,5622a90ac9a6d12aae5db89b8faa1fbcb1ef1574aa6f441d71a4784af7ac3ded
raw,Raw_Dataset/D7/Session_2/D7_S2_EmotiBit_TEMP_CONTACT.csv,301620,7559.0,51a730169cec9c0dc23622b1bb174c12c3c955198894d88fe8daea4ba2d8d59e
raw,Raw_Dataset/D7/Session_2/D7_S2_EmotiBit_TEMP_THERMOPILE.csv,301620,7559.0,da6bf181014ce70af90d56d8fea1e00a3c18464368283bf56827777686ebbbcc
raw,Raw_Dataset/D7/Session_2/D7_S2_Front_blurred.mp4,151390713,,8a2764cc7cafb0db318a91d45b96bcf81c90c453ae50f16d5f02164b6f48d674
raw,Raw_Dataset/D7/Session_2/D7_S2_Side_blurred.mp4,165037084,,f9961a3c891c3eb13133979e7cc7cda467391058e9781ea29f3308392baff59e
raw,Raw_Dataset/D7/Session_2/D7_S2_VBOX_raw.csv,4692337,25193.0,54e6418581b6e57e8cd5665e430e1623881ef539786c192882fd1f780b3e2a05
raw,Raw_Dataset/D7/Session_3/D7_S3_EmotiBit_ACC.csv,4992969,84307.0,28b48d19c5b15c482be3a8ed5153f425b7d30ab1a1d5dcbcafd5301229a82783
raw,Raw_Dataset/D7/Session_3/D7_S3_EmotiBit_EDA.csv,2007214,50596.0,92b02f1a02bb0e1bf52cc09ff595b75eccc898b2e51b1f7c0109812c63131cb1
raw,Raw_Dataset/D7/Session_3/D7_S3_EmotiBit_EDA_LEVEL.csv,2208237,50596.0,14ec46d78b8911ab24333fc5cb3be153fd66b02e120b832ad3e43c865d6017fb
raw,Raw_Dataset/D7/Session_3/D7_S3_EmotiBit_GYRO.csv,5017219,84306.0,c02624882656d235a7fe3c1ebc8bed6e7dcf73f4c347b35928fe6f463d02ec31
raw,Raw_Dataset/D7/Session_3/D7_S3_EmotiBit_HR.csv,80459,1980.0,1e7fdefcb0e9a2787c3290b13dce45af7477774fbcaad88d67f1275cb338dda2
raw,Raw_Dataset/D7/Session_3/D7_S3_EmotiBit_IBI.csv,83410,1980.0,268f3cd380a05f43c8411961c4d81d7ce78e324fafddf35c5b1cd6696175a1b5
raw,Raw_Dataset/D7/Session_3/D7_S3_EmotiBit_MAG.csv,5138504,84305.0,b1c79b401ceb48ebeb793689026a0d667d4ba8758889bb4d7797d25c05ec3e93
raw,Raw_Dataset/D7/Session_3/D7_S3_EmotiBit_PPG_GREEN.csv,3589120,84120.0,2151cc97fe4f29441dc2358241b69bf2052c118c061ca5fbe790c247fc787dda
raw,Raw_Dataset/D7/Session_3/D7_S3_EmotiBit_PPG_IR.csv,3756677,84120.0,e468879c1c01a91411c0a607271c2166cb17d2c11e06851eafbb2163e5be1bd6
raw,Raw_Dataset/D7/Session_3/D7_S3_EmotiBit_PPG_RED.csv,3673337,84120.0,e71f148151d6eb46c62d4d67eddd52846b7548d0fb4974fa69a1086c21d04110
raw,Raw_Dataset/D7/Session_3/D7_S3_EmotiBit_SCR_FREQ.csv,404809,10120.0,8b4a330380c5e9bb78c993e107796e6174b3928e808a5ad17e78b06494443fd7
raw,Raw_Dataset/D7/Session_3/D7_S3_EmotiBit_TEMP_CONTACT.csv,1028919,25298.0,b7f14d623729b56bba632177234b2ae60838712a1c759cfb4c8ef8431449292a
raw,Raw_Dataset/D7/Session_3/D7_S3_EmotiBit_TEMP_THERMOPILE.csv,1028919,25298.0,ada25bdcdff5a889bd1b7da053ef97b31e5fc61dce8ea221811c7bf4855f761c
raw,Raw_Dataset/D7/Session_3/D7_S3_Front_blurred.mp4,459185486,,7fc076898cff9d8b4ec39f0774bf911daaff63ac941ab7ca5ce563f36d728afd
raw,Raw_Dataset/D7/Session_3/D7_S3_Side_blurred.mp4,468669768,,5fc3916a851ea9453e837b8d5bccbbfee57bec50f8443371a602b8ed3c37ae8c
raw,Raw_Dataset/D7/Session_3/D7_S3_VBOX_raw.csv,15527068,84309.0,03446d246b4dac9e47204944cbbcde18eb638ae453bad459ad79c0d591f9e832
raw,Raw_Dataset/D7/Session_4/D7_S4_EmotiBit_ACC.csv,1521372,25912.0,33c6b03ef1354daf4ab4aa03792bae92e83114631502f35c440c37ce8330feca
raw,Raw_Dataset/D7/Session_4/D7_S4_EmotiBit_EDA.csv,605574,15555.0,574ce1ef6014b0b3ebd8c3fff8f950f603aeeb3fd91672e47c99a2cf2f81343f
raw,Raw_Dataset/D7/Session_4/D7_S4_EmotiBit_EDA_LEVEL.csv,663165,15555.0,d0b21ffe032af1004375ad2a0683320654739d093a22d9cfc2bffbc8d4798835
raw,Raw_Dataset/D7/Session_4/D7_S4_EmotiBit_GYRO.csv,1523687,25910.0,42d46b1c8686539e5abeb8b6f36079dcd74e87415461032860a4ca8ef55c4b69
raw,Raw_Dataset/D7/Session_4/D7_S4_EmotiBit_HR.csv,25131,628.0,cd8583682bb2eaf370097b9da47c2a114c9679ca2df8c39f6b49433879a98c49
raw,Raw_Dataset/D7/Session_4/D7_S4_EmotiBit_IBI.csv,26134,628.0,12b404b0cb70b843e59e89a629aebf46ea15cbe9a0b2ca720f123128f9f6ba32
raw,Raw_Dataset/D7/Session_4/D7_S4_EmotiBit_MAG.csv,1562500,25912.0,b5634b07ec197899d4211cb5ee5119b73d5856ab868b234a2579e095c1ef553d
raw,Raw_Dataset/D7/Session_4/D7_S4_EmotiBit_PPG_GREEN.csv,1066648,25840.0,05dcdfbf6561f0755facf393f969b1ffb2ba872d3e4da30c45c23103aaf292b6
raw,Raw_Dataset/D7/Session_4/D7_S4_EmotiBit_PPG_IR.csv,1135165,25840.0,51587a71edcf06505ee86bebbf8015e4c57113f26e995c972610e678672feb8b
raw,Raw_Dataset/D7/Session_4/D7_S4_EmotiBit_PPG_RED.csv,1109325,25840.0,2cf8d76aaf5788876efe6d733db0f345c2ec6cf9e0485dcba23cb189b54af509
raw,Raw_Dataset/D7/Session_4/D7_S4_EmotiBit_SCR_FREQ.csv,124312,3112.0,8f21a5bb3b54215ccb5e44cea7198753392e2d2ada0983abffd590faae71e6d2
raw,Raw_Dataset/D7/Session_4/D7_S4_EmotiBit_TEMP_CONTACT.csv,310558,7777.0,c053e4a701270a7dcceb9034098ae615839080fc6ed2d0aad17412d9441c57b7
raw,Raw_Dataset/D7/Session_4/D7_S4_EmotiBit_TEMP_THERMOPILE.csv,310558,7777.0,55c73cd2933ceffe7296351a5717f1bda5b45b2068d89513cfd857aecafa0995
raw,Raw_Dataset/D7/Session_4/D7_S4_Front_blurred.mp4,175245108,,d9f5cfb3ff2662d038f8605ff034e0c796c886fc15723fa3cd1b5e8b16aeea54
raw,Raw_Dataset/D7/Session_4/D7_S4_Side_blurred.mp4,193559482,,1a92a75f66d25b1fe4cd707081ac0d724fbd40b114fd4d1901f62e29854101cb
raw,Raw_Dataset/D7/Session_4/D7_S4_VBOX_raw.csv,4830801,25921.0,3e053b026507c0edba4026bd8d39f48ecdf1f0cc73c6b74a02c82ce7532102ea
raw,Raw_Dataset/D8/Session_1/D8_S1_EmotiBit_ACC.csv,2994781,51906.0,a30dc4d5450926a7afde9eed0076e271b3a1b163b1e35eb5dd22645cf9c968c3
raw,Raw_Dataset/D8/Session_1/D8_S1_EmotiBit_EDA.csv,1238925,31158.0,3b120329e9ef6f3fe7f98851f943ad425fb9f520d3bc929ec6ba5f65954dec03
raw,Raw_Dataset/D8/Session_1/D8_S1_EmotiBit_EDA_LEVEL.csv,1385274,31158.0,de49b38bbfbcb70a19add7c2b485995a8098fc28fc87c815033b0dd910a1c00e
raw,Raw_Dataset/D8/Session_1/D8_S1_EmotiBit_GYRO.csv,3073099,51905.0,28386fdabce157bb143edb46d45e1ae7f09cb240318b01557acdb230eea64bc0
raw,Raw_Dataset/D8/Session_1/D8_S1_EmotiBit_HR.csv,111215,2728.0,4c45de8e6e75e54c3720082d400a8ff7309e012fd17a01fd7ce8978bb0c3e9ac
raw,Raw_Dataset/D8/Session_1/D8_S1_EmotiBit_IBI.csv,113502,2728.0,040274f551a825ed7932dcfdf7886d923dacf13223f7b11ca6dfd9182cbe6e63
raw,Raw_Dataset/D8/Session_1/D8_S1_EmotiBit_MAG.csv,3174499,51903.0,21ed6fc8f9fa4c27223004871700dafd5464249d27aac7647af75594b8011078
raw,Raw_Dataset/D8/Session_1/D8_S1_EmotiBit_PPG_GREEN.csv,2197155,51739.0,a16b9fcbcf42ac85de9a34142cb3a0757c472ec66589c4d8021d6d9757b163fe
raw,Raw_Dataset/D8/Session_1/D8_S1_EmotiBit_PPG_IR.csv,2300633,51739.0,c4eabf9335def4a32542f06e58b48c6d533c09505622b104df7b654397fb1659
raw,Raw_Dataset/D8/Session_1/D8_S1_EmotiBit_PPG_RED.csv,2248894,51739.0,85b4b652dbe87299609ecb5f394b272a1dd386b30b88f9d91ed4a45b091e5cb3
raw,Raw_Dataset/D8/Session_1/D8_S1_EmotiBit_SCR_FREQ.csv,246457,6232.0,5ee896daf5af1d2f78456c2fc36bee7957e46e190c5af6a767bb8de0b425fee1
raw,Raw_Dataset/D8/Session_1/D8_S1_EmotiBit_TEMP_CONTACT.csv,630441,15579.0,1a5194e680fe7829aad280a3b72f8f64d32b80c5321331ae5b69ad9f3eca0018
raw,Raw_Dataset/D8/Session_1/D8_S1_EmotiBit_TEMP_THERMOPILE.csv,630441,15579.0,a902e23e158469ad1963077834152e5826b7a1e281110de0c6912375728ff885
raw,Raw_Dataset/D8/Session_1/D8_S1_Front_blurred.mp4,284310651,,c5ab798e5cf9839e593ba02da4842fbc64a1685cf1fcf7ca44365ae2d73c8c96
raw,Raw_Dataset/D8/Session_1/D8_S1_Side_blurred.mp4,299473698,,23a42d1dbdeb08ea6e2748d249fba3ef9e97addb2ee53dbd3ea6b0d50ffc7dc1
raw,Raw_Dataset/D8/Session_1/D8_S1_VBOX_raw.csv,9208390,51677.0,6d7426018b6780a79a27d5c738cf5d76cd68c05a90f822b356b3b19a6f3a707b
raw,Raw_Dataset/D8/Session_2/D8_S2_EmotiBit_ACC.csv,1396542,24347.0,c807d2f8fd197814ca662fbbd07085baaf24fe8aaf96c3f46f3d5964741ef550
raw,Raw_Dataset/D8/Session_2/D8_S2_EmotiBit_EDA.csv,568360,14615.0,f914874d01c012cb232f42027840a3a811cc7d318298b8c23fc50440d1789f53
raw,Raw_Dataset/D8/Session_2/D8_S2_EmotiBit_EDA_LEVEL.csv,641435,14615.0,990d6f4a3438da82bcfa9eb1aec6235d4474d059bdfa663edd0887bbfc976f8e
raw,Raw_Dataset/D8/Session_2/D8_S2_EmotiBit_GYRO.csv,1425368,24348.0,923f90a60fe9eb55d3cb760965576f3b956bacc95e11f7d7d5299c092aa684f6
raw,Raw_Dataset/D8/Session_2/D8_S2_EmotiBit_HR.csv,41558,1038.0,318f154d960713f622b62838138c8a3b6f1a4964e59a743d2a904c5d4f752cfb
raw,Raw_Dataset/D8/Session_2/D8_S2_EmotiBit_IBI.csv,42706,1038.0,775eec2b6a35397ccfc3ea7c994b2c2d873e41e29d234857eb6973af6cb21089
raw,Raw_Dataset/D8/Session_2/D8_S2_EmotiBit_MAG.csv,1507064,24346.0,3fbc13ec8109c66ad57549896fa32b5a3d1206a93a96fe982190f524efb0a6c8
raw,Raw_Dataset/D8/Session_2/D8_S2_EmotiBit_PPG_GREEN.csv,1016918,24277.0,dfb5212b9c843dcf8c830df0973d790657a9f6a3cb0a500a4a27bd0760cf1c49
raw,Raw_Dataset/D8/Session_2/D8_S2_EmotiBit_PPG_IR.csv,1065472,24277.0,b5c807b52fdecc6c2372bfcd44327f9968904f7cb2ac27b2e4d3216a61e41f66
raw,Raw_Dataset/D8/Session_2/D8_S2_EmotiBit_PPG_RED.csv,1041195,24277.0,c6f0fedfe8486906e3e9c55a9da7d525406aa3e275c0b2946b24bb375bf94467
raw,Raw_Dataset/D8/Session_2/D8_S2_EmotiBit_SCR_FREQ.csv,113693,2923.0,60a85a555b071334b4aac2d5ef0ce78a0bb4d774f7fdde9c26b4379d94d14ff1
raw,Raw_Dataset/D8/Session_2/D8_S2_EmotiBit_TEMP_CONTACT.csv,291482,7307.0,77a62c7768ac704c389df12035402604a52ade0b77789fd65ebca7dd0a0336ea
raw,Raw_Dataset/D8/Session_2/D8_S2_EmotiBit_TEMP_THERMOPILE.csv,291482,7307.0,dbf8d617368df77bc88ff3eea0090bf307572de71dfb54fd0a95eadd2850d636
raw,Raw_Dataset/D8/Session_2/D8_S2_Front_blurred.mp4,139876007,,dbbdf94147693abbc92c2664f700e757820e5601a43fe8af3c9f1bc0c54b7f75
raw,Raw_Dataset/D8/Session_2/D8_S2_Side_blurred.mp4,151799506,,7234feced61e91b507f0f384c2932cbe2341d471fd8b6d8edca187478ee80b2f
raw,Raw_Dataset/D8/Session_2/D8_S2_VBOX_raw.csv,4535933,24355.0,a414abcacf7a2b654b0518dab9bf3ee9be3d6c1d898b309ed850f599a12ea236
raw,Raw_Dataset/D8/Session_3/D8_S3_EmotiBit_ACC.csv,5791596,97154.0,7ec009d4da2500b1154a9bc8b41f58c2ff743d2c6990b14d1e170443ef542157
raw,Raw_Dataset/D8/Session_3/D8_S3_EmotiBit_EDA.csv,2315499,58303.0,9cb197e53313e7a11fc464bbbfda543bdaee810ccf66cd994e27a68c1acd1257
raw,Raw_Dataset/D8/Session_3/D8_S3_EmotiBit_EDA_LEVEL.csv,2607002,58303.0,3540fbdee620c9c3faf8540ffb543d0b440fa6bcec6337cc862e95a5a88ee6d8
raw,Raw_Dataset/D8/Session_3/D8_S3_EmotiBit_GYRO.csv,5772718,97160.0,cdf23b783197d90bd099b0cf5182ae10c61d961a129cf03e70f34fab09366068
raw,Raw_Dataset/D8/Session_3/D8_S3_EmotiBit_HR.csv,140824,3456.0,e45b1ffd175d7730f920f6e3876b71e3ffb2aeb6fb4944e48b0a57e8d550d7f7
raw,Raw_Dataset/D8/Session_3/D8_S3_EmotiBit_IBI.csv,145822,3456.0,e7e54fc427ce976ab669b5e6af24d24b7d9ec10f68384e74cfc75d4870ff4097
raw,Raw_Dataset/D8/Session_3/D8_S3_EmotiBit_MAG.csv,5975026,97160.0,7cb45c2c6f0814ec6d9fef4113f47643569f390a7788e9b789f0c5eb5ba4da84
raw,Raw_Dataset/D8/Session_3/D8_S3_EmotiBit_PPG_GREEN.csv,4139747,96916.0,e8d8e132df1492ed2f2185e1cc145a6303610ee392b22ebd093a1e00c0f07407
raw,Raw_Dataset/D8/Session_3/D8_S3_EmotiBit_PPG_IR.csv,4333579,96916.0,77f0ae732b0b49fdde35502086dee4c47c2fef8e6356448c8eb24ca347759f4f
raw,Raw_Dataset/D8/Session_3/D8_S3_EmotiBit_PPG_RED.csv,4236663,96916.0,9eee7a6381fe5e27a3f9c1253a78d24cff35ef7c2d51ce3be915a916f0e86a60
raw,Raw_Dataset/D8/Session_3/D8_S3_EmotiBit_SCR_FREQ.csv,463815,11661.0,099816903b416ee6130ea43802b1663f7a6e1c41b6bd04c19b724019cbf1584a
raw,Raw_Dataset/D8/Session_3/D8_S3_EmotiBit_TEMP_CONTACT.csv,1186893,29151.0,4cb37405ff2e001eb24c078a7a4df426aaf1368a2798291769276cd85abf5d8c
raw,Raw_Dataset/D8/Session_3/D8_S3_EmotiBit_TEMP_THERMOPILE.csv,1186032,29130.0,35fece71d451967923baf77dae147a937a97298b042cf2954301a28c185a2b9f
raw,Raw_Dataset/D8/Session_3/D8_S3_Front_blurred.mp4,509529606,,7e08dae78a24819827e2d1485bbc080f2d46431d5cd4b772d83d7d1d719934d5
raw,Raw_Dataset/D8/Session_3/D8_S3_Side_blurred.mp4,536969175,,bfe92fbd0fcf8a8b68b1ed39df4bcb78983bb87338c0a4aac34c953fff2a59c5
raw,Raw_Dataset/D8/Session_3/D8_S3_VBOX_raw.csv,17800381,97177.0,1abb2819cb02280e914787ff2f8114d56995a5d1cdfde4b82634c58166222f61
raw,Raw_Dataset/D8/Session_4/D8_S4_EmotiBit_ACC.csv,1727887,30205.0,cfdbc0b97ec72b1456950043c4348fa41bd6559ed7b15053d1a899737cf8e871
raw,Raw_Dataset/D8/Session_4/D8_S4_EmotiBit_EDA.csv,708539,18129.0,27fceb0693f41f9febd095a2acd3f926198a2dc822af204fd0cda7f69c1c5266
raw,Raw_Dataset/D8/Session_4/D8_S4_EmotiBit_EDA_LEVEL.csv,798005,18129.0,8e59e93eb54208960fbea8e8d5707fa710aeab0ce244d5a86fa55c6ef76c2887
raw,Raw_Dataset/D8/Session_4/D8_S4_EmotiBit_GYRO.csv,1774786,30207.0,8177e3884867b7a39450b1cd04021a6b0eba0f9b667b33457c0bb40102574a0a
raw,Raw_Dataset/D8/Session_4/D8_S4_EmotiBit_HR.csv,53783,1337.0,030343743074e5cbc8ea37e13356371356fc0f9b613540ca90ae8580f8671423
raw,Raw_Dataset/D8/Session_4/D8_S4_EmotiBit_IBI.csv,55309,1337.0,9e8ba62676f9d0adbb7d0c4515346c81b0b7595e6de333b460b2fe77170cba9b
raw,Raw_Dataset/D8/Session_4/D8_S4_EmotiBit_MAG.csv,1816364,30205.0,7c680314f6ce53b5fbd80dc12b1f63df0906954896a929ca682e206c52cd5cb1
raw,Raw_Dataset/D8/Session_4/D8_S4_EmotiBit_PPG_GREEN.csv,1267524,30120.0,2903fddd5f738a7e3acf4b20e033770b438b75536235e485b1d0d026f2b20b87
raw,Raw_Dataset/D8/Session_4/D8_S4_EmotiBit_PPG_IR.csv,1327764,30120.0,2b1e1bcd776e1fbd02f411363c90ba2be8ee60d37964a1d91b023f3956b7ea18
raw,Raw_Dataset/D8/Session_4/D8_S4_EmotiBit_PPG_RED.csv,1297649,30120.0,aab71388520b375065d85895f0ca8876393525f691b8431bb09f8cb31e9efb22
raw,Raw_Dataset/D8/Session_4/D8_S4_EmotiBit_SCR_FREQ.csv,142234,3626.0,50529a9090fef6af41a91f820eabb335d12bb11246e850c2402923599799e8b0
raw,Raw_Dataset/D8/Session_4/D8_S4_EmotiBit_TEMP_CONTACT.csv,363367,9065.0,3fa3072ad8c6c35479ae86372c2748e329c89a994c7caa0bfe3d074ffad41ac6
raw,Raw_Dataset/D8/Session_4/D8_S4_EmotiBit_TEMP_THERMOPILE.csv,363406,9066.0,b371be7ee281695f3c777f8f08105d20d8d4472b1606200677ffcb9f73d375f8
raw,Raw_Dataset/D8/Session_4/D8_S4_Front_blurred.mp4,169514130,,55eea0886db03ce7b946ba1557436cbed4c6fc2cf64481d6872cc8eff9375ed5
raw,Raw_Dataset/D8/Session_4/D8_S4_Side_blurred.mp4,187384214,,a7a1f80c00493433229a1b5d5256ee0c81c7b3d0dcd74cbc1a212c850b7af8c8
raw,Raw_Dataset/D8/Session_4/D8_S4_VBOX_raw.csv,5591017,30130.0,e58fad59805e044b8ee757a3aee6ecaaee9774253878fb6cfb8a5e6206da957f
raw,Raw_Dataset/D9/Session_1/D9_S1_EmotiBit_ACC.csv,4673055,79843.0,749c642c6cbcced45431b0e13f6bda4de5eb17d7fdbc436d5a71958f353fe31b
raw,Raw_Dataset/D9/Session_1/D9_S1_EmotiBit_EDA.csv,1952550,47928.0,f453045a0b48ca9b11e4873dc6ec8d5ff9e54203af5c77a8d0daa023096d4a13
raw,Raw_Dataset/D9/Session_1/D9_S1_EmotiBit_EDA_LEVEL.csv,2135976,47928.0,d9e4ec897e201a54e86581f67b99fcfdf1a03cab188f802023223f71b5bfe1a6
raw,Raw_Dataset/D9/Session_1/D9_S1_EmotiBit_GYRO.csv,4756169,79840.0,94796d71d4cd704a1d840de84389e52ffe6b8b3f2bff83eaa142b8e1c6e6fdc2
raw,Raw_Dataset/D9/Session_1/D9_S1_EmotiBit_HR.csv,170127,4140.0,30c30b9aa93b0ca9b23c204b51c83e807a0af8d1e622c7a5d46a6a29da9c6099
raw,Raw_Dataset/D9/Session_1/D9_S1_EmotiBit_IBI.csv,173166,4140.0,f95326c485134175b3c034e66900b807db38fdf42b796ef7f1c402d9bc474b4c
raw,Raw_Dataset/D9/Session_1/D9_S1_EmotiBit_MAG.csv,4890687,79839.0,6bcc6f3d9125684519681b07d938fc61ce54629ad045abfcc25e06f653d39c3d
raw,Raw_Dataset/D9/Session_1/D9_S1_EmotiBit_PPG_GREEN.csv,3394788,79591.0,d64f058adf1a2b9af940253045c1d963c2e4cb2343c5aee2a2adae167b8d9059
raw,Raw_Dataset/D9/Session_1/D9_S1_EmotiBit_PPG_IR.csv,3553909,79591.0,ec8adf960a65dc09cc3ac8954e5ba61a4cc8b2dbeb2baf4479472b1c4a693a03
raw,Raw_Dataset/D9/Session_1/D9_S1_EmotiBit_PPG_RED.csv,3474379,79591.0,9ab77a9536536bfc6284320166c1649c55de281d2166178be28a00d465f06eff
raw,Raw_Dataset/D9/Session_1/D9_S1_EmotiBit_SCR_FREQ.csv,381726,9586.0,d57801894361250a8f1f8b83976f530268b54faa6cbc56d4fda622e5c61fdff8
raw,Raw_Dataset/D9/Session_1/D9_S1_EmotiBit_TEMP_CONTACT.csv,974225,23964.0,bf9a3ad52dad57ac11dabdd1a317764c9ba73daa755fc055394395531a67936d
raw,Raw_Dataset/D9/Session_1/D9_S1_EmotiBit_TEMP_THERMOPILE.csv,974225,23964.0,6429a8e72d0db6aea34d9a44e4d15aec163c74ca0eb8bec7f530b0c31bb2cc2a
raw,Raw_Dataset/D9/Session_1/D9_S1_Front_blurred.mp4,381313795,,2547481ecf99cd1b152d6a7994bd957d6d154471b5aea24b7b7803e37a7ab4df
raw,Raw_Dataset/D9/Session_1/D9_S1_Side_blurred.mp4,398950724,,c502b24ed33949e395099d13aa0445d01867803cd59923b763c9e39121c26271
raw,Raw_Dataset/D9/Session_1/D9_S1_VBOX_raw.csv,14690236,79869.0,f5e24b2a0aa7561ae7f82f9d0b87c6fcf37fd3396af505378e865696f007193b
raw,Raw_Dataset/D9/Session_2/D9_S2_EmotiBit_ACC.csv,1605888,28003.0,a2812ba61ee8a0b5983e42d2371ca41e31a508759e6ddd836f025c31383c1423
raw,Raw_Dataset/D9/Session_2/D9_S2_EmotiBit_EDA.csv,707776,16810.0,95e211436bd6345804d2de37aa16fadd4ea67d6672c0ab4b11aa8a4f6fa90fd0
raw,Raw_Dataset/D9/Session_2/D9_S2_EmotiBit_EDA_LEVEL.csv,738643,16810.0,0f47ee730ebfaa88460d22995221337328a016759767f1663e2e94f4be6957a2
raw,Raw_Dataset/D9/Session_2/D9_S2_EmotiBit_GYRO.csv,1651351,28004.0,65c350c2e28151695a64453939f2950f927692156c414f5d197642bfa4cff8e5
raw,Raw_Dataset/D9/Session_2/D9_S2_EmotiBit_HR.csv,30314,755.0,ab0aee93748feffeabf83dc47376aeb0694c2a7b40e40255130c1421db86478c
raw,Raw_Dataset/D9/Session_2/D9_S2_EmotiBit_IBI.csv,31370,755.0,dd4ad7dc319dae673368df714e2ade3006d527f98b973a2d97a75cde8b32fde7
raw,Raw_Dataset/D9/Session_2/D9_S2_EmotiBit_MAG.csv,1722050,28001.0,7dfc971fcd689309b2a78eba525d793e0d8c9ed0f8d4e3b1d95b3f302040aa3f
raw,Raw_Dataset/D9/Session_2/D9_S2_EmotiBit_PPG_GREEN.csv,1173094,27924.0,c25f45629aa9be1f3be56f0ea20c7c587b7f016d727f5eb3abb33f5372c8095f
raw,Raw_Dataset/D9/Session_2/D9_S2_EmotiBit_PPG_IR.csv,1228790,27924.0,31e2297b514e85cc76e5cc8b0bd9277abc6637057347e68fa7e7ee0e5c0a410f
raw,Raw_Dataset/D9/Session_2/D9_S2_EmotiBit_PPG_RED.csv,1201021,27924.0,d71d1de5d18d6415dd5960bc1db368d00afb13b35bb9fa91b99b8ff01f9163da
raw,Raw_Dataset/D9/Session_2/D9_S2_EmotiBit_SCR_FREQ.csv,131309,3362.0,d4d55f1b292291343fd6eca53f59a3af144a63314c489b126fdc16b1919c362e
raw,Raw_Dataset/D9/Session_2/D9_S2_EmotiBit_TEMP_CONTACT.csv,336266,8404.0,5aeb553da6ab40a95c3045846200affadbf29c4a12a5085da225683042adbf28
raw,Raw_Dataset/D9/Session_2/D9_S2_EmotiBit_TEMP_THERMOPILE.csv,336306,8405.0,c11293b6f3686e5c7a2051da3d873d0c183b4d0bde41842917d41450cefa3f75
raw,Raw_Dataset/D9/Session_2/D9_S2_Front_blurred.mp4,168396260,,428de40b68a0d2a9289a2f5101bf8db6597cda8a6427ddb2f8d849678c7f77de
raw,Raw_Dataset/D9/Session_2/D9_S2_Side_blurred.mp4,171252860,,2495aa3b5e4db49564fbdbb08add9951e5bda2b7c69c8bba83d6160f5f522627
raw,Raw_Dataset/D9/Session_2/D9_S2_VBOX_raw.csv,5201867,27992.0,c7f596837f6112eb1bee150c9cca7539df91ee7c01d3096dc3b11e7cad3accb9
raw,Raw_Dataset/D9/Session_3/D9_S3_EmotiBit_ACC.csv,2920134,50418.0,fbd3f3431f478e427fd22ecddc838f859ccff82fc6f6b6f37b3ce001c53be3fb
raw,Raw_Dataset/D9/Session_3/D9_S3_EmotiBit_EDA.csv,1193737,30259.0,0a3c7c9044cf6d72746ee9a62de4b2a06ce257b93ac591bd6fff303ac149d2eb
raw,Raw_Dataset/D9/Session_3/D9_S3_EmotiBit_EDA_LEVEL.csv,1342313,30259.0,e1dff569bf411761171736c20654c016b81cd93c49260d9d8b3847258611b56f
raw,Raw_Dataset/D9/Session_3/D9_S3_EmotiBit_GYRO.csv,2994074,50417.0,85c6fdb1ff74ea0c4fb65f70dd4ea4dbde7e3ab11a389d1ee5ff19e940b06cd9
raw,Raw_Dataset/D9/Session_3/D9_S3_EmotiBit_HR.csv,96946,2393.0,6dafcab6ddf0c046519e97a932d36e9c1e9fb3936ac186ff869f6cbe2d03bc43
raw,Raw_Dataset/D9/Session_3/D9_S3_EmotiBit_IBI.csv,99573,2393.0,4e87ac267d1432b6d98fe6d0736c1c3ffdbf453e9c57a1040a29cdea874e7782
raw,Raw_Dataset/D9/Session_3/D9_S3_EmotiBit_MAG.csv,3088750,50417.0,b013c13c2f38d276075642c3627578dbf8f3c1c9e1a7dfa41156822b65d21083
raw,Raw_Dataset/D9/Session_3/D9_S3_EmotiBit_PPG_GREEN.csv,2134482,50282.0,780d9c7369820c6bb439f73a8cdc0a6450c091e942a47f705723e02b0ae1b3a3
raw,Raw_Dataset/D9/Session_3/D9_S3_EmotiBit_PPG_IR.csv,2235046,50282.0,ae4f52a7b443cdd85eda7cabb7382a36da2dff07f4267145828b5b8c5b7804c4
raw,Raw_Dataset/D9/Session_3/D9_S3_EmotiBit_PPG_RED.csv,2184764,50282.0,83353e3aab45e91ff0607efbd62f910c0be0a91f2cbbb46f7cdaa88557540fe3
raw,Raw_Dataset/D9/Session_3/D9_S3_EmotiBit_SCR_FREQ.csv,240595,6052.0,9fb8d587739c9b875f1c7b2b5839bcca461b9c6df67085a3d4dd3049ec76f80b
raw,Raw_Dataset/D9/Session_3/D9_S3_EmotiBit_TEMP_CONTACT.csv,611991,15129.0,165ae57f3efb72fb6e8a3f226b1bd21757f5b8e26d45f3b4d253d361f14bcdb2
raw,Raw_Dataset/D9/Session_3/D9_S3_EmotiBit_TEMP_THERMOPILE.csv,611991,15129.0,1a4c83e4f6cbb32df2af78635e0857873620fa1a9220f8c24a7123628092c17f
raw,Raw_Dataset/D9/Session_3/D9_S3_Front_blurred.mp4,272491050,,0ebb21681029e83ad762561ec616bfb71d6fe842888de2ad18ca36de543d5227
raw,Raw_Dataset/D9/Session_3/D9_S3_Side_blurred.mp4,264108477,,ecafbe96791e086c568e5c8658225779b08b88ab8bdabfb0586f77bab403661e
raw,Raw_Dataset/D9/Session_3/D9_S3_VBOX_raw.csv,9331918,50426.0,243649502838debdfc9bdf21a3de375b72a64328c1e3deefa3238272aeb0de03
raw,Raw_Dataset/D9/Session_4/D9_S4_EmotiBit_ACC.csv,1635572,28224.0,f0800af46fdedab3c78bf6cac7b4e07b499eca1d4547dbf6d0e3b61ca010eaea
raw,Raw_Dataset/D9/Session_4/D9_S4_EmotiBit_EDA.csv,709894,16943.0,7951c78271d1d0acce368323c04968bf4fbb7d520354baaf5cd9d23f349b3921
raw,Raw_Dataset/D9/Session_4/D9_S4_EmotiBit_EDA_LEVEL.csv,745811,16943.0,4fc23d8ec4cc5f52427d145559ff5b00d45e1f83bb9c16c382a42552f8bde7b8
raw,Raw_Dataset/D9/Session_4/D9_S4_EmotiBit_GYRO.csv,1665542,28227.0,6dae1dca9f79259b51222a0709d5d0bb3869888611e0cefec790269e843d2c1e
raw,Raw_Dataset/D9/Session_4/D9_S4_EmotiBit_HR.csv,42847,1067.0,51721ce3aa9d38a12f011eb4c13b2a40e43a823c24a74af1f086334f9a59f47e
raw,Raw_Dataset/D9/Session_4/D9_S4_EmotiBit_IBI.csv,44090,1067.0,e650ab02d049bb72f335980d6086b0dfb5b29a8d66e6693be0a9255844be6ad2
raw,Raw_Dataset/D9/Session_4/D9_S4_EmotiBit_MAG.csv,1700236,28225.0,9fc7503a404d3e47959c452b7a4826d5ee8f89631d352238311822d5a300e678
raw,Raw_Dataset/D9/Session_4/D9_S4_EmotiBit_PPG_GREEN.csv,1182769,28149.0,b53313bfc60083cb945230bb0ac7f658b957fe9bc30f25ce8a17b546aaa22b99
raw,Raw_Dataset/D9/Session_4/D9_S4_EmotiBit_PPG_IR.csv,1239067,28149.0,3879ebe6d59791da3f10289e34fb759659034f44566f1cda8d2799de38316223
raw,Raw_Dataset/D9/Session_4/D9_S4_EmotiBit_PPG_RED.csv,1210918,28149.0,fb7baf82b2244422133e91ab909917df7534024916f07a1f2ea7bc3a8044073d
raw,Raw_Dataset/D9/Session_4/D9_S4_EmotiBit_SCR_FREQ.csv,132547,3389.0,96a24cc7071077c89e00fe5f2534c5fa5b38c554b0a57f5ef33a3caea4af0139
raw,Raw_Dataset/D9/Session_4/D9_S4_EmotiBit_TEMP_CONTACT.csv,339013,8471.0,f88a6fe7afc1ce9abbe8d46aa28afdb40df2f04d49492a531c31900c3e0325a4
raw,Raw_Dataset/D9/Session_4/D9_S4_EmotiBit_TEMP_THERMOPILE.csv,339053,8472.0,b228584a3f2055b7aac88f15014e8d8293bbbd14b1a3a47fee35ac41f28c96b3
raw,Raw_Dataset/D9/Session_4/D9_S4_Front_blurred.mp4,185161225,,6ccfac64027db56e5263b63bffb60494e79f7e08b74f862768d127fe67d7f56a
raw,Raw_Dataset/D9/Session_4/D9_S4_Side_blurred.mp4,189978588,,9ec3f6a68a49b62320a095f0b7f46cb98fb251c8d5b007116abcf04810b6cc72
raw,Raw_Dataset/D9/Session_4/D9_S4_VBOX_raw.csv,5055681,28234.0,7db54e8c4ef90bd2294b34dbddcda68f0987ca865114802eafcd4d9ac84a8cee
release,README_v3_VIDEO_ALIGNED.md,1855,,b3c4c5c1747e74cff2f2e335ddec5b85035fbc836726bfa1cf1f18366f592d0a
release,scr_events_native.csv,1322937,26256.0,a826f03c3ad641519b8346b7e15d5fcdb17ef0029cb6b463d5a563c62a33066e
